id,score,ranked_changes,best_recommendation,best_feature,best_gain,best_direction,supported_features,feedback_sentence,message
overall_rating-00000,5.594889163970947,"[{""feature"": ""word_count"", ""current_value"": 14.0, ""suggested_value"": 2.0, ""direction"": ""decrease"", ""coupled_feature_updates"": {""word_count"": 2.0, ""char_count"": 10.0, ""text_block_count"": 1.0, ""text_area_frac"": 0.0023347612693081716, ""background_area_frac"": 0.7481158024592639, ""text_share"": 0.009269185173597805, ""text_to_graphic_ratio"": 0.009355906806251878}, ""predicted_score"": 6.408766269683838, ""gain"": 0.8138771057128906}, {""feature"": ""graphic_area_frac"", ""current_value"": 0.2495494362714279, ""suggested_value"": 0.14488246548566117, ""direction"": ""decrease"", ""coupled_feature_updates"": {""graphic_area_frac"": 0.14488246548566117, ""background_area_frac"": 0.8387742056291816, ""text_share"": 0.10136919435836454, ""text_to_graphic_ratio"": 0.11280405003029632}, ""predicted_score"": 6.1608686447143555, ""gain"": 0.5659794807434082}, {""feature"": ""text_area_frac"", ""current_value"": 0.0163433288851572, ""suggested_value"": 0.0011603461371527204, ""direction"": ""decrease"", ""coupled_feature_updates"": {""text_area_frac"": 0.0011603461371527204, ""background_area_frac"": 0.7492902175914193, ""text_share"": 0.004628244362885329, ""text_to_graphic_ratio"": 0.00464976460972905}, ""predicted_score"": 5.958313941955566, ""gain"": 0.36342477798461914}]","{""feature"": ""word_count"", ""current_value"": 14.0, ""suggested_value"": 2.0, ""direction"": ""decrease"", ""coupled_feature_updates"": {""word_count"": 2.0, ""char_count"": 10.0, ""text_block_count"": 1.0, ""text_area_frac"": 0.0023347612693081716, ""background_area_frac"": 0.7481158024592639, ""text_share"": 0.009269185173597805, ""text_to_graphic_ratio"": 0.009355906806251878}, ""predicted_score"": 6.408766269683838, ""gain"": 0.8138771057128906}",word_count,0.8138771057128906,decrease,"['text_area_frac', 'graphic_area_frac', 'word_count', 'mean_text_height_frac']",The model suggests decreasing the amount of text as the most promising change for this poster.,Largest estimated gain among tested feature-group changes; not a causal diagnosis.
overall_rating-00001,5.91370153427124,"[{""feature"": ""graphic_area_frac"", ""current_value"": 0.1840149456521739, ""suggested_value"": 0.14488246548566117, ""direction"": ""decrease"", ""coupled_feature_updates"": {""graphic_area_frac"": 0.14488246548566117, ""background_area_frac"": 0.8050988524491215, ""text_share"": 0.2566361598879763, ""text_to_graphic_ratio"": 0.34523627063875156}, ""predicted_score"": 5.990871906280518, ""gain"": 0.07717037200927734}, {""feature"": ""text_area_frac"", ""current_value"": 0.0500186820652173, ""suggested_value"": 0.04722671508789056, ""direction"": ""decrease"", ""coupled_feature_updates"": {""text_area_frac"": 0.04722671508789056, ""background_area_frac"": 0.7687583392599355, ""text_share"": 0.20423099772223766, ""text_to_graphic_ratio"": 0.2566460833956322}, ""predicted_score"": 5.922824382781982, ""gain"": 0.009122848510742188}, {""feature"": ""mean_text_height_frac"", ""current_value"": 0.067138671875, ""suggested_value"": 0.07097372555865916, ""direction"": ""increase"", ""coupled_feature_updates"": {""text_area_frac"": 0.05287581828118431, ""background_area_frac"": 0.7631092360666418, ""text_share"": 0.22320759747332006, ""text_to_graphic_ratio"": 0.28734523760439806, ""mean_text_height_frac"": 0.07097372555865916, ""max_text_height_frac"": 0.07845822752666322, ""text_height_std_frac"": 0.008366932532596133}, ""predicted_score"": 5.811594486236572, ""gain"": -0.10210704803466797}]","{""feature"": ""graphic_area_frac"", ""current_value"": 0.1840149456521739, ""suggested_value"": 0.14488246548566117, ""direction"": ""decrease"", ""coupled_feature_updates"": {""graphic_area_frac"": 0.14488246548566117, ""background_area_frac"": 0.8050988524491215, ""text_share"": 0.2566361598879763, ""text_to_graphic_ratio"": 0.34523627063875156}, ""predicted_score"": 5.990871906280518, ""gain"": 0.07717037200927734}",graphic_area_frac,0.07717037200927734,decrease,"['text_area_frac', 'graphic_area_frac', 'word_count', 'mean_text_height_frac']",The model suggests decreasing graphic coverage as the most promising change for this poster.,Largest estimated gain among tested feature-group changes; not a causal diagnosis.
overall_rating-00002,6.268612384796143,"[{""feature"": ""graphic_area_frac"", ""current_value"": 0.2253314545892169, ""suggested_value"": 0.14488246548566117, ""direction"": ""decrease"", ""coupled_feature_updates"": {""graphic_area_frac"": 0.14488246548566117, ""background_area_frac"": 0.825097326314724, ""text_share"": 0.17163950422869967, ""text_to_graphic_ratio"": 0.20720387452673397}, ""predicted_score"": 6.503313064575195, ""gain"": 0.23470067977905273}, {""feature"": ""mean_text_height_frac"", ""current_value"": 0.0472005208333333, ""suggested_value"": 0.00997266006842618, ""direction"": ""decrease"", ""coupled_feature_updates"": {""text_area_frac"": 0.00634275483135588, ""background_area_frac"": 0.7683257905794272, ""text_share"": 0.0273779064455184, ""text_to_graphic_ratio"": 0.028148554949502413, ""mean_text_height_frac"": 0.00997266006842618, ""max_text_height_frac"": 0.012792515673981176, ""text_height_std_frac"": 0.003420919551723327}, ""predicted_score"": 6.406454563140869, ""gain"": 0.13784217834472656}, {""feature"": ""text_area_frac"", ""current_value"": 0.0300202081996148, ""suggested_value"": 0.0011603461371527204, ""direction"": ""decrease"", ""coupled_feature_updates"": {""text_area_frac"": 0.0011603461371527204, ""background_area_frac"": 0.7735081992736303, ""text_share"": 0.005123126459463155, ""text_to_graphic_ratio"": 0.00514950804035793}, ""predicted_score"": 6.310242176055908, ""gain"": 0.041629791259765625}]","{""feature"": ""graphic_area_frac"", ""current_value"": 0.2253314545892169, ""suggested_value"": 0.14488246548566117, ""direction"": ""decrease"", ""coupled_feature_updates"": {""graphic_area_frac"": 0.14488246548566117, ""background_area_frac"": 0.825097326314724, ""text_share"": 0.17163950422869967, ""text_to_graphic_ratio"": 0.20720387452673397}, ""predicted_score"": 6.503313064575195, ""gain"": 0.23470067977905273}",graphic_area_frac,0.23470067977905273,decrease,"['text_area_frac', 'graphic_area_frac', 'word_count', 'mean_text_height_frac']",The model suggests decreasing graphic coverage as the most promising change for this poster.,Largest estimated gain among tested feature-group changes; not a causal diagnosis.
overall_rating-00003,4.617603778839111,"[{""feature"": ""graphic_area_frac"", ""current_value"": 0.3415421875, ""suggested_value"": 0.14488246548566117, ""direction"": ""decrease"", ""coupled_feature_updates"": {""graphic_area_frac"": 0.14488246548566117, ""background_area_frac"": 0.8263065970143388, ""text_share"": 0.16587237629501922, ""text_to_graphic_ratio"": 0.19885731101705598}, ""predicted_score"": 5.7768874168396, ""gain"": 1.1592836380004883}, {""feature"": ""text_area_frac"", ""current_value"": 0.0288109375, ""suggested_value"": 0.0011603461371527204, ""direction"": ""decrease"", ""coupled_feature_updates"": {""text_area_frac"": 0.0011603461371527204, ""background_area_frac"": 0.6572974663628472, ""text_share"": 0.003385869736175555, ""text_to_graphic_ratio"": 0.0033973727979145197}, ""predicted_score"": 5.170993328094482, ""gain"": 0.5533895492553711}, {""feature"": ""word_count"", ""current_value"": 6.0, ""suggested_value"": 1.0, ""direction"": ""decrease"", ""coupled_feature_updates"": {""word_count"": 1.0, ""char_count"": 8.0, ""text_block_count"": 1.0, ""text_area_frac"": 0.004801822916666667, ""background_area_frac"": 0.6536559895833334, ""text_share"": 0.013864316322057566, ""text_to_graphic_ratio"": 0.014059238045568433}, ""predicted_score"": 5.121697902679443, ""gain"": 0.504094123840332}]","{""feature"": ""graphic_area_frac"", ""current_value"": 0.3415421875, ""suggested_value"": 0.14488246548566117, ""direction"": ""decrease"", ""coupled_feature_updates"": {""graphic_area_frac"": 0.14488246548566117, ""background_area_frac"": 0.8263065970143388, ""text_share"": 0.16587237629501922, ""text_to_graphic_ratio"": 0.19885731101705598}, ""predicted_score"": 5.7768874168396, ""gain"": 1.1592836380004883}",graphic_area_frac,1.1592836380004883,decrease,"['text_area_frac', 'graphic_area_frac', 'word_count', 'mean_text_height_frac']",The model suggests decreasing graphic coverage as the most promising change for this poster.,Largest estimated gain among tested feature-group changes; not a causal diagnosis.
overall_rating-00004,5.550015926361084,"[{""feature"": ""mean_text_height_frac"", ""current_value"": 0.037769214527027, ""suggested_value"": 0.05371093750000003, ""direction"": ""increase"", ""coupled_feature_updates"": {""text_area_frac"": 0.4757220577876307, ""background_area_frac"": 0.29671089375837245, ""text_share"": 0.676424607697802, ""text_to_graphic_ratio"": 2.0904698681971032, ""mean_text_height_frac"": 0.05371093750000003, ""max_text_height_frac"": 0.22358913674877734, ""text_height_std_frac"": 0.06440760317656521}, ""predicted_score"": 5.734500408172607, ""gain"": 0.18448448181152344}, {""feature"": ""graphic_area_frac"", ""current_value"": 0.2275670484539969, ""suggested_value"": 0.20141025119357633, ""direction"": ""decrease"", ""coupled_feature_updates"": {""graphic_area_frac"": 0.20141025119357633, ""background_area_frac"": 0.4640648030107978, ""text_share"": 0.6241891700245352, ""text_to_graphic_ratio"": 1.6609132048304356}, ""predicted_score"": 5.558439254760742, ""gain"": 0.008423328399658203}, {""feature"": ""text_area_frac"", ""current_value"": 0.3345249457956259, ""suggested_value"": 0.0011603461371527204, ""direction"": ""decrease"", ""coupled_feature_updates"": {""text_area_frac"": 0.0011603461371527204, ""background_area_frac"": 0.7712726054088503, ""text_share"": 0.0050730527457230916, ""text_to_graphic_ratio"": 0.005098919834992221}, ""predicted_score"": 5.24342155456543, ""gain"": -0.3065943717956543}]","{""feature"": ""mean_text_height_frac"", ""current_value"": 0.037769214527027, ""suggested_value"": 0.05371093750000003, ""direction"": ""increase"", ""coupled_feature_updates"": {""text_area_frac"": 0.4757220577876307, ""background_area_frac"": 0.29671089375837245, ""text_share"": 0.676424607697802, ""text_to_graphic_ratio"": 2.0904698681971032, ""mean_text_height_frac"": 0.05371093750000003, ""max_text_height_frac"": 0.22358913674877734, ""text_height_std_frac"": 0.06440760317656521}, ""predicted_score"": 5.734500408172607, ""gain"": 0.18448448181152344}",mean_text_height_frac,0.18448448181152344,increase,"['text_area_frac', 'graphic_area_frac', 'word_count', 'mean_text_height_frac']",The model suggests increasing text size as the most promising change for this poster.,Largest estimated gain among tested feature-group changes; not a causal diagnosis.
overall_rating-00005,6.488512992858887,"[{""feature"": ""text_area_frac"", ""current_value"": 0.0296424720080763, ""suggested_value"": 0.021592610713670142, ""direction"": ""decrease"", ""coupled_feature_updates"": {""text_area_frac"": 0.021592610713670142, ""background_area_frac"": 0.9078396350645972, ""text_share"": 0.2342938933543163, ""text_to_graphic_ratio"": 0.3059840992788783}, ""predicted_score"": 6.501420021057129, ""gain"": 0.012907028198242188}, {""feature"": ""graphic_area_frac"", ""current_value"": 0.0705677542217327, ""suggested_value"": 0.14488246548566117, ""direction"": ""increase"", ""coupled_feature_updates"": {""graphic_area_frac"": 0.14488246548566117, ""background_area_frac"": 0.8254750625062625, ""text_share"": 0.169846627271475, ""text_to_graphic_ratio"": 0.20459668399976239}, ""predicted_score"": 6.47450590133667, ""gain"": -0.014007091522216797}, {""feature"": ""mean_text_height_frac"", ""current_value"": 0.035888671875, ""suggested_value"": 0.034326171875000006, ""direction"": ""decrease"", ""coupled_feature_updates"": {""text_area_frac"": 0.028351915403643048, ""background_area_frac"": 0.9010803303746243, ""text_share"": 0.28661554886926116, ""text_to_graphic_ratio"": 0.4017687074829927, ""mean_text_height_frac"": 0.034326171875000006, ""max_text_height_frac"": 0.0354937287414966, ""text_height_std_frac"": 0.0007744696095143993}, ""predicted_score"": 6.4601640701293945, ""gain"": -0.028348922729492188}]","{""feature"": ""text_area_frac"", ""current_value"": 0.0296424720080763, ""suggested_value"": 0.021592610713670142, ""direction"": ""decrease"", ""coupled_feature_updates"": {""text_area_frac"": 0.021592610713670142, ""background_area_frac"": 0.9078396350645972, ""text_share"": 0.2342938933543163, ""text_to_graphic_ratio"": 0.3059840992788783}, ""predicted_score"": 6.501420021057129, ""gain"": 0.012907028198242188}",text_area_frac,0.012907028198242188,decrease,"['text_area_frac', 'graphic_area_frac', 'word_count', 'mean_text_height_frac']",The model suggests decreasing text coverage as the most promising change for this poster.,Largest estimated gain among tested feature-group changes; not a causal diagnosis.
overall_rating-00006,6.25326681137085,"[{""feature"": ""graphic_area_frac"", ""current_value"": 0.9460833260182584, ""suggested_value"": 0.14488246548566117, ""direction"": ""decrease"", ""coupled_feature_updates"": {""graphic_area_frac"": 0.14488246548566117, ""background_area_frac"": 0.8551175345143388}, ""predicted_score"": 6.255179405212402, ""gain"": 0.0019125938415527344}]","{""feature"": ""graphic_area_frac"", ""current_value"": 0.9460833260182584, ""suggested_value"": 0.14488246548566117, ""direction"": ""decrease"", ""coupled_feature_updates"": {""graphic_area_frac"": 0.14488246548566117, ""background_area_frac"": 0.8551175345143388}, ""predicted_score"": 6.255179405212402, ""gain"": 0.0019125938415527344}",graphic_area_frac,0.0019125938415527344,decrease,"['text_area_frac', 'graphic_area_frac', 'word_count', 'mean_text_height_frac']",The model suggests decreasing graphic coverage as the most promising change for this poster.,Largest estimated gain among tested feature-group changes; not a causal diagnosis.
overall_rating-00007,6.021712779998779,"[{""feature"": ""word_count"", ""current_value"": 8.0, ""suggested_value"": 1.0, ""direction"": ""decrease"", ""coupled_feature_updates"": {""word_count"": 1.0, ""char_count"": 3.0, ""text_block_count"": 1.0, ""text_area_frac"": 0.004302222539113425, ""background_area_frac"": 0.41473221561277707, ""text_share"": 0.007350861697637885, ""text_to_graphic_ratio"": 0.007405297011801569}, ""predicted_score"": 6.479518890380859, ""gain"": 0.4578061103820801}, {""feature"": ""graphic_area_frac"", ""current_value"": 0.5809655618481095, ""suggested_value"": 0.14488246548566117, ""direction"": ""decrease"", ""coupled_feature_updates"": {""graphic_area_frac"": 0.14488246548566117, ""background_area_frac"": 0.8206997542014314, ""text_share"": 0.19195612454192282, ""text_to_graphic_ratio"": 0.23755656143436962}, ""predicted_score"": 6.402334213256836, ""gain"": 0.38062143325805664}, {""feature"": ""mean_text_height_frac"", ""current_value"": 0.0335693359375, ""suggested_value"": 0.00997266006842618, ""direction"": ""decrease"", ""coupled_feature_updates"": {""text_area_frac"": 0.010224712934728316, ""background_area_frac"": 0.4088097252171622, ""text_share"": 0.01729513046960078, ""text_to_graphic_ratio"": 0.01759951640197481, ""mean_text_height_frac"": 0.00997266006842618, ""max_text_height_frac"": 0.011604549897805008, ""text_height_std_frac"": 0.0027057578842517396}, ""predicted_score"": 6.212106704711914, ""gain"": 0.19039392471313477}]","{""feature"": ""word_count"", ""current_value"": 8.0, ""suggested_value"": 1.0, ""direction"": ""decrease"", ""coupled_feature_updates"": {""word_count"": 1.0, ""char_count"": 3.0, ""text_block_count"": 1.0, ""text_area_frac"": 0.004302222539113425, ""background_area_frac"": 0.41473221561277707, ""text_share"": 0.007350861697637885, ""text_to_graphic_ratio"": 0.007405297011801569}, ""predicted_score"": 6.479518890380859, ""gain"": 0.4578061103820801}",word_count,0.4578061103820801,decrease,"['text_area_frac', 'graphic_area_frac', 'word_count', 'mean_text_height_frac']",The model suggests decreasing the amount of text as the most promising change for this poster.,Largest estimated gain among tested feature-group changes; not a causal diagnosis.
overall_rating-00008,5.126012802124023,"[{""feature"": ""graphic_area_frac"", ""current_value"": 0.6770443713803089, ""suggested_value"": 0.14488246548566117, ""direction"": ""decrease"", ""coupled_feature_updates"": {""graphic_area_frac"": 0.14488246548566117, ""background_area_frac"": 0.8551175345143388}, ""predicted_score"": 5.3819756507873535, ""gain"": 0.2559628486633301}]","{""feature"": ""graphic_area_frac"", ""current_value"": 0.6770443713803089, ""suggested_value"": 0.14488246548566117, ""direction"": ""decrease"", ""coupled_feature_updates"": {""graphic_area_frac"": 0.14488246548566117, ""background_area_frac"": 0.8551175345143388}, ""predicted_score"": 5.3819756507873535, ""gain"": 0.2559628486633301}",graphic_area_frac,0.2559628486633301,decrease,"['text_area_frac', 'graphic_area_frac', 'word_count', 'mean_text_height_frac']",The model suggests decreasing graphic coverage as the most promising change for this poster.,Largest estimated gain among tested feature-group changes; not a causal diagnosis.
overall_rating-00009,6.238766193389893,"[{""feature"": ""word_count"", ""current_value"": 6.0, ""suggested_value"": 1.0, ""direction"": ""decrease"", ""coupled_feature_updates"": {""word_count"": 1.0, ""char_count"": 6.0, ""text_block_count"": 1.0, ""text_area_frac"": 0.00121158584024895, ""background_area_frac"": 0.9111692816390042, ""text_share"": 0.013639266490283604, ""text_to_graphic_ratio"": 0.013827868473384691}, ""predicted_score"": 6.4830322265625, ""gain"": 0.24426603317260742}, {""feature"": ""graphic_area_frac"", ""current_value"": 0.0876191325207468, ""suggested_value"": 0.14488246548566117, ""direction"": ""increase"", ""coupled_feature_updates"": {""graphic_area_frac"": 0.14488246548566117, ""background_area_frac"": 0.8478480194728452, ""text_share"": 0.047777984987821404, ""text_to_graphic_ratio"": 0.050175257696820144}, ""predicted_score"": 6.36445426940918, ""gain"": 0.1256880760192871}, {""feature"": ""text_area_frac"", ""current_value"": 0.0072695150414937, ""suggested_value"": 0.0011603461371527204, ""direction"": ""decrease"", ""coupled_feature_updates"": {""text_area_frac"": 0.0011603461371527204, ""background_area_frac"": 0.9112205213421004, ""text_share"": 0.01306998142694628, ""text_to_graphic_ratio"": 0.013243068080798098}, ""predicted_score"": 6.344399452209473, ""gain"": 0.10563325881958008}]","{""feature"": ""word_count"", ""current_value"": 6.0, ""suggested_value"": 1.0, ""direction"": ""decrease"", ""coupled_feature_updates"": {""word_count"": 1.0, ""char_count"": 6.0, ""text_block_count"": 1.0, ""text_area_frac"": 0.00121158584024895, ""background_area_frac"": 0.9111692816390042, ""text_share"": 0.013639266490283604, ""text_to_graphic_ratio"": 0.013827868473384691}, ""predicted_score"": 6.4830322265625, ""gain"": 0.24426603317260742}",word_count,0.24426603317260742,decrease,"['text_area_frac', 'graphic_area_frac', 'word_count', 'mean_text_height_frac']",The model suggests decreasing the amount of text as the most promising change for this poster.,Largest estimated gain among tested feature-group changes; not a causal diagnosis.
overall_rating-00010,6.878325939178467,"[{""feature"": ""word_count"", ""current_value"": 10.0, ""suggested_value"": 2.0, ""direction"": ""decrease"", ""coupled_feature_updates"": {""word_count"": 2.0, ""char_count"": 10.0, ""text_area_frac"": 0.00154964717741934, ""background_area_frac"": 0.49796900201612904, ""text_share"": 0.003086755964557245, ""text_to_graphic_ratio"": 0.00309631352881044}, ""predicted_score"": 6.9033098220825195, ""gain"": 0.024983882904052734}, {""feature"": ""graphic_area_frac"", ""current_value"": 0.5004813508064516, ""suggested_value"": 0.14488246548566117, ""direction"": ""decrease"", ""coupled_feature_updates"": {""graphic_area_frac"": 0.14488246548566117, ""background_area_frac"": 0.8473692986272421, ""text_share"": 0.05076459596535429, ""text_to_graphic_ratio"": 0.05347945909895862}, ""predicted_score"": 6.880128860473633, ""gain"": 0.0018029212951660156}, {""feature"": ""text_area_frac"", ""current_value"": 0.0077482358870967, ""suggested_value"": 0.00529463026258678, ""direction"": ""decrease"", ""coupled_feature_updates"": {""text_area_frac"": 0.00529463026258678, ""background_area_frac"": 0.4942240189309616, ""text_share"": 0.010468330764532812, ""text_to_graphic_ratio"": 0.0105790760316149}, ""predicted_score"": 6.879621982574463, ""gain"": 0.0012960433959960938}]","{""feature"": ""word_count"", ""current_value"": 10.0, ""suggested_value"": 2.0, ""direction"": ""decrease"", ""coupled_feature_updates"": {""word_count"": 2.0, ""char_count"": 10.0, ""text_area_frac"": 0.00154964717741934, ""background_area_frac"": 0.49796900201612904, ""text_share"": 0.003086755964557245, ""text_to_graphic_ratio"": 0.00309631352881044}, ""predicted_score"": 6.9033098220825195, ""gain"": 0.024983882904052734}",word_count,0.024983882904052734,decrease,"['text_area_frac', 'graphic_area_frac', 'word_count', 'mean_text_height_frac']",The model suggests decreasing the amount of text as the most promising change for this poster.,Largest estimated gain among tested feature-group changes; not a causal diagnosis.
overall_rating-00011,6.884548664093018,"[{""feature"": ""graphic_area_frac"", ""current_value"": 0.5947214762369791, ""suggested_value"": 0.584478586189439, ""direction"": ""decrease"", ""coupled_feature_updates"": {""graphic_area_frac"": 0.584478586189439, ""background_area_frac"": 0.4144456691816547, ""text_share"": 0.0018371388824035952, ""text_to_graphic_ratio"": 0.0018405201735783242}, ""predicted_score"": 6.888835906982422, ""gain"": 0.004287242889404297}, {""feature"": ""text_area_frac"", ""current_value"": 0.0010757446289062, ""suggested_value"": 0.0011603461371527204, ""direction"": ""increase"", ""coupled_feature_updates"": {""text_area_frac"": 0.0011603461371527204, ""background_area_frac"": 0.4041181776258681, ""text_share"": 0.001947275606645679, ""text_to_graphic_ratio"": 0.0019510748871802242}, ""predicted_score"": 6.884603023529053, ""gain"": 5.435943603515625e-05}, {""feature"": ""mean_text_height_frac"", ""current_value"": 0.01171875, ""suggested_value"": 0.0123654277510124, ""direction"": ""increase"", ""coupled_feature_updates"": {""text_area_frac"": 0.0011351076255811635, ""background_area_frac"": 0.40414341613743976, ""text_share"": 0.0019050013985294596, ""text_to_graphic_ratio"": 0.0019086373553607071, ""mean_text_height_frac"": 0.0123654277510124, ""max_text_height_frac"": 0.0123654277510124}, ""predicted_score"": 6.884368419647217, ""gain"": -0.00018024444580078125}]","{""feature"": ""graphic_area_frac"", ""current_value"": 0.5947214762369791, ""suggested_value"": 0.584478586189439, ""direction"": ""decrease"", ""coupled_feature_updates"": {""graphic_area_frac"": 0.584478586189439, ""background_area_frac"": 0.4144456691816547, ""text_share"": 0.0018371388824035952, ""text_to_graphic_ratio"": 0.0018405201735783242}, ""predicted_score"": 6.888835906982422, ""gain"": 0.004287242889404297}",graphic_area_frac,0.004287242889404297,decrease,"['text_area_frac', 'graphic_area_frac', 'word_count', 'mean_text_height_frac']",The model suggests decreasing graphic coverage as the most promising change for this poster.,Largest estimated gain among tested feature-group changes; not a causal diagnosis.
overall_rating-00012,6.103477478027344,"[{""feature"": ""graphic_area_frac"", ""current_value"": 0.4533641289406158, ""suggested_value"": 0.14488246548566117, ""direction"": ""decrease"", ""coupled_feature_updates"": {""graphic_area_frac"": 0.14488246548566117, ""background_area_frac"": 0.839223335467418, ""text_share"": 0.09885886794037689, ""text_to_graphic_ratio"": 0.10970409009566329}, ""predicted_score"": 6.430404186248779, ""gain"": 0.32692670822143555}, {""feature"": ""text_area_frac"", ""current_value"": 0.0158941990469208, ""suggested_value"": 0.0011603461371527204, ""direction"": ""decrease"", ""coupled_feature_updates"": {""text_area_frac"": 0.0011603461371527204, ""background_area_frac"": 0.5454755249222314, ""text_share"": 0.0025528793294446617, ""text_to_graphic_ratio"": 0.002559413202504844}, ""predicted_score"": 6.127699375152588, ""gain"": 0.02422189712524414}, {""feature"": ""mean_text_height_frac"", ""current_value"": 0.0185546875, ""suggested_value"": 0.0182004182235054, ""direction"": ""decrease"", ""coupled_feature_updates"": {""text_area_frac"": 0.01559072714006094, ""background_area_frac"": 0.5310451439193233, ""text_share"": 0.0332456886583104, ""text_to_graphic_ratio"": 0.03438897377366859, ""mean_text_height_frac"": 0.0182004182235054, ""max_text_height_frac"": 0.061306671910755034, ""text_height_std_frac"": 0.016763543100597078}, ""predicted_score"": 6.028907775878906, ""gain"": -0.0745697021484375}]","{""feature"": ""graphic_area_frac"", ""current_value"": 0.4533641289406158, ""suggested_value"": 0.14488246548566117, ""direction"": ""decrease"", ""coupled_feature_updates"": {""graphic_area_frac"": 0.14488246548566117, ""background_area_frac"": 0.839223335467418, ""text_share"": 0.09885886794037689, ""text_to_graphic_ratio"": 0.10970409009566329}, ""predicted_score"": 6.430404186248779, ""gain"": 0.32692670822143555}",graphic_area_frac,0.32692670822143555,decrease,"['text_area_frac', 'graphic_area_frac', 'word_count', 'mean_text_height_frac']",The model suggests decreasing graphic coverage as the most promising change for this poster.,Largest estimated gain among tested feature-group changes; not a causal diagnosis.
overall_rating-00013,5.132562160491943,"[{""feature"": ""mean_text_height_frac"", ""current_value"": 0.0510602678571428, ""suggested_value"": 0.00997266006842618, ""direction"": ""decrease"", ""coupled_feature_updates"": {""text_area_frac"": 0.013047103493583921, ""background_area_frac"": 0.28622503021206647, ""text_share"": 0.01827901516000244, ""text_to_graphic_ratio"": 0.01861935869994832, ""mean_text_height_frac"": 0.00997266006842618, ""max_text_height_frac"": 0.020217797187902276, ""text_height_std_frac"": 0.004682801729255203}, ""predicted_score"": 5.873234272003174, ""gain"": 0.7406721115112305}, {""feature"": ""graphic_area_frac"", ""current_value"": 0.7007278662943496, ""suggested_value"": 0.14488246548566117, ""direction"": ""decrease"", ""coupled_feature_updates"": {""graphic_area_frac"": 0.14488246548566117, ""background_area_frac"": 0.7883160397705806, ""text_share"": 0.3155718301535927, ""text_to_graphic_ratio"": 0.4610737021890993}, ""predicted_score"": 5.8214192390441895, ""gain"": 0.6888570785522461}, {""feature"": ""word_count"", ""current_value"": 7.0, ""suggested_value"": 1.0, ""direction"": ""decrease"", ""coupled_feature_updates"": {""word_count"": 1.0, ""char_count"": 4.0, ""text_block_count"": 1.0, ""text_area_frac"": 0.009543070677679741, ""background_area_frac"": 0.28972906302797063, ""text_share"": 0.013435817490101738, ""text_to_graphic_ratio"": 0.013618797163221497}, ""predicted_score"": 5.64804220199585, ""gain"": 0.5154800415039062}]","{""feature"": ""mean_text_height_frac"", ""current_value"": 0.0510602678571428, ""suggested_value"": 0.00997266006842618, ""direction"": ""decrease"", ""coupled_feature_updates"": {""text_area_frac"": 0.013047103493583921, ""background_area_frac"": 0.28622503021206647, ""text_share"": 0.01827901516000244, ""text_to_graphic_ratio"": 0.01861935869994832, ""mean_text_height_frac"": 0.00997266006842618, ""max_text_height_frac"": 0.020217797187902276, ""text_height_std_frac"": 0.004682801729255203}, ""predicted_score"": 5.873234272003174, ""gain"": 0.7406721115112305}",mean_text_height_frac,0.7406721115112305,decrease,"['text_area_frac', 'graphic_area_frac', 'word_count', 'mean_text_height_frac']",The model suggests decreasing text size as the most promising change for this poster.,Largest estimated gain among tested feature-group changes; not a causal diagnosis.
overall_rating-00014,5.875909328460693,"[{""feature"": ""word_count"", ""current_value"": 12.0, ""suggested_value"": 1.0, ""direction"": ""decrease"", ""coupled_feature_updates"": {""word_count"": 1.0, ""char_count"": 4.0, ""text_block_count"": 1.0, ""text_area_frac"": 0.0021589022910855414, ""background_area_frac"": 0.45993766979747797, ""text_share"": 0.003997505788407717, ""text_to_graphic_ratio"": 0.004013549977675538}, ""predicted_score"": 6.182812213897705, ""gain"": 0.3069028854370117}, {""feature"": ""graphic_area_frac"", ""current_value"": 0.5379034279114365, ""suggested_value"": 0.14488246548566117, ""direction"": ""decrease"", ""coupled_feature_updates"": {""graphic_area_frac"": 0.14488246548566117, ""background_area_frac"": 0.8292107070213123, ""text_share"": 0.15168882686492144, ""text_to_graphic_ratio"": 0.1788127183381654}, ""predicted_score"": 6.158017158508301, ""gain"": 0.2821078300476074}, {""feature"": ""text_area_frac"", ""current_value"": 0.0259068274930265, ""suggested_value"": 0.00529463026258678, ""direction"": ""decrease"", ""coupled_feature_updates"": {""text_area_frac"": 0.00529463026258678, ""background_area_frac"": 0.45680194182597667, ""text_share"": 0.009747145047581429, ""text_to_graphic_ratio"": 0.009843087044722308}, ""predicted_score"": 6.05405330657959, ""gain"": 0.17814397811889648}]","{""feature"": ""word_count"", ""current_value"": 12.0, ""suggested_value"": 1.0, ""direction"": ""decrease"", ""coupled_feature_updates"": {""word_count"": 1.0, ""char_count"": 4.0, ""text_block_count"": 1.0, ""text_area_frac"": 0.0021589022910855414, ""background_area_frac"": 0.45993766979747797, ""text_share"": 0.003997505788407717, ""text_to_graphic_ratio"": 0.004013549977675538}, ""predicted_score"": 6.182812213897705, ""gain"": 0.3069028854370117}",word_count,0.3069028854370117,decrease,"['text_area_frac', 'graphic_area_frac', 'word_count', 'mean_text_height_frac']",The model suggests decreasing the amount of text as the most promising change for this poster.,Largest estimated gain among tested feature-group changes; not a causal diagnosis.
overall_rating-00015,6.199252605438232,"[{""feature"": ""text_area_frac"", ""current_value"": 0.0062026977539062, ""suggested_value"": 0.00529463026258678, ""direction"": ""decrease"", ""coupled_feature_updates"": {""text_area_frac"": 0.00529463026258678, ""background_area_frac"": 0.32246034410264757, ""text_share"": 0.00781449501368953, ""text_to_graphic_ratio"": 0.007876042307025388}, ""predicted_score"": 6.202390670776367, ""gain"": 0.0031380653381347656}, {""feature"": ""graphic_area_frac"", ""current_value"": 0.6722450256347656, ""suggested_value"": 0.6731167127402558, ""direction"": ""increase"", ""coupled_feature_updates"": {""graphic_area_frac"": 0.6731167127402558, ""background_area_frac"": 0.320680589505838, ""text_share"": 0.00913075301262793, ""text_to_graphic_ratio"": 0.00921489191473948}, ""predicted_score"": 6.1992268562316895, ""gain"": -2.574920654296875e-05}, {""feature"": ""mean_text_height_frac"", ""current_value"": 0.0325520833333333, ""suggested_value"": 0.0317639802631578, ""direction"": ""decrease"", ""coupled_feature_updates"": {""text_area_frac"": 0.006052527176706353, ""background_area_frac"": 0.32170244718852803, ""text_share"": 0.008923115160329363, ""text_to_graphic_ratio"": 0.00900345401736706, ""mean_text_height_frac"": 0.0317639802631578, ""max_text_height_frac"": 0.059716282894736655, ""text_height_std_frac"": 0.01979246889624061}, ""predicted_score"": 6.173051834106445, ""gain"": -0.02620077133178711}]","{""feature"": ""text_area_frac"", ""current_value"": 0.0062026977539062, ""suggested_value"": 0.00529463026258678, ""direction"": ""decrease"", ""coupled_feature_updates"": {""text_area_frac"": 0.00529463026258678, ""background_area_frac"": 0.32246034410264757, ""text_share"": 0.00781449501368953, ""text_to_graphic_ratio"": 0.007876042307025388}, ""predicted_score"": 6.202390670776367, ""gain"": 0.0031380653381347656}",text_area_frac,0.0031380653381347656,decrease,"['text_area_frac', 'graphic_area_frac', 'word_count', 'mean_text_height_frac']",The model suggests decreasing text coverage as the most promising change for this poster.,Largest estimated gain among tested feature-group changes; not a causal diagnosis.
overall_rating-00016,6.175826072692871,"[{""feature"": ""graphic_area_frac"", ""current_value"": 0.7362097537878788, ""suggested_value"": 0.14488246548566117, ""direction"": ""decrease"", ""coupled_feature_updates"": {""graphic_area_frac"": 0.14488246548566117, ""background_area_frac"": 0.8551175345143388}, ""predicted_score"": 6.342800140380859, ""gain"": 0.16697406768798828}]","{""feature"": ""graphic_area_frac"", ""current_value"": 0.7362097537878788, ""suggested_value"": 0.14488246548566117, ""direction"": ""decrease"", ""coupled_feature_updates"": {""graphic_area_frac"": 0.14488246548566117, ""background_area_frac"": 0.8551175345143388}, ""predicted_score"": 6.342800140380859, ""gain"": 0.16697406768798828}",graphic_area_frac,0.16697406768798828,decrease,"['text_area_frac', 'graphic_area_frac', 'word_count', 'mean_text_height_frac']",The model suggests decreasing graphic coverage as the most promising change for this poster.,Largest estimated gain among tested feature-group changes; not a causal diagnosis.
overall_rating-00017,6.135652542114258,"[{""feature"": ""graphic_area_frac"", ""current_value"": 0.2658254673753665, ""suggested_value"": 0.14488246548566117, ""direction"": ""decrease"", ""coupled_feature_updates"": {""graphic_area_frac"": 0.14488246548566117, ""background_area_frac"": 0.8534622467577406, ""text_share"": 0.011295981547237472, ""text_to_graphic_ratio"": 0.011425038572124669}, ""predicted_score"": 6.442532539367676, ""gain"": 0.30687999725341797}, {""feature"": ""mean_text_height_frac"", ""current_value"": 0.01904296875, ""suggested_value"": 0.01905924479166666, ""direction"": ""increase"", ""coupled_feature_updates"": {""text_area_frac"": 0.0016567025324585396, ""text_share"": 0.006193693333015218, ""text_to_graphic_ratio"": 0.006232294252375545, ""mean_text_height_frac"": 0.01905924479166666, ""max_text_height_frac"": 0.027367120726495713, ""text_height_std_frac"": 0.008307875934829055}, ""predicted_score"": 6.135607719421387, ""gain"": -4.482269287109375e-05}, {""feature"": ""text_area_frac"", ""current_value"": 0.0016552877565982, ""suggested_value"": 0.0011603461371527204, ""direction"": ""decrease"", ""coupled_feature_updates"": {""text_area_frac"": 0.0011603461371527204, ""background_area_frac"": 0.7330141864874807, ""text_share"": 0.004346096602987899, ""text_to_graphic_ratio"": 0.004365067608492983}, ""predicted_score"": 6.1027021408081055, ""gain"": -0.032950401306152344}]","{""feature"": ""graphic_area_frac"", ""current_value"": 0.2658254673753665, ""suggested_value"": 0.14488246548566117, ""direction"": ""decrease"", ""coupled_feature_updates"": {""graphic_area_frac"": 0.14488246548566117, ""background_area_frac"": 0.8534622467577406, ""text_share"": 0.011295981547237472, ""text_to_graphic_ratio"": 0.011425038572124669}, ""predicted_score"": 6.442532539367676, ""gain"": 0.30687999725341797}",graphic_area_frac,0.30687999725341797,decrease,"['text_area_frac', 'graphic_area_frac', 'word_count', 'mean_text_height_frac']",The model suggests decreasing graphic coverage as the most promising change for this poster.,Largest estimated gain among tested feature-group changes; not a causal diagnosis.
overall_rating-00018,7.4157023429870605,"[{""feature"": ""mean_text_height_frac"", ""current_value"": 0.0181206597222222, ""suggested_value"": 0.0182004182235054, ""direction"": ""increase"", ""coupled_feature_updates"": {""text_area_frac"": 0.016183576276789374, ""background_area_frac"": 0.8478516650004193, ""text_share"": 0.10636709417052759, ""text_to_graphic_ratio"": 0.11902772769070916, ""mean_text_height_frac"": 0.0182004182235054, ""max_text_height_frac"": 0.032368408457371926, ""text_height_std_frac"": 0.009488542328499461}, ""predicted_score"": 7.415537357330322, ""gain"": -0.00016498565673828125}, {""feature"": ""text_area_frac"", ""current_value"": 0.0161126560499359, ""suggested_value"": 0.0153322131052141, ""direction"": ""decrease"", ""coupled_feature_updates"": {""text_area_frac"": 0.0153322131052141, ""background_area_frac"": 0.8487030281719945, ""text_share"": 0.10133853255598388, ""text_to_graphic_ratio"": 0.11276608180855041}, ""predicted_score"": 7.350707530975342, ""gain"": -0.06499481201171875}, {""feature"": ""graphic_area_frac"", ""current_value"": 0.1359647587227913, ""suggested_value"": 0.14488246548566117, ""direction"": ""increase"", ""coupled_feature_updates"": {""graphic_area_frac"": 0.14488246548566117, ""background_area_frac"": 0.8390048784644029, ""text_share"": 0.10008164158174995, ""text_to_graphic_ratio"": 0.11121191233131347}, ""predicted_score"": 7.2939229011535645, ""gain"": -0.1217794418334961}]",null,,,,"['text_area_frac', 'graphic_area_frac', 'word_count', 'mean_text_height_frac']",The model found no tested layout change likely to improve this poster’s score.,No tested feature-group change improved the model's predicted score.
overall_rating-00019,6.678836822509766,"[{""feature"": ""mean_text_height_frac"", ""current_value"": 0.029296875, ""suggested_value"": 0.0123654277510124, ""direction"": ""decrease"", ""coupled_feature_updates"": {""text_area_frac"": 0.0017764568513823885, ""background_area_frac"": 0.400539318702003, ""text_share"": 0.0029634251366342686, ""text_to_graphic_ratio"": 0.002972233126994742, ""mean_text_height_frac"": 0.0123654277510124, ""max_text_height_frac"": 0.012777608676046145, ""text_height_std_frac"": 0.00041218092503374665}, ""predicted_score"": 6.813072204589844, ""gain"": 0.13423538208007812}, {""feature"": ""graphic_area_frac"", ""current_value"": 0.5976842244466146, ""suggested_value"": 0.584478586189439, ""direction"": ""decrease"", ""coupled_feature_updates"": {""graphic_area_frac"": 0.584478586189439, ""background_area_frac"": 0.41131253116082145, ""text_share"": 0.0071496046247407205, ""text_to_graphic_ratio"": 0.007201089568019404}, ""predicted_score"": 6.687809467315674, ""gain"": 0.008972644805908203}, {""feature"": ""text_area_frac"", ""current_value"": 0.0042088826497395, ""suggested_value"": 0.0011603461371527204, ""direction"": ""decrease"", ""coupled_feature_updates"": {""text_area_frac"": 0.0011603461371527204, ""background_area_frac"": 0.4011554294162326, ""text_share"": 0.0019376415753783799, ""text_to_graphic_ratio"": 0.00194140331916417}, ""predicted_score"": 6.676052570343018, ""gain"": -0.002784252166748047}]","{""feature"": ""mean_text_height_frac"", ""current_value"": 0.029296875, ""suggested_value"": 0.0123654277510124, ""direction"": ""decrease"", ""coupled_feature_updates"": {""text_area_frac"": 0.0017764568513823885, ""background_area_frac"": 0.400539318702003, ""text_share"": 0.0029634251366342686, ""text_to_graphic_ratio"": 0.002972233126994742, ""mean_text_height_frac"": 0.0123654277510124, ""max_text_height_frac"": 0.012777608676046145, ""text_height_std_frac"": 0.00041218092503374665}, ""predicted_score"": 6.813072204589844, ""gain"": 0.13423538208007812}",mean_text_height_frac,0.13423538208007812,decrease,"['text_area_frac', 'graphic_area_frac', 'word_count', 'mean_text_height_frac']",The model suggests decreasing text size as the most promising change for this poster.,Largest estimated gain among tested feature-group changes; not a causal diagnosis.
overall_rating-00020,6.215699672698975,"[{""feature"": ""mean_text_height_frac"", ""current_value"": 0.0674486803519061, ""suggested_value"": 0.022314453124999998, ""direction"": ""decrease"", ""coupled_feature_updates"": {""text_area_frac"": 0.02733202009908872, ""background_area_frac"": 0.8582900150830638, ""text_share"": 0.19287293069087175, ""text_to_graphic_ratio"": 0.23896228738303132, ""mean_text_height_frac"": 0.022314453124999998, ""max_text_height_frac"": 0.02878241055253624, ""text_height_std_frac"": 0.004951262601061549}, ""predicted_score"": 6.430751323699951, ""gain"": 0.21505165100097656}, {""feature"": ""text_area_frac"", ""current_value"": 0.082615006368672, ""suggested_value"": 0.0011603461371527204, ""direction"": ""decrease"", ""coupled_feature_updates"": {""text_area_frac"": 0.0011603461371527204, ""background_area_frac"": 0.8844616890449998, ""text_share"": 0.010042955687699565, ""text_to_graphic_ratio"": 0.010144839864921783}, ""predicted_score"": 6.412698745727539, ""gain"": 0.19699907302856445}, {""feature"": ""word_count"", ""current_value"": 5.0, ""suggested_value"": 2.0, ""direction"": ""decrease"", ""coupled_feature_updates"": {""word_count"": 2.0, ""char_count"": 8.0, ""text_block_count"": 1.0, ""text_area_frac"": 0.033046002547468804, ""background_area_frac"": 0.8525760326346837, ""text_share"": 0.22415624228576672, ""text_to_graphic_ratio"": 0.28891930889045087}, ""predicted_score"": 6.388715744018555, ""gain"": 0.17301607131958008}]","{""feature"": ""mean_text_height_frac"", ""current_value"": 0.0674486803519061, ""suggested_value"": 0.022314453124999998, ""direction"": ""decrease"", ""coupled_feature_updates"": {""text_area_frac"": 0.02733202009908872, ""background_area_frac"": 0.8582900150830638, ""text_share"": 0.19287293069087175, ""text_to_graphic_ratio"": 0.23896228738303132, ""mean_text_height_frac"": 0.022314453124999998, ""max_text_height_frac"": 0.02878241055253624, ""text_height_std_frac"": 0.004951262601061549}, ""predicted_score"": 6.430751323699951, ""gain"": 0.21505165100097656}",mean_text_height_frac,0.21505165100097656,decrease,"['text_area_frac', 'graphic_area_frac', 'word_count', 'mean_text_height_frac']",The model suggests decreasing text size as the most promising change for this poster.,Largest estimated gain among tested feature-group changes; not a causal diagnosis.
overall_rating-00021,6.474071979522705,"[{""feature"": ""graphic_area_frac"", ""current_value"": 0.2282504830309139, ""suggested_value"": 0.20141025119357633, ""direction"": ""decrease"", ""coupled_feature_updates"": {""graphic_area_frac"": 0.20141025119357633, ""background_area_frac"": 0.4379166032251064, ""text_share"": 0.6416719434354005, ""text_to_graphic_ratio"": 1.7907387704644315}, ""predicted_score"": 6.471773147583008, ""gain"": -0.0022988319396972656}, {""feature"": ""word_count"", ""current_value"": 8.0, ""suggested_value"": 9.0, ""direction"": ""increase"", ""coupled_feature_updates"": {""word_count"": 9.0, ""char_count"": 46.0, ""text_block_count"": 6.0, ""text_area_frac"": 0.4057572887789818, ""background_area_frac"": 0.36599222819010435, ""text_share"": 0.6399878784145981, ""text_to_graphic_ratio"": 1.7776842501753947}, ""predicted_score"": 6.330987930297852, ""gain"": -0.14308404922485352}, {""feature"": ""mean_text_height_frac"", ""current_value"": 0.089111328125, ""suggested_value"": 0.07097372555865916, ""direction"": ""decrease"", ""coupled_feature_updates"": {""text_area_frac"": 0.28726220772917843, ""background_area_frac"": 0.4844873092399077, ""text_share"": 0.5572359572867696, ""text_to_graphic_ratio"": 1.2585393201129484, ""mean_text_height_frac"": 0.07097372555865916, ""max_text_height_frac"": 0.13300281721129553, ""text_height_std_frac"": 0.0264156780693497}, ""predicted_score"": 5.855733871459961, ""gain"": -0.6183381080627441}]",null,,,,"['text_area_frac', 'graphic_area_frac', 'word_count', 'mean_text_height_frac']",The model found no tested layout change likely to improve this poster’s score.,No tested feature-group change improved the model's predicted score.
overall_rating-00022,6.1908111572265625,"[{""feature"": ""graphic_area_frac"", ""current_value"": 0.6128731557001467, ""suggested_value"": 0.6125476270191077, ""direction"": ""decrease"", ""coupled_feature_updates"": {""graphic_area_frac"": 0.6125476270191077, ""background_area_frac"": 0.2495408420974613, ""text_share"": 0.18376953553192754, ""text_to_graphic_ratio"": 0.22514417622440486}, ""predicted_score"": 6.190820693969727, ""gain"": 9.5367431640625e-06}, {""feature"": ""mean_text_height_frac"", ""current_value"": 0.0212890625, ""suggested_value"": 0.02085774739583332, ""direction"": ""decrease"", ""coupled_feature_updates"": {""text_area_frac"": 0.13511745170268863, ""background_area_frac"": 0.2520093925971647, ""text_share"": 0.180640572709652, ""text_to_graphic_ratio"": 0.2204656060491512, ""mean_text_height_frac"": 0.02085774739583332, ""max_text_height_frac"": 0.06219053122610852, ""text_height_std_frac"": 0.010092074264419161}, ""predicted_score"": 6.188443660736084, ""gain"": -0.0023674964904785156}, {""feature"": ""text_area_frac"", ""current_value"": 0.137911530883431, ""suggested_value"": 0.1191662747948016, ""direction"": ""decrease"", ""coupled_feature_updates"": {""text_area_frac"": 0.1191662747948016, ""background_area_frac"": 0.26796056950505176, ""text_share"": 0.16278668857254125, ""text_to_graphic_ratio"": 0.19443872469608492}, ""predicted_score"": 6.056885719299316, ""gain"": -0.1339254379272461}]","{""feature"": ""graphic_area_frac"", ""current_value"": 0.6128731557001467, ""suggested_value"": 0.6125476270191077, ""direction"": ""decrease"", ""coupled_feature_updates"": {""graphic_area_frac"": 0.6125476270191077, ""background_area_frac"": 0.2495408420974613, ""text_share"": 0.18376953553192754, ""text_to_graphic_ratio"": 0.22514417622440486}, ""predicted_score"": 6.190820693969727, ""gain"": 9.5367431640625e-06}",graphic_area_frac,9.5367431640625e-06,decrease,"['text_area_frac', 'graphic_area_frac', 'word_count', 'mean_text_height_frac']",The model suggests decreasing graphic coverage as the most promising change for this poster.,Largest estimated gain among tested feature-group changes; not a causal diagnosis.
overall_rating-00023,6.513820648193359,"[{""feature"": ""graphic_area_frac"", ""current_value"": 0.681964884124677, ""suggested_value"": 0.14488246548566117, ""direction"": ""decrease"", ""coupled_feature_updates"": {""graphic_area_frac"": 0.14488246548566117, ""background_area_frac"": 0.8517437255673104, ""text_share"": 0.02275660143180083, ""text_to_graphic_ratio"": 0.02328652356735537}, ""predicted_score"": 6.658911228179932, ""gain"": 0.14509057998657227}, {""feature"": ""word_count"", ""current_value"": 3.0, ""suggested_value"": 2.0, ""direction"": ""decrease"", ""coupled_feature_updates"": {""word_count"": 2.0, ""char_count"": 9.0, ""text_block_count"": 1.0, ""text_area_frac"": 0.0022492059646856, ""background_area_frac"": 0.3157859099106374, ""text_share"": 0.0032872839031886053, ""text_to_graphic_ratio"": 0.0032981257789725126}, ""predicted_score"": 6.628764629364014, ""gain"": 0.1149439811706543}, {""feature"": ""mean_text_height_frac"", ""current_value"": 0.0143229166666666, ""suggested_value"": 0.00997266006842618, ""direction"": ""decrease"", ""coupled_feature_updates"": {""text_area_frac"": 0.0023490920562871335, ""background_area_frac"": 0.3156860238190359, ""text_share"": 0.0034327693691089036, ""text_to_graphic_ratio"": 0.0034445938654191345, ""mean_text_height_frac"": 0.00997266006842618, ""max_text_height_frac"": 0.012239173720341277, ""text_height_std_frac"": 0.0023113994677878566}, ""predicted_score"": 6.604907512664795, ""gain"": 0.09108686447143555}]","{""feature"": ""graphic_area_frac"", ""current_value"": 0.681964884124677, ""suggested_value"": 0.14488246548566117, ""direction"": ""decrease"", ""coupled_feature_updates"": {""graphic_area_frac"": 0.14488246548566117, ""background_area_frac"": 0.8517437255673104, ""text_share"": 0.02275660143180083, ""text_to_graphic_ratio"": 0.02328652356735537}, ""predicted_score"": 6.658911228179932, ""gain"": 0.14509057998657227}",graphic_area_frac,0.14509057998657227,decrease,"['text_area_frac', 'graphic_area_frac', 'word_count', 'mean_text_height_frac']",The model suggests decreasing graphic coverage as the most promising change for this poster.,Largest estimated gain among tested feature-group changes; not a causal diagnosis.
overall_rating-00024,5.4939422607421875,"[{""feature"": ""word_count"", ""current_value"": 18.0, ""suggested_value"": 1.0, ""direction"": ""decrease"", ""coupled_feature_updates"": {""word_count"": 1.0, ""char_count"": 5.0, ""text_block_count"": 1.0, ""text_area_frac"": 0.0030422144572919835, ""background_area_frac"": 0.3873057492287576, ""text_share"": 0.004965306029006358, ""text_to_graphic_ratio"": 0.004990083319799402}, ""predicted_score"": 6.222625255584717, ""gain"": 0.7286829948425293}, {""feature"": ""graphic_area_frac"", ""current_value"": 0.6096520363139504, ""suggested_value"": 0.14488246548566117, ""direction"": ""decrease"", ""coupled_feature_updates"": {""graphic_area_frac"": 0.14488246548566117, ""background_area_frac"": 0.8003576742830831, ""text_share"": 0.2742898332536084, ""text_to_graphic_ratio"": 0.3779605768558323}, ""predicted_score"": 5.866109848022461, ""gain"": 0.37216758728027344}, {""feature"": ""text_area_frac"", ""current_value"": 0.0547598602312557, ""suggested_value"": 0.00529463026258678, ""direction"": ""decrease"", ""coupled_feature_updates"": {""text_area_frac"": 0.00529463026258678, ""background_area_frac"": 0.3850533334234628, ""text_share"": 0.008609901557906571, ""text_to_graphic_ratio"": 0.008684675761273474}, ""predicted_score"": 5.7943291664123535, ""gain"": 0.300386905670166}]","{""feature"": ""word_count"", ""current_value"": 18.0, ""suggested_value"": 1.0, ""direction"": ""decrease"", ""coupled_feature_updates"": {""word_count"": 1.0, ""char_count"": 5.0, ""text_block_count"": 1.0, ""text_area_frac"": 0.0030422144572919835, ""background_area_frac"": 0.3873057492287576, ""text_share"": 0.004965306029006358, ""text_to_graphic_ratio"": 0.004990083319799402}, ""predicted_score"": 6.222625255584717, ""gain"": 0.7286829948425293}",word_count,0.7286829948425293,decrease,"['text_area_frac', 'graphic_area_frac', 'word_count', 'mean_text_height_frac']",The model suggests decreasing the amount of text as the most promising change for this poster.,Largest estimated gain among tested feature-group changes; not a causal diagnosis.
overall_rating-00025,6.205630779266357,"[{""feature"": ""word_count"", ""current_value"": 18.0, ""suggested_value"": 1.0, ""direction"": ""decrease"", ""coupled_feature_updates"": {""word_count"": 1.0, ""char_count"": 6.0, ""text_block_count"": 1.0, ""text_area_frac"": 0.0014449184720311777, ""background_area_frac"": 0.9246023004069235, ""text_share"": 0.019163959641069206, ""text_to_graphic_ratio"": 0.019538392608469277}, ""predicted_score"": 6.397493362426758, ""gain"": 0.1918625831604004}, {""feature"": ""graphic_area_frac"", ""current_value"": 0.0739527811210453, ""suggested_value"": 0.14488246548566117, ""direction"": ""increase"", ""coupled_feature_updates"": {""graphic_area_frac"": 0.14488246548566117, ""background_area_frac"": 0.8291090020177776, ""text_share"": 0.1521936954178642, ""text_to_graphic_ratio"": 0.17951470117089657}, ""predicted_score"": 6.389817714691162, ""gain"": 0.1841869354248047}, {""feature"": ""mean_text_height_frac"", ""current_value"": 0.0141059027777777, ""suggested_value"": 0.022314453124999998, ""direction"": ""increase"", ""coupled_feature_updates"": {""text_area_frac"": 0.04114349775321415, ""background_area_frac"": 0.8849037211257406, ""text_share"": 0.35747026885345845, ""text_to_graphic_ratio"": 0.5563482147597778, ""mean_text_height_frac"": 0.022314453124999998, ""max_text_height_frac"": 0.02935208834134631, ""text_height_std_frac"": 0.006332452751489844}, ""predicted_score"": 6.308617115020752, ""gain"": 0.10298633575439453}]","{""feature"": ""word_count"", ""current_value"": 18.0, ""suggested_value"": 1.0, ""direction"": ""decrease"", ""coupled_feature_updates"": {""word_count"": 1.0, ""char_count"": 6.0, ""text_block_count"": 1.0, ""text_area_frac"": 0.0014449184720311777, ""background_area_frac"": 0.9246023004069235, ""text_share"": 0.019163959641069206, ""text_to_graphic_ratio"": 0.019538392608469277}, ""predicted_score"": 6.397493362426758, ""gain"": 0.1918625831604004}",word_count,0.1918625831604004,decrease,"['text_area_frac', 'graphic_area_frac', 'word_count', 'mean_text_height_frac']",The model suggests decreasing the amount of text as the most promising change for this poster.,Largest estimated gain among tested feature-group changes; not a causal diagnosis.
overall_rating-00026,5.615659236907959,"[{""feature"": ""graphic_area_frac"", ""current_value"": 0.2633697420271261, ""suggested_value"": 0.14488246548566117, ""direction"": ""decrease"", ""coupled_feature_updates"": {""graphic_area_frac"": 0.14488246548566117, ""background_area_frac"": 0.8480209894263623, ""text_share"": 0.046694244561738645, ""text_to_graphic_ratio"": 0.04898139374000946}, ""predicted_score"": 6.10905122756958, ""gain"": 0.4933919906616211}, {""feature"": ""text_area_frac"", ""current_value"": 0.0070965450879765, ""suggested_value"": 0.0011603461371527204, ""direction"": ""decrease"", ""coupled_feature_updates"": {""text_area_frac"": 0.0011603461371527204, ""background_area_frac"": 0.7354699118357211, ""text_share"": 0.004386442938136099, ""text_to_graphic_ratio"": 0.004405768590657651}, ""predicted_score"": 5.679401874542236, ""gain"": 0.06374263763427734}, {""feature"": ""mean_text_height_frac"", ""current_value"": 0.03515625, ""suggested_value"": 0.0182004182235054, ""direction"": ""decrease"", ""coupled_feature_updates"": {""text_area_frac"": 0.0036738869630047353, ""background_area_frac"": 0.7329563710098692, ""text_share"": 0.013757628208162613, ""text_to_graphic_ratio"": 0.013949540804221689, ""mean_text_height_frac"": 0.0182004182235054, ""max_text_height_frac"": 0.0182004182235054}, ""predicted_score"": 5.679153919219971, ""gain"": 0.06349468231201172}]","{""feature"": ""graphic_area_frac"", ""current_value"": 0.2633697420271261, ""suggested_value"": 0.14488246548566117, ""direction"": ""decrease"", ""coupled_feature_updates"": {""graphic_area_frac"": 0.14488246548566117, ""background_area_frac"": 0.8480209894263623, ""text_share"": 0.046694244561738645, ""text_to_graphic_ratio"": 0.04898139374000946}, ""predicted_score"": 6.10905122756958, ""gain"": 0.4933919906616211}",graphic_area_frac,0.4933919906616211,decrease,"['text_area_frac', 'graphic_area_frac', 'word_count', 'mean_text_height_frac']",The model suggests decreasing graphic coverage as the most promising change for this poster.,Largest estimated gain among tested feature-group changes; not a causal diagnosis.
overall_rating-00027,5.889726638793945,"[{""feature"": ""word_count"", ""current_value"": 7.0, ""suggested_value"": 1.0, ""direction"": ""decrease"", ""coupled_feature_updates"": {""word_count"": 1.0, ""char_count"": 5.0, ""text_block_count"": 1.0, ""text_area_frac"": 0.0017597806757557715, ""background_area_frac"": 0.7645540808387672, ""text_share"": 0.007474245814176449, ""text_to_graphic_ratio"": 0.007530530852882131}, ""predicted_score"": 6.383954048156738, ""gain"": 0.49422740936279297}, {""feature"": ""graphic_area_frac"", ""current_value"": 0.2336861384854771, ""suggested_value"": 0.14488246548566117, ""direction"": ""decrease"", ""coupled_feature_updates"": {""graphic_area_frac"": 0.14488246548566117, ""background_area_frac"": 0.8427990697840484, ""text_share"": 0.07836127123019031, ""text_to_graphic_ratio"": 0.08502384804812384}, ""predicted_score"": 6.233240604400635, ""gain"": 0.34351396560668945}, {""feature"": ""text_area_frac"", ""current_value"": 0.0123184647302904, ""suggested_value"": 0.0011603461371527204, ""direction"": ""decrease"", ""coupled_feature_updates"": {""text_area_frac"": 0.0011603461371527204, ""background_area_frac"": 0.7651535153773701, ""text_share"": 0.004940870794882273, ""text_to_graphic_ratio"": 0.004965404215555697}, ""predicted_score"": 6.1689300537109375, ""gain"": 0.2792034149169922}]","{""feature"": ""word_count"", ""current_value"": 7.0, ""suggested_value"": 1.0, ""direction"": ""decrease"", ""coupled_feature_updates"": {""word_count"": 1.0, ""char_count"": 5.0, ""text_block_count"": 1.0, ""text_area_frac"": 0.0017597806757557715, ""background_area_frac"": 0.7645540808387672, ""text_share"": 0.007474245814176449, ""text_to_graphic_ratio"": 0.007530530852882131}, ""predicted_score"": 6.383954048156738, ""gain"": 0.49422740936279297}",word_count,0.49422740936279297,decrease,"['text_area_frac', 'graphic_area_frac', 'word_count', 'mean_text_height_frac']",The model suggests decreasing the amount of text as the most promising change for this poster.,Largest estimated gain among tested feature-group changes; not a causal diagnosis.
overall_rating-00028,6.292988300323486,"[{""feature"": ""graphic_area_frac"", ""current_value"": 0.3055216471354167, ""suggested_value"": 0.14488246548566117, ""direction"": ""decrease"", ""coupled_feature_updates"": {""graphic_area_frac"": 0.14488246548566117, ""background_area_frac"": 0.8104018227087834, ""text_share"": 0.23584462912253432, ""text_to_graphic_ratio"": 0.3086343930969408}, ""predicted_score"": 6.369478702545166, ""gain"": 0.07649040222167969}, {""feature"": ""text_area_frac"", ""current_value"": 0.0447157118055555, ""suggested_value"": 0.04399083024364398, ""direction"": ""decrease"", ""coupled_feature_updates"": {""text_area_frac"": 0.04399083024364398, ""background_area_frac"": 0.6504875226209392, ""text_share"": 0.12586340428680637, ""text_to_graphic_ratio"": 0.14398596844480183}, ""predicted_score"": 6.277538299560547, ""gain"": -0.015450000762939453}, {""feature"": ""word_count"", ""current_value"": 24.0, ""suggested_value"": 22.0, ""direction"": ""decrease"", ""coupled_feature_updates"": {""word_count"": 22.0, ""char_count"": 96.0, ""text_area_frac"": 0.04098940248842588, ""background_area_frac"": 0.6534889503761574, ""text_share"": 0.11829176164200883, ""text_to_graphic_ratio"": 0.13416202378045605}, ""predicted_score"": 6.141822338104248, ""gain"": -0.15116596221923828}]","{""feature"": ""graphic_area_frac"", ""current_value"": 0.3055216471354167, ""suggested_value"": 0.14488246548566117, ""direction"": ""decrease"", ""coupled_feature_updates"": {""graphic_area_frac"": 0.14488246548566117, ""background_area_frac"": 0.8104018227087834, ""text_share"": 0.23584462912253432, ""text_to_graphic_ratio"": 0.3086343930969408}, ""predicted_score"": 6.369478702545166, ""gain"": 0.07649040222167969}",graphic_area_frac,0.07649040222167969,decrease,"['text_area_frac', 'graphic_area_frac', 'word_count', 'mean_text_height_frac']",The model suggests decreasing graphic coverage as the most promising change for this poster.,Largest estimated gain among tested feature-group changes; not a causal diagnosis.
overall_rating-00029,5.8292388916015625,"[{""feature"": ""word_count"", ""current_value"": 9.0, ""suggested_value"": 2.0, ""direction"": ""decrease"", ""coupled_feature_updates"": {""word_count"": 2.0, ""char_count"": 9.0, ""text_block_count"": 1.0, ""text_area_frac"": 0.0023961950231481334, ""background_area_frac"": 0.6258488407841436, ""text_share"": 0.0064043501246129056, ""text_to_graphic_ratio"": 0.006445630197169356}, ""predicted_score"": 6.547165870666504, ""gain"": 0.7179269790649414}, {""feature"": ""graphic_area_frac"", ""current_value"": 0.3717549641927083, ""suggested_value"": 0.14488246548566117, ""direction"": ""decrease"", ""coupled_feature_updates"": {""graphic_area_frac"": 0.14488246548566117, ""background_area_frac"": 0.8443346569101722, ""text_share"": 0.06926960998598299, ""text_to_graphic_ratio"": 0.07442500076197121}, ""predicted_score"": 6.5331010818481445, ""gain"": 0.703862190246582}, {""feature"": ""mean_text_height_frac"", ""current_value"": 0.0147569444444444, ""suggested_value"": 0.00997266006842618, ""direction"": ""decrease"", ""coupled_feature_updates"": {""text_area_frac"": 0.007287008046322415, ""background_area_frac"": 0.6209580277609692, ""text_share"": 0.019224805114002243, ""text_to_graphic_ratio"": 0.019601642878250888, ""mean_text_height_frac"": 0.00997266006842618, ""max_text_height_frac"": 0.012539153468388835, ""text_height_std_frac"": 0.002026836827045342}, ""predicted_score"": 6.193727016448975, ""gain"": 0.3644881248474121}]","{""feature"": ""word_count"", ""current_value"": 9.0, ""suggested_value"": 2.0, ""direction"": ""decrease"", ""coupled_feature_updates"": {""word_count"": 2.0, ""char_count"": 9.0, ""text_block_count"": 1.0, ""text_area_frac"": 0.0023961950231481334, ""background_area_frac"": 0.6258488407841436, ""text_share"": 0.0064043501246129056, ""text_to_graphic_ratio"": 0.006445630197169356}, ""predicted_score"": 6.547165870666504, ""gain"": 0.7179269790649414}",word_count,0.7179269790649414,decrease,"['text_area_frac', 'graphic_area_frac', 'word_count', 'mean_text_height_frac']",The model suggests decreasing the amount of text as the most promising change for this poster.,Largest estimated gain among tested feature-group changes; not a causal diagnosis.
overall_rating-00030,6.742489337921143,"[{""feature"": ""graphic_area_frac"", ""current_value"": 0.159667816180918, ""suggested_value"": 0.14488246548566117, ""direction"": ""decrease"", ""coupled_feature_updates"": {""graphic_area_frac"": 0.14488246548566117, ""background_area_frac"": 0.8484913445090929, ""text_share"": 0.04373472910690292, ""text_to_graphic_ratio"": 0.04573493405868142}, ""predicted_score"": 6.775421619415283, ""gain"": 0.032932281494140625}, {""feature"": ""mean_text_height_frac"", ""current_value"": 0.0100195503421309, ""suggested_value"": 0.00997266006842618, ""direction"": ""decrease"", ""coupled_feature_updates"": {""text_area_frac"": 0.006595180244093346, ""background_area_frac"": 0.8337370035749887, ""text_share"": 0.03966715616765595, ""text_to_graphic_ratio"": 0.04130563316918178, ""mean_text_height_frac"": 0.00997266006842618, ""max_text_height_frac"": 0.015567079131201941, ""text_height_std_frac"": 0.003254270688970079}, ""predicted_score"": 6.743935585021973, ""gain"": 0.0014462471008300781}, {""feature"": ""text_area_frac"", ""current_value"": 0.0066261900052459, ""suggested_value"": 0.0011603461371527204, ""direction"": ""decrease"", ""coupled_feature_updates"": {""text_area_frac"": 0.0011603461371527204, ""background_area_frac"": 0.8391718376819293, ""text_share"": 0.007214819347732754, ""text_to_graphic_ratio"": 0.007267251252675392}, ""predicted_score"": 6.727985382080078, ""gain"": -0.014503955841064453}]","{""feature"": ""graphic_area_frac"", ""current_value"": 0.159667816180918, ""suggested_value"": 0.14488246548566117, ""direction"": ""decrease"", ""coupled_feature_updates"": {""graphic_area_frac"": 0.14488246548566117, ""background_area_frac"": 0.8484913445090929, ""text_share"": 0.04373472910690292, ""text_to_graphic_ratio"": 0.04573493405868142}, ""predicted_score"": 6.775421619415283, ""gain"": 0.032932281494140625}",graphic_area_frac,0.032932281494140625,decrease,"['text_area_frac', 'graphic_area_frac', 'word_count', 'mean_text_height_frac']",The model suggests decreasing graphic coverage as the most promising change for this poster.,Largest estimated gain among tested feature-group changes; not a causal diagnosis.
overall_rating-00031,5.854152202606201,"[{""feature"": ""graphic_area_frac"", ""current_value"": 0.6114320755004883, ""suggested_value"": 0.6125476270191077, ""direction"": ""increase"", ""coupled_feature_updates"": {""graphic_area_frac"": 0.6125476270191077, ""background_area_frac"": 0.386794337702572, ""text_share"": 0.0010731069831529506, ""text_to_graphic_ratio"": 0.0010742597788233263}, ""predicted_score"": 5.842772960662842, ""gain"": -0.011379241943359375}, {""feature"": ""text_area_frac"", ""current_value"": 0.0006580352783203, ""suggested_value"": 0.0011603461371527204, ""direction"": ""increase"", ""coupled_feature_updates"": {""text_area_frac"": 0.0011603461371527204, ""background_area_frac"": 0.38740757836235895, ""text_share"": 0.001894156858896118, ""text_to_graphic_ratio"": 0.0018977514979123691}, ""predicted_score"": 5.8299102783203125, ""gain"": -0.024241924285888672}, {""feature"": ""mean_text_height_frac"", ""current_value"": 0.0087890625, ""suggested_value"": 0.00997266006842618, ""direction"": ""increase"", ""coupled_feature_updates"": {""text_area_frac"": 0.0007466509816855397, ""background_area_frac"": 0.38782127351782614, ""text_share"": 0.0012196617578923358, ""text_to_graphic_ratio"": 0.001221151149249682, ""mean_text_height_frac"": 0.00997266006842618, ""max_text_height_frac"": 0.00997266006842618}, ""predicted_score"": 5.788135051727295, ""gain"": -0.06601715087890625}]",null,,,,"['text_area_frac', 'graphic_area_frac', 'word_count', 'mean_text_height_frac']",The model found no tested layout change likely to improve this poster’s score.,No tested feature-group change improved the model's predicted score.
overall_rating-00032,6.350637435913086,"[{""feature"": ""graphic_area_frac"", ""current_value"": 0.2587121784357735, ""suggested_value"": 0.14488246548566117, ""direction"": ""decrease"", ""coupled_feature_updates"": {""graphic_area_frac"": 0.14488246548566117, ""background_area_frac"": 0.8096830990861621, ""text_share"": 0.23873042914221382, ""text_to_graphic_ratio"": 0.31359512882304785}, ""predicted_score"": 6.561861991882324, ""gain"": 0.21122455596923828}, {""feature"": ""mean_text_height_frac"", ""current_value"": 0.01824951171875, ""suggested_value"": 0.0182004182235054, ""direction"": ""decrease"", ""coupled_feature_updates"": {""text_area_frac"": 0.045312211049025636, ""background_area_frac"": 0.6959756105152008, ""text_share"": 0.14904136844353796, ""text_to_graphic_ratio"": 0.17514525726230784, ""mean_text_height_frac"": 0.0182004182235054, ""max_text_height_frac"": 0.030191998123273174, ""text_height_std_frac"": 0.007774106273005073}, ""predicted_score"": 6.348592758178711, ""gain"": -0.002044677734375}, {""feature"": ""text_area_frac"", ""current_value"": 0.0454344354281767, ""suggested_value"": 0.04399083024364398, ""direction"": ""decrease"", ""coupled_feature_updates"": {""text_area_frac"": 0.04399083024364398, ""background_area_frac"": 0.6972969913205824, ""text_share"": 0.1453267030134913, ""text_to_graphic_ratio"": 0.17003772497151662}, ""predicted_score"": 6.322751522064209, ""gain"": -0.027885913848876953}]","{""feature"": ""graphic_area_frac"", ""current_value"": 0.2587121784357735, ""suggested_value"": 0.14488246548566117, ""direction"": ""decrease"", ""coupled_feature_updates"": {""graphic_area_frac"": 0.14488246548566117, ""background_area_frac"": 0.8096830990861621, ""text_share"": 0.23873042914221382, ""text_to_graphic_ratio"": 0.31359512882304785}, ""predicted_score"": 6.561861991882324, ""gain"": 0.21122455596923828}",graphic_area_frac,0.21122455596923828,decrease,"['text_area_frac', 'graphic_area_frac', 'word_count', 'mean_text_height_frac']",The model suggests decreasing graphic coverage as the most promising change for this poster.,Largest estimated gain among tested feature-group changes; not a causal diagnosis.
overall_rating-00033,5.6799702644348145,"[{""feature"": ""mean_text_height_frac"", ""current_value"": 0.044921875, ""suggested_value"": 0.00997266006842618, ""direction"": ""decrease"", ""coupled_feature_updates"": {""text_area_frac"": 0.002978716354935073, ""background_area_frac"": 0.28705559401611114, ""text_share"": 0.004178048568631852, ""text_to_graphic_ratio"": 0.004195577896858405, ""mean_text_height_frac"": 0.00997266006842618, ""max_text_height_frac"": 0.012140629648518827, ""text_height_std_frac"": 0.0021679695800926476}, ""predicted_score"": 6.464128017425537, ""gain"": 0.7841577529907227}, {""feature"": ""graphic_area_frac"", ""current_value"": 0.7099656896289538, ""suggested_value"": 0.14488246548566117, ""direction"": ""decrease"", ""coupled_feature_updates"": {""graphic_area_frac"": 0.14488246548566117, ""background_area_frac"": 0.8416998984133656, ""text_share"": 0.08476075483520777, ""text_to_graphic_ratio"": 0.09261048986152935}, ""predicted_score"": 6.275398254394531, ""gain"": 0.5954279899597168}, {""feature"": ""text_area_frac"", ""current_value"": 0.0134176361009732, ""suggested_value"": 0.00529463026258678, ""direction"": ""decrease"", ""coupled_feature_updates"": {""text_area_frac"": 0.00529463026258678, ""background_area_frac"": 0.2847396801084594, ""text_share"": 0.007402382203153165, ""text_to_graphic_ratio"": 0.007457586105821381}, ""predicted_score"": 5.862938404083252, ""gain"": 0.1829681396484375}]","{""feature"": ""mean_text_height_frac"", ""current_value"": 0.044921875, ""suggested_value"": 0.00997266006842618, ""direction"": ""decrease"", ""coupled_feature_updates"": {""text_area_frac"": 0.002978716354935073, ""background_area_frac"": 0.28705559401611114, ""text_share"": 0.004178048568631852, ""text_to_graphic_ratio"": 0.004195577896858405, ""mean_text_height_frac"": 0.00997266006842618, ""max_text_height_frac"": 0.012140629648518827, ""text_height_std_frac"": 0.0021679695800926476}, ""predicted_score"": 6.464128017425537, ""gain"": 0.7841577529907227}",mean_text_height_frac,0.7841577529907227,decrease,"['text_area_frac', 'graphic_area_frac', 'word_count', 'mean_text_height_frac']",The model suggests decreasing text size as the most promising change for this poster.,Largest estimated gain among tested feature-group changes; not a causal diagnosis.
overall_rating-00034,6.0980658531188965,"[{""feature"": ""word_count"", ""current_value"": 4.0, ""suggested_value"": 1.0, ""direction"": ""decrease"", ""coupled_feature_updates"": {""word_count"": 1.0, ""char_count"": 6.0, ""text_block_count"": 1.0, ""text_area_frac"": 0.0029360945053522, ""background_area_frac"": 0.4154373084642611, ""text_share"": 0.005022719629332851, ""text_to_graphic_ratio"": 0.005048074693184647}, ""predicted_score"": 6.406569957733154, ""gain"": 0.3085041046142578}, {""feature"": ""mean_text_height_frac"", ""current_value"": 0.01904296875, ""suggested_value"": 0.00997266006842618, ""direction"": ""decrease"", ""coupled_feature_updates"": {""text_area_frac"": 0.006150442783381956, ""background_area_frac"": 0.4122229601862313, ""text_share"": 0.010463904451474769, ""text_to_graphic_ratio"": 0.01057455559079364, ""mean_text_height_frac"": 0.00997266006842618, ""max_text_height_frac"": 0.014831135486377395, ""text_height_std_frac"": 0.0029267259385399773}, ""predicted_score"": 6.370922088623047, ""gain"": 0.2728562355041504}, {""feature"": ""graphic_area_frac"", ""current_value"": 0.5816265970303868, ""suggested_value"": 0.14488246548566117, ""direction"": ""decrease"", ""coupled_feature_updates"": {""graphic_area_frac"": 0.14488246548566117, ""background_area_frac"": 0.84337315649293, ""text_share"": 0.07498317503205428, ""text_to_graphic_ratio"": 0.08106141748789557}, ""predicted_score"": 6.3273091316223145, ""gain"": 0.22924327850341797}]","{""feature"": ""word_count"", ""current_value"": 4.0, ""suggested_value"": 1.0, ""direction"": ""decrease"", ""coupled_feature_updates"": {""word_count"": 1.0, ""char_count"": 6.0, ""text_block_count"": 1.0, ""text_area_frac"": 0.0029360945053522, ""background_area_frac"": 0.4154373084642611, ""text_share"": 0.005022719629332851, ""text_to_graphic_ratio"": 0.005048074693184647}, ""predicted_score"": 6.406569957733154, ""gain"": 0.3085041046142578}",word_count,0.3085041046142578,decrease,"['text_area_frac', 'graphic_area_frac', 'word_count', 'mean_text_height_frac']",The model suggests decreasing the amount of text as the most promising change for this poster.,Largest estimated gain among tested feature-group changes; not a causal diagnosis.
overall_rating-00035,6.143101692199707,"[{""feature"": ""graphic_area_frac"", ""current_value"": 0.8524877355636238, ""suggested_value"": 0.14488246548566117, ""direction"": ""decrease"", ""coupled_feature_updates"": {""graphic_area_frac"": 0.14488246548566117, ""background_area_frac"": 0.8551175345143388}, ""predicted_score"": 6.346314430236816, ""gain"": 0.20321273803710938}]","{""feature"": ""graphic_area_frac"", ""current_value"": 0.8524877355636238, ""suggested_value"": 0.14488246548566117, ""direction"": ""decrease"", ""coupled_feature_updates"": {""graphic_area_frac"": 0.14488246548566117, ""background_area_frac"": 0.8551175345143388}, ""predicted_score"": 6.346314430236816, ""gain"": 0.20321273803710938}",graphic_area_frac,0.20321273803710938,decrease,"['text_area_frac', 'graphic_area_frac', 'word_count', 'mean_text_height_frac']",The model suggests decreasing graphic coverage as the most promising change for this poster.,Largest estimated gain among tested feature-group changes; not a causal diagnosis.
overall_rating-00036,6.668676853179932,"[{""feature"": ""text_area_frac"", ""current_value"": 0.0080226161369193, ""suggested_value"": 0.0011603461371527204, ""direction"": ""decrease"", ""coupled_feature_updates"": {""text_area_frac"": 0.0011603461371527204, ""background_area_frac"": 0.8574541767082018, ""text_share"": 0.008140162302598208, ""text_to_graphic_ratio"": 0.008206968357036774}, ""predicted_score"": 6.716125965118408, ""gain"": 0.04744911193847656}, {""feature"": ""word_count"", ""current_value"": 4.0, ""suggested_value"": 1.0, ""direction"": ""decrease"", ""coupled_feature_updates"": {""word_count"": 1.0, ""char_count"": 6.0, ""text_block_count"": 1.0, ""text_area_frac"": 0.002005654034229825, ""background_area_frac"": 0.8566088688111249, ""text_share"": 0.013987294873822926, ""text_to_graphic_ratio"": 0.014185714647594744}, ""predicted_score"": 6.690301895141602, ""gain"": 0.021625041961669922}, {""feature"": ""mean_text_height_frac"", ""current_value"": 0.013671875, ""suggested_value"": 0.0123654277510124, ""direction"": ""decrease"", ""coupled_feature_updates"": {""text_area_frac"": 0.007255996724310441, ""background_area_frac"": 0.8513585261210441, ""text_share"": 0.04881542502881305, ""text_to_graphic_ratio"": 0.0513206651088636, ""mean_text_height_frac"": 0.0123654277510124, ""max_text_height_frac"": 0.0123654277510124}, ""predicted_score"": 6.6734538078308105, ""gain"": 0.004776954650878906}]","{""feature"": ""text_area_frac"", ""current_value"": 0.0080226161369193, ""suggested_value"": 0.0011603461371527204, ""direction"": ""decrease"", ""coupled_feature_updates"": {""text_area_frac"": 0.0011603461371527204, ""background_area_frac"": 0.8574541767082018, ""text_share"": 0.008140162302598208, ""text_to_graphic_ratio"": 0.008206968357036774}, ""predicted_score"": 6.716125965118408, ""gain"": 0.04744911193847656}",text_area_frac,0.04744911193847656,decrease,"['text_area_frac', 'graphic_area_frac', 'word_count', 'mean_text_height_frac']",The model suggests decreasing text coverage as the most promising change for this poster.,Largest estimated gain among tested feature-group changes; not a causal diagnosis.
overall_rating-00037,4.4969482421875,"[{""feature"": ""graphic_area_frac"", ""current_value"": 0.5525091220451289, ""suggested_value"": 0.14488246548566117, ""direction"": ""decrease"", ""coupled_feature_updates"": {""graphic_area_frac"": 0.14488246548566117, ""background_area_frac"": 0.8189371530673474, ""text_share"": 0.19982222780606623, ""text_to_graphic_ratio"": 0.24972229265778284}, ""predicted_score"": 5.97643518447876, ""gain"": 1.4794869422912598}, {""feature"": ""mean_text_height_frac"", ""current_value"": 0.0412109375, ""suggested_value"": 0.00997266006842618, ""direction"": ""decrease"", ""coupled_feature_updates"": {""text_area_frac"": 0.008755312720484422, ""background_area_frac"": 0.4387355652343866, ""text_share"": 0.01559926512026489, ""text_to_graphic_ratio"": 0.015846458223307467, ""mean_text_height_frac"": 0.00997266006842618, ""max_text_height_frac"": 0.013233861702176919, ""text_height_std_frac"": 0.003515994102005891}, ""predicted_score"": 5.600773334503174, ""gain"": 1.1038250923156738}, {""feature"": ""word_count"", ""current_value"": 5.0, ""suggested_value"": 1.0, ""direction"": ""decrease"", ""coupled_feature_updates"": {""word_count"": 1.0, ""char_count"": 4.0, ""text_block_count"": 1.0, ""text_area_frac"": 0.007236076289398281, ""background_area_frac"": 0.4402548016654728, ""text_share"": 0.012927446829251224, ""text_to_graphic_ratio"": 0.01309675442572555}, ""predicted_score"": 5.202591419219971, ""gain"": 0.7056431770324707}]","{""feature"": ""graphic_area_frac"", ""current_value"": 0.5525091220451289, ""suggested_value"": 0.14488246548566117, ""direction"": ""decrease"", ""coupled_feature_updates"": {""graphic_area_frac"": 0.14488246548566117, ""background_area_frac"": 0.8189371530673474, ""text_share"": 0.19982222780606623, ""text_to_graphic_ratio"": 0.24972229265778284}, ""predicted_score"": 5.97643518447876, ""gain"": 1.4794869422912598}",graphic_area_frac,1.4794869422912598,decrease,"['text_area_frac', 'graphic_area_frac', 'word_count', 'mean_text_height_frac']",The model suggests decreasing graphic coverage as the most promising change for this poster.,Largest estimated gain among tested feature-group changes; not a causal diagnosis.
overall_rating-00038,5.975596904754639,"[{""feature"": ""mean_text_height_frac"", ""current_value"": 0.02490234375, ""suggested_value"": 0.00997266006842618, ""direction"": ""decrease"", ""coupled_feature_updates"": {""text_area_frac"": 0.0012537857487927104, ""background_area_frac"": 0.6124465070995426, ""text_share"": 0.0032351295285957954, ""text_to_graphic_ratio"": 0.003245629560626261, ""mean_text_height_frac"": 0.00997266006842618, ""max_text_height_frac"": 0.014470134216932102, ""text_height_std_frac"": 0.004497474148505923}, ""predicted_score"": 6.337942123413086, ""gain"": 0.36234521865844727}, {""feature"": ""graphic_area_frac"", ""current_value"": 0.3862997071516646, ""suggested_value"": 0.14488246548566117, ""direction"": ""decrease"", ""coupled_feature_updates"": {""graphic_area_frac"": 0.14488246548566117, ""background_area_frac"": 0.8519867546129825, ""text_share"": 0.02115202523375592, ""text_to_graphic_ratio"": 0.02160910149383225}, ""predicted_score"": 6.33424711227417, ""gain"": 0.35865020751953125}, {""feature"": ""word_count"", ""current_value"": 2.0, ""suggested_value"": 1.0, ""direction"": ""decrease"", ""coupled_feature_updates"": {""word_count"": 1.0, ""char_count"": 4.0, ""text_block_count"": 1.0, ""text_area_frac"": 0.00156538995067815, ""background_area_frac"": 0.6121349028976573, ""text_share"": 0.004035913420343423, ""text_to_graphic_ratio"": 0.00405226802324125}, ""predicted_score"": 6.018928527832031, ""gain"": 0.04333162307739258}]","{""feature"": ""mean_text_height_frac"", ""current_value"": 0.02490234375, ""suggested_value"": 0.00997266006842618, ""direction"": ""decrease"", ""coupled_feature_updates"": {""text_area_frac"": 0.0012537857487927104, ""background_area_frac"": 0.6124465070995426, ""text_share"": 0.0032351295285957954, ""text_to_graphic_ratio"": 0.003245629560626261, ""mean_text_height_frac"": 0.00997266006842618, ""max_text_height_frac"": 0.014470134216932102, ""text_height_std_frac"": 0.004497474148505923}, ""predicted_score"": 6.337942123413086, ""gain"": 0.36234521865844727}",mean_text_height_frac,0.36234521865844727,decrease,"['text_area_frac', 'graphic_area_frac', 'word_count', 'mean_text_height_frac']",The model suggests decreasing text size as the most promising change for this poster.,Largest estimated gain among tested feature-group changes; not a causal diagnosis.
overall_rating-00039,5.220710754394531,"[{""feature"": ""graphic_area_frac"", ""current_value"": 0.7647041186951754, ""suggested_value"": 0.14488246548566117, ""direction"": ""decrease"", ""coupled_feature_updates"": {""graphic_area_frac"": 0.14488246548566117, ""background_area_frac"": 0.8444238895947482, ""text_share"": 0.06873577756723256, ""text_to_graphic_ratio"": 0.07380910370171011}, ""predicted_score"": 6.161818981170654, ""gain"": 0.941108226776123}, {""feature"": ""mean_text_height_frac"", ""current_value"": 0.0625, ""suggested_value"": 0.00997266006842618, ""direction"": ""decrease"", ""coupled_feature_updates"": {""text_area_frac"": 0.0017063053708084746, ""background_area_frac"": 0.23358957593401608, ""text_share"": 0.002226359816136283, ""text_to_graphic_ratio"": 0.002231327554139457, ""mean_text_height_frac"": 0.00997266006842618, ""max_text_height_frac"": 0.00997266006842618}, ""predicted_score"": 5.434292793273926, ""gain"": 0.21358203887939453}, {""feature"": ""text_area_frac"", ""current_value"": 0.0106936449195906, ""suggested_value"": 0.00529463026258678, ""direction"": ""decrease"", ""coupled_feature_updates"": {""text_area_frac"": 0.00529463026258678, ""background_area_frac"": 0.2300012510422378, ""text_share"": 0.00687615437006017, ""text_to_graphic_ratio"": 0.006923763234884987}, ""predicted_score"": 5.296195030212402, ""gain"": 0.0754842758178711}]","{""feature"": ""graphic_area_frac"", ""current_value"": 0.7647041186951754, ""suggested_value"": 0.14488246548566117, ""direction"": ""decrease"", ""coupled_feature_updates"": {""graphic_area_frac"": 0.14488246548566117, ""background_area_frac"": 0.8444238895947482, ""text_share"": 0.06873577756723256, ""text_to_graphic_ratio"": 0.07380910370171011}, ""predicted_score"": 6.161818981170654, ""gain"": 0.941108226776123}",graphic_area_frac,0.941108226776123,decrease,"['text_area_frac', 'graphic_area_frac', 'word_count', 'mean_text_height_frac']",The model suggests decreasing graphic coverage as the most promising change for this poster.,Largest estimated gain among tested feature-group changes; not a causal diagnosis.
overall_rating-00040,6.131685256958008,"[{""feature"": ""graphic_area_frac"", ""current_value"": 0.2282253284359452, ""suggested_value"": 0.14488246548566117, ""direction"": ""decrease"", ""coupled_feature_updates"": {""graphic_area_frac"": 0.14488246548566117, ""background_area_frac"": 0.8551175345143388}, ""predicted_score"": 6.389280796051025, ""gain"": 0.2575955390930176}]","{""feature"": ""graphic_area_frac"", ""current_value"": 0.2282253284359452, ""suggested_value"": 0.14488246548566117, ""direction"": ""decrease"", ""coupled_feature_updates"": {""graphic_area_frac"": 0.14488246548566117, ""background_area_frac"": 0.8551175345143388}, ""predicted_score"": 6.389280796051025, ""gain"": 0.2575955390930176}",graphic_area_frac,0.2575955390930176,decrease,"['text_area_frac', 'graphic_area_frac', 'word_count', 'mean_text_height_frac']",The model suggests decreasing graphic coverage as the most promising change for this poster.,Largest estimated gain among tested feature-group changes; not a causal diagnosis.
overall_rating-00041,4.797059059143066,"[{""feature"": ""graphic_area_frac"", ""current_value"": 0.2952801201499118, ""suggested_value"": 0.14488246548566117, ""direction"": ""decrease"", ""coupled_feature_updates"": {""graphic_area_frac"": 0.14488246548566117, ""background_area_frac"": 0.8201507410840038, ""text_share"": 0.19442278295217963, ""text_to_graphic_ratio"": 0.24134593039345895}, ""predicted_score"": 5.714786529541016, ""gain"": 0.9177274703979492}, {""feature"": ""word_count"", ""current_value"": 5.0, ""suggested_value"": 31.0, ""direction"": ""increase"", ""coupled_feature_updates"": {""word_count"": 31.0, ""char_count"": 149.0, ""text_block_count"": 25.0, ""text_area_frac"": 0.2167941192680776, ""background_area_frac"": 0.48792576058201065, ""text_share"": 0.42336462680583253, ""text_to_graphic_ratio"": 0.7341981544778993}, ""predicted_score"": 5.018966197967529, ""gain"": 0.2219071388244629}, {""feature"": ""text_area_frac"", ""current_value"": 0.0349667934303351, ""suggested_value"": 0.18165415138406416, ""direction"": ""increase"", ""coupled_feature_updates"": {""text_area_frac"": 0.18165415138406416, ""background_area_frac"": 0.5230657284660241, ""text_share"": 0.38087879656835155, ""text_to_graphic_ratio"": 0.6151926221509241}, ""predicted_score"": 4.915799617767334, ""gain"": 0.11874055862426758}]","{""feature"": ""graphic_area_frac"", ""current_value"": 0.2952801201499118, ""suggested_value"": 0.14488246548566117, ""direction"": ""decrease"", ""coupled_feature_updates"": {""graphic_area_frac"": 0.14488246548566117, ""background_area_frac"": 0.8201507410840038, ""text_share"": 0.19442278295217963, ""text_to_graphic_ratio"": 0.24134593039345895}, ""predicted_score"": 5.714786529541016, ""gain"": 0.9177274703979492}",graphic_area_frac,0.9177274703979492,decrease,"['text_area_frac', 'graphic_area_frac', 'word_count', 'mean_text_height_frac']",The model suggests decreasing graphic coverage as the most promising change for this poster.,Largest estimated gain among tested feature-group changes; not a causal diagnosis.
overall_rating-00042,6.231478691101074,"[{""feature"": ""graphic_area_frac"", ""current_value"": 0.6259468469052559, ""suggested_value"": 0.14488246548566117, ""direction"": ""decrease"", ""coupled_feature_updates"": {""graphic_area_frac"": 0.14488246548566117, ""background_area_frac"": 0.8348474467722918, ""text_share"": 0.1227355396322521, ""text_to_graphic_ratio"": 0.13990711487480245}, ""predicted_score"": 6.759727478027344, ""gain"": 0.5282487869262695}, {""feature"": ""word_count"", ""current_value"": 11.0, ""suggested_value"": 2.0, ""direction"": ""decrease"", ""coupled_feature_updates"": {""word_count"": 2.0, ""char_count"": 11.0, ""text_block_count"": 1.0, ""text_area_frac"": 0.003685470498554, ""background_area_frac"": 0.37036768259619, ""text_share"": 0.005853369334265527, ""text_to_graphic_ratio"": 0.005887832995365878}, ""predicted_score"": 6.425198078155518, ""gain"": 0.19371938705444336}, {""feature"": ""text_area_frac"", ""current_value"": 0.020270087742047, ""suggested_value"": 0.00529463026258678, ""direction"": ""decrease"", ""coupled_feature_updates"": {""text_area_frac"": 0.00529463026258678, ""background_area_frac"": 0.36875852283215727, ""text_share"": 0.008387646335190003, ""text_to_graphic_ratio"": 0.008458594030410032}, ""predicted_score"": 6.356449604034424, ""gain"": 0.12497091293334961}]","{""feature"": ""graphic_area_frac"", ""current_value"": 0.6259468469052559, ""suggested_value"": 0.14488246548566117, ""direction"": ""decrease"", ""coupled_feature_updates"": {""graphic_area_frac"": 0.14488246548566117, ""background_area_frac"": 0.8348474467722918, ""text_share"": 0.1227355396322521, ""text_to_graphic_ratio"": 0.13990711487480245}, ""predicted_score"": 6.759727478027344, ""gain"": 0.5282487869262695}",graphic_area_frac,0.5282487869262695,decrease,"['text_area_frac', 'graphic_area_frac', 'word_count', 'mean_text_height_frac']",The model suggests decreasing graphic coverage as the most promising change for this poster.,Largest estimated gain among tested feature-group changes; not a causal diagnosis.
overall_rating-00043,6.204827308654785,"[{""feature"": ""graphic_area_frac"", ""current_value"": 0.378569039191989, ""suggested_value"": 0.14488246548566117, ""direction"": ""decrease"", ""coupled_feature_updates"": {""graphic_area_frac"": 0.14488246548566117, ""background_area_frac"": 0.8551175345143388}, ""predicted_score"": 6.354795455932617, ""gain"": 0.14996814727783203}]","{""feature"": ""graphic_area_frac"", ""current_value"": 0.378569039191989, ""suggested_value"": 0.14488246548566117, ""direction"": ""decrease"", ""coupled_feature_updates"": {""graphic_area_frac"": 0.14488246548566117, ""background_area_frac"": 0.8551175345143388}, ""predicted_score"": 6.354795455932617, ""gain"": 0.14996814727783203}",graphic_area_frac,0.14996814727783203,decrease,"['text_area_frac', 'graphic_area_frac', 'word_count', 'mean_text_height_frac']",The model suggests decreasing graphic coverage as the most promising change for this poster.,Largest estimated gain among tested feature-group changes; not a causal diagnosis.
overall_rating-00044,5.950438976287842,"[{""feature"": ""mean_text_height_frac"", ""current_value"": 0.0296630859375, ""suggested_value"": 0.00997266006842618, ""direction"": ""decrease"", ""coupled_feature_updates"": {""text_area_frac"": 0.011749211780142823, ""background_area_frac"": 0.9764870969107775, ""text_share"": 0.4996920939774677, ""text_to_graphic_ratio"": 0.9987691338920461, ""mean_text_height_frac"": 0.00997266006842618, ""max_text_height_frac"": 0.015430947266371372, ""text_height_std_frac"": 0.003714267730138569}, ""predicted_score"": 6.262535572052002, ""gain"": 0.31209659576416016}, {""feature"": ""word_count"", ""current_value"": 8.0, ""suggested_value"": 1.0, ""direction"": ""decrease"", ""coupled_feature_updates"": {""word_count"": 1.0, ""char_count"": 4.0, ""text_block_count"": 1.0, ""text_area_frac"": 0.004368416705534825, ""background_area_frac"": 0.9838678919853856, ""text_share"": 0.27079019689041145, ""text_to_graphic_ratio"": 0.3713474445018069}, ""predicted_score"": 6.213738441467285, ""gain"": 0.26329946517944336}, {""feature"": ""text_area_frac"", ""current_value"": 0.0349473336442786, ""suggested_value"": 0.00529463026258678, ""direction"": ""decrease"", ""coupled_feature_updates"": {""text_area_frac"": 0.00529463026258678, ""background_area_frac"": 0.9829416784283336, ""text_share"": 0.31038401054539166, ""text_to_graphic_ratio"": 0.450082386852519}, ""predicted_score"": 6.152206897735596, ""gain"": 0.2017679214477539}]","{""feature"": ""mean_text_height_frac"", ""current_value"": 0.0296630859375, ""suggested_value"": 0.00997266006842618, ""direction"": ""decrease"", ""coupled_feature_updates"": {""text_area_frac"": 0.011749211780142823, ""background_area_frac"": 0.9764870969107775, ""text_share"": 0.4996920939774677, ""text_to_graphic_ratio"": 0.9987691338920461, ""mean_text_height_frac"": 0.00997266006842618, ""max_text_height_frac"": 0.015430947266371372, ""text_height_std_frac"": 0.003714267730138569}, ""predicted_score"": 6.262535572052002, ""gain"": 0.31209659576416016}",mean_text_height_frac,0.31209659576416016,decrease,"['text_area_frac', 'graphic_area_frac', 'word_count', 'mean_text_height_frac']",The model suggests decreasing text size as the most promising change for this poster.,Largest estimated gain among tested feature-group changes; not a causal diagnosis.
overall_rating-00045,5.048290252685547,"[{""feature"": ""graphic_area_frac"", ""current_value"": 0.8907817677650958, ""suggested_value"": 0.14488246548566117, ""direction"": ""decrease"", ""coupled_feature_updates"": {""graphic_area_frac"": 0.14488246548566117, ""background_area_frac"": 0.8551175345143388}, ""predicted_score"": 5.665436744689941, ""gain"": 0.6171464920043945}]","{""feature"": ""graphic_area_frac"", ""current_value"": 0.8907817677650958, ""suggested_value"": 0.14488246548566117, ""direction"": ""decrease"", ""coupled_feature_updates"": {""graphic_area_frac"": 0.14488246548566117, ""background_area_frac"": 0.8551175345143388}, ""predicted_score"": 5.665436744689941, ""gain"": 0.6171464920043945}",graphic_area_frac,0.6171464920043945,decrease,"['text_area_frac', 'graphic_area_frac', 'word_count', 'mean_text_height_frac']",The model suggests decreasing graphic coverage as the most promising change for this poster.,Largest estimated gain among tested feature-group changes; not a causal diagnosis.
overall_rating-00046,5.223272323608398,"[{""feature"": ""graphic_area_frac"", ""current_value"": 0.4360532760620117, ""suggested_value"": 0.4408856731721724, ""direction"": ""increase"", ""coupled_feature_updates"": {""graphic_area_frac"": 0.4408856731721724, ""background_area_frac"": 0.5591143268278276}, ""predicted_score"": 5.210250377655029, ""gain"": -0.01302194595336914}]",null,,,,"['text_area_frac', 'graphic_area_frac', 'word_count', 'mean_text_height_frac']",The model found no tested layout change likely to improve this poster’s score.,No tested feature-group change improved the model's predicted score.
overall_rating-00047,6.679386138916016,"[{""feature"": ""graphic_area_frac"", ""current_value"": 0.7431829724239281, ""suggested_value"": 0.584478586189439, ""direction"": ""decrease"", ""coupled_feature_updates"": {""graphic_area_frac"": 0.584478586189439, ""background_area_frac"": 0.41149495072273257, ""text_share"": 0.006841849688075281, ""text_to_graphic_ratio"": 0.006888983074776597}, ""predicted_score"": 6.680263996124268, ""gain"": 0.0008778572082519531}, {""feature"": ""text_area_frac"", ""current_value"": 0.0040264630878284, ""suggested_value"": 0.00529463026258678, ""direction"": ""increase"", ""coupled_feature_updates"": {""text_area_frac"": 0.00529463026258678, ""background_area_frac"": 0.25152239731348514, ""text_share"": 0.0070738659962338675, ""text_to_graphic_ratio"": 0.007124262071449352}, ""predicted_score"": 6.646627426147461, ""gain"": -0.03275871276855469}, {""feature"": ""mean_text_height_frac"", ""current_value"": 0.0130208333333333, ""suggested_value"": 0.0123654277510124, ""direction"": ""decrease"", ""coupled_feature_updates"": {""text_area_frac"": 0.0038237904694779267, ""background_area_frac"": 0.25299323710659405, ""text_share"": 0.005118816400894568, ""text_to_graphic_ratio"": 0.005145153497000132, ""mean_text_height_frac"": 0.0123654277510124, ""max_text_height_frac"": 0.014838513301214919, ""text_height_std_frac"": 0.0019056403995260267}, ""predicted_score"": 6.631290912628174, ""gain"": -0.0480952262878418}]","{""feature"": ""graphic_area_frac"", ""current_value"": 0.7431829724239281, ""suggested_value"": 0.584478586189439, ""direction"": ""decrease"", ""coupled_feature_updates"": {""graphic_area_frac"": 0.584478586189439, ""background_area_frac"": 0.41149495072273257, ""text_share"": 0.006841849688075281, ""text_to_graphic_ratio"": 0.006888983074776597}, ""predicted_score"": 6.680263996124268, ""gain"": 0.0008778572082519531}",graphic_area_frac,0.0008778572082519531,decrease,"['text_area_frac', 'graphic_area_frac', 'word_count', 'mean_text_height_frac']",The model suggests decreasing graphic coverage as the most promising change for this poster.,Largest estimated gain among tested feature-group changes; not a causal diagnosis.
overall_rating-00048,6.72562313079834,"[{""feature"": ""graphic_area_frac"", ""current_value"": 0.1768522276334776, ""suggested_value"": 0.14488246548566117, ""direction"": ""decrease"", ""coupled_feature_updates"": {""graphic_area_frac"": 0.14488246548566117, ""background_area_frac"": 0.8143513345684514, ""text_share"": 0.21958789658479128, ""text_to_graphic_ratio"": 0.28137428369426787}, ""predicted_score"": 6.757190227508545, ""gain"": 0.03156709671020508}, {""feature"": ""mean_text_height_frac"", ""current_value"": 0.029208096590909, ""suggested_value"": 0.029121942934782562, ""direction"": ""decrease"", ""coupled_feature_updates"": {""text_area_frac"": 0.04064595393256749, ""background_area_frac"": 0.7825018184339548, ""text_share"": 0.18687951154306554, ""text_to_graphic_ratio"": 0.2298300365025955, ""mean_text_height_frac"": 0.029121942934782562, ""max_text_height_frac"": 0.03407886939176693, ""text_height_std_frac"": 0.007420622263380698}, ""predicted_score"": 6.71331787109375, ""gain"": -0.012305259704589844}, {""feature"": ""text_area_frac"", ""current_value"": 0.0407661999458874, ""suggested_value"": 0.0369582143321449, ""direction"": ""decrease"", ""coupled_feature_updates"": {""text_area_frac"": 0.0369582143321449, ""background_area_frac"": 0.7861895580343775, ""text_share"": 0.17285504857656683, ""text_to_graphic_ratio"": 0.20897794066094544}, ""predicted_score"": 6.645057201385498, ""gain"": -0.0805659294128418}]","{""feature"": ""graphic_area_frac"", ""current_value"": 0.1768522276334776, ""suggested_value"": 0.14488246548566117, ""direction"": ""decrease"", ""coupled_feature_updates"": {""graphic_area_frac"": 0.14488246548566117, ""background_area_frac"": 0.8143513345684514, ""text_share"": 0.21958789658479128, ""text_to_graphic_ratio"": 0.28137428369426787}, ""predicted_score"": 6.757190227508545, ""gain"": 0.03156709671020508}",graphic_area_frac,0.03156709671020508,decrease,"['text_area_frac', 'graphic_area_frac', 'word_count', 'mean_text_height_frac']",The model suggests decreasing graphic coverage as the most promising change for this poster.,Largest estimated gain among tested feature-group changes; not a causal diagnosis.
overall_rating-00049,5.4379353523254395,"[{""feature"": ""graphic_area_frac"", ""current_value"": 0.7836905003478665, ""suggested_value"": 0.14488246548566117, ""direction"": ""decrease"", ""coupled_feature_updates"": {""graphic_area_frac"": 0.14488246548566117, ""background_area_frac"": 0.8551175345143388}, ""predicted_score"": 5.473715305328369, ""gain"": 0.03577995300292969}]","{""feature"": ""graphic_area_frac"", ""current_value"": 0.7836905003478665, ""suggested_value"": 0.14488246548566117, ""direction"": ""decrease"", ""coupled_feature_updates"": {""graphic_area_frac"": 0.14488246548566117, ""background_area_frac"": 0.8551175345143388}, ""predicted_score"": 5.473715305328369, ""gain"": 0.03577995300292969}",graphic_area_frac,0.03577995300292969,decrease,"['text_area_frac', 'graphic_area_frac', 'word_count', 'mean_text_height_frac']",The model suggests decreasing graphic coverage as the most promising change for this poster.,Largest estimated gain among tested feature-group changes; not a causal diagnosis.
overall_rating-00050,6.3019185066223145,"[{""feature"": ""graphic_area_frac"", ""current_value"": 0.4999732971191406, ""suggested_value"": 0.14488246548566117, ""direction"": ""decrease"", ""coupled_feature_updates"": {""graphic_area_frac"": 0.14488246548566117, ""background_area_frac"": 0.5681658336679846, ""text_share"": 0.66449513081309, ""text_to_graphic_ratio"": 1.9805826735793188}, ""predicted_score"": 6.4229865074157715, ""gain"": 0.12106800079345703}, {""feature"": ""mean_text_height_frac"", ""current_value"": 0.1910807291666666, ""suggested_value"": 0.00997266006842618, ""direction"": ""decrease"", ""coupled_feature_updates"": {""text_area_frac"": 0.014976244758315587, ""background_area_frac"": 0.48505045812254377, ""text_share"": 0.029082936366374164, ""text_to_graphic_ratio"": 0.029954089237583498, ""mean_text_height_frac"": 0.00997266006842618, ""max_text_height_frac"": 0.01009158446447215, ""text_height_std_frac"": 8.662825944008703e-05}, ""predicted_score"": 6.296078681945801, ""gain"": -0.005839824676513672}, {""feature"": ""text_area_frac"", ""current_value"": 0.2869517008463542, ""suggested_value"": 0.00529463026258678, ""direction"": ""decrease"", ""coupled_feature_updates"": {""text_area_frac"": 0.00529463026258678, ""background_area_frac"": 0.49473207261827257, ""text_share"": 0.010478856811718257, ""text_to_graphic_ratio"": 0.010589826082901987}, ""predicted_score"": 6.2266740798950195, ""gain"": -0.07524442672729492}]","{""feature"": ""graphic_area_frac"", ""current_value"": 0.4999732971191406, ""suggested_value"": 0.14488246548566117, ""direction"": ""decrease"", ""coupled_feature_updates"": {""graphic_area_frac"": 0.14488246548566117, ""background_area_frac"": 0.5681658336679846, ""text_share"": 0.66449513081309, ""text_to_graphic_ratio"": 1.9805826735793188}, ""predicted_score"": 6.4229865074157715, ""gain"": 0.12106800079345703}",graphic_area_frac,0.12106800079345703,decrease,"['text_area_frac', 'graphic_area_frac', 'word_count', 'mean_text_height_frac']",The model suggests decreasing graphic coverage as the most promising change for this poster.,Largest estimated gain among tested feature-group changes; not a causal diagnosis.
overall_rating-00051,5.673059463500977,"[{""feature"": ""graphic_area_frac"", ""current_value"": 0.7371627452761628, ""suggested_value"": 0.14488246548566117, ""direction"": ""decrease"", ""coupled_feature_updates"": {""graphic_area_frac"": 0.14488246548566117, ""background_area_frac"": 0.8100182317345423, ""text_share"": 0.23738753034859725, ""text_to_graphic_ratio"": 0.3112819941917673}, ""predicted_score"": 5.75968074798584, ""gain"": 0.08662128448486328}, {""feature"": ""text_area_frac"", ""current_value"": 0.0450993027797965, ""suggested_value"": 0.00529463026258678, ""direction"": ""decrease"", ""coupled_feature_updates"": {""text_area_frac"": 0.00529463026258678, ""background_area_frac"": 0.2575426244612504, ""text_share"": 0.007131224548405673, ""text_to_graphic_ratio"": 0.007182444170592555}, ""predicted_score"": 5.758073329925537, ""gain"": 0.08501386642456055}, {""feature"": ""word_count"", ""current_value"": 11.0, ""suggested_value"": 12.0, ""direction"": ""increase"", ""coupled_feature_updates"": {""word_count"": 12.0, ""char_count"": 46.0, ""text_block_count"": 8.0, ""text_area_frac"": 0.04919923939614163, ""background_area_frac"": 0.21363801532769555, ""text_share"": 0.06256563816045115, ""text_to_graphic_ratio"": 0.0667413535361315}, ""predicted_score"": 5.534289360046387, ""gain"": -0.13877010345458984}]","{""feature"": ""graphic_area_frac"", ""current_value"": 0.7371627452761628, ""suggested_value"": 0.14488246548566117, ""direction"": ""decrease"", ""coupled_feature_updates"": {""graphic_area_frac"": 0.14488246548566117, ""background_area_frac"": 0.8100182317345423, ""text_share"": 0.23738753034859725, ""text_to_graphic_ratio"": 0.3112819941917673}, ""predicted_score"": 5.75968074798584, ""gain"": 0.08662128448486328}",graphic_area_frac,0.08662128448486328,decrease,"['text_area_frac', 'graphic_area_frac', 'word_count', 'mean_text_height_frac']",The model suggests decreasing graphic coverage as the most promising change for this poster.,Largest estimated gain among tested feature-group changes; not a causal diagnosis.
overall_rating-00052,4.868852138519287,"[{""feature"": ""word_count"", ""current_value"": 16.0, ""suggested_value"": 1.0, ""direction"": ""decrease"", ""coupled_feature_updates"": {""word_count"": 1.0, ""char_count"": 4.0, ""text_block_count"": 1.0, ""text_area_frac"": 0.002095517006314581, ""background_area_frac"": 0.42171691123708377, ""text_share"": 0.0036236871647023013, ""text_to_graphic_ratio"": 0.003636866029452972}, ""predicted_score"": 5.779688358306885, ""gain"": 0.9108362197875977}, {""feature"": ""text_area_frac"", ""current_value"": 0.0335282721010333, ""suggested_value"": 0.0011603461371527204, ""direction"": ""decrease"", ""coupled_feature_updates"": {""text_area_frac"": 0.0011603461371527204, ""background_area_frac"": 0.4226520821062456, ""text_share"": 0.0020097866488993756, ""text_to_graphic_ratio"": 0.0020138340256372006}, ""predicted_score"": 5.44834566116333, ""gain"": 0.579493522644043}, {""feature"": ""mean_text_height_frac"", ""current_value"": 0.02288818359375, ""suggested_value"": 0.00997266006842618, ""direction"": ""decrease"", ""coupled_feature_updates"": {""text_area_frac"": 0.014608676087193155, ""background_area_frac"": 0.4092037521562052, ""text_share"": 0.024727096931488394, ""text_to_graphic_ratio"": 0.025354028450589844, ""mean_text_height_frac"": 0.00997266006842618, ""max_text_height_frac"": 0.011914004561746476, ""text_height_std_frac"": 0.001747717963601608}, ""predicted_score"": 5.423545837402344, ""gain"": 0.5546936988830566}]","{""feature"": ""word_count"", ""current_value"": 16.0, ""suggested_value"": 1.0, ""direction"": ""decrease"", ""coupled_feature_updates"": {""word_count"": 1.0, ""char_count"": 4.0, ""text_block_count"": 1.0, ""text_area_frac"": 0.002095517006314581, ""background_area_frac"": 0.42171691123708377, ""text_share"": 0.0036236871647023013, ""text_to_graphic_ratio"": 0.003636866029452972}, ""predicted_score"": 5.779688358306885, ""gain"": 0.9108362197875977}",word_count,0.9108362197875977,decrease,"['text_area_frac', 'graphic_area_frac', 'word_count', 'mean_text_height_frac']",The model suggests decreasing the amount of text as the most promising change for this poster.,Largest estimated gain among tested feature-group changes; not a causal diagnosis.
overall_rating-00053,6.47508430480957,"[{""feature"": ""graphic_area_frac"", ""current_value"": 0.5564415200242718, ""suggested_value"": 0.14488246548566117, ""direction"": ""decrease"", ""coupled_feature_updates"": {""graphic_area_frac"": 0.14488246548566117, ""background_area_frac"": 0.8539869026878825, ""text_share"": 0.00774335896758263, ""text_to_graphic_ratio"": 0.007803786487662976}, ""predicted_score"": 6.590644836425781, ""gain"": 0.11556053161621094}, {""feature"": ""word_count"", ""current_value"": 2.0, ""suggested_value"": 1.0, ""direction"": ""decrease"", ""coupled_feature_updates"": {""word_count"": 1.0, ""char_count"": 2.0, ""text_block_count"": 1.0, ""text_area_frac"": 0.00056531591322815, ""background_area_frac"": 0.4429931640625, ""text_share"": 0.001014917370406532, ""text_to_graphic_ratio"": 0.0010159484741603954}, ""predicted_score"": 6.501687049865723, ""gain"": 0.026602745056152344}, {""feature"": ""text_area_frac"", ""current_value"": 0.0011306318264563, ""suggested_value"": 0.0011603461371527204, ""direction"": ""increase"", ""coupled_feature_updates"": {""text_area_frac"": 0.0011603461371527204, ""background_area_frac"": 0.4423981338385754, ""text_share"": 0.002080958130826633, ""text_to_graphic_ratio"": 0.002085297547713741}, ""predicted_score"": 6.475103378295898, ""gain"": 1.9073486328125e-05}]","{""feature"": ""graphic_area_frac"", ""current_value"": 0.5564415200242718, ""suggested_value"": 0.14488246548566117, ""direction"": ""decrease"", ""coupled_feature_updates"": {""graphic_area_frac"": 0.14488246548566117, ""background_area_frac"": 0.8539869026878825, ""text_share"": 0.00774335896758263, ""text_to_graphic_ratio"": 0.007803786487662976}, ""predicted_score"": 6.590644836425781, ""gain"": 0.11556053161621094}",graphic_area_frac,0.11556053161621094,decrease,"['text_area_frac', 'graphic_area_frac', 'word_count', 'mean_text_height_frac']",The model suggests decreasing graphic coverage as the most promising change for this poster.,Largest estimated gain among tested feature-group changes; not a causal diagnosis.
overall_rating-00054,5.949328422546387,"[{""feature"": ""word_count"", ""current_value"": 6.0, ""suggested_value"": 22.0, ""direction"": ""increase"", ""coupled_feature_updates"": {""word_count"": 22.0, ""char_count"": 103.0, ""text_block_count"": 4.0, ""text_area_frac"": 0.027601016465053533, ""background_area_frac"": 0.8804145283479964, ""text_share"": 0.23080576665176436, ""text_to_graphic_ratio"": 0.30006174857433204}, ""predicted_score"": 6.2702155113220215, ""gain"": 0.32088708877563477}, {""feature"": ""mean_text_height_frac"", ""current_value"": 0.0118815104166666, ""suggested_value"": 0.0317639802631578, ""direction"": ""increase"", ""coupled_feature_updates"": {""text_area_frac"": 0.020124120545143624, ""background_area_frac"": 0.8878914242679062, ""text_share"": 0.17950563026716448, ""text_to_graphic_ratio"": 0.2187774065111672, ""mean_text_height_frac"": 0.0317639802631578, ""max_text_height_frac"": 0.03655033345349685, ""text_height_std_frac"": 0.002786146738361163}, ""predicted_score"": 6.1209845542907715, ""gain"": 0.17165613174438477}, {""feature"": ""graphic_area_frac"", ""current_value"": 0.0919844551869501, ""suggested_value"": 0.14488246548566117, ""direction"": ""increase"", ""coupled_feature_updates"": {""graphic_area_frac"": 0.14488246548566117, ""background_area_frac"": 0.8475899845693242, ""text_share"": 0.049390126519858094, ""text_to_graphic_ratio"": 0.05195625239936017}, ""predicted_score"": 6.0567307472229, ""gain"": 0.10740232467651367}]","{""feature"": ""word_count"", ""current_value"": 6.0, ""suggested_value"": 22.0, ""direction"": ""increase"", ""coupled_feature_updates"": {""word_count"": 22.0, ""char_count"": 103.0, ""text_block_count"": 4.0, ""text_area_frac"": 0.027601016465053533, ""background_area_frac"": 0.8804145283479964, ""text_share"": 0.23080576665176436, ""text_to_graphic_ratio"": 0.30006174857433204}, ""predicted_score"": 6.2702155113220215, ""gain"": 0.32088708877563477}",word_count,0.32088708877563477,increase,"['text_area_frac', 'graphic_area_frac', 'word_count', 'mean_text_height_frac']",The model suggests increasing the amount of text as the most promising change for this poster.,Largest estimated gain among tested feature-group changes; not a causal diagnosis.
overall_rating-00055,6.351717472076416,"[{""feature"": ""mean_text_height_frac"", ""current_value"": 0.0689149560117302, ""suggested_value"": 0.0123654277510124, ""direction"": ""decrease"", ""coupled_feature_updates"": {""text_area_frac"": 0.0024249789745076967, ""background_area_frac"": 0.5750523779165824, ""text_share"": 0.005706536167018886, ""text_to_graphic_ratio"": 0.005739287619391869, ""mean_text_height_frac"": 0.0123654277510124, ""max_text_height_frac"": 0.016838029277974332, ""text_height_std_frac"": 0.004472601526961915}, ""predicted_score"": 6.510738849639893, ""gain"": 0.15902137756347656}, {""feature"": ""graphic_area_frac"", ""current_value"": 0.42252264310891, ""suggested_value"": 0.14488246548566117, ""direction"": ""decrease"", ""coupled_feature_updates"": {""graphic_area_frac"": 0.14488246548566117, ""background_area_frac"": 0.8416026507009676, ""text_share"": 0.08532266400403558, ""text_to_graphic_ratio"": 0.09328170781790535}, ""predicted_score"": 6.460733413696289, ""gain"": 0.10901594161987305}, {""feature"": ""text_area_frac"", ""current_value"": 0.0135148838133712, ""suggested_value"": 0.00529463026258678, ""direction"": ""decrease"", ""coupled_feature_updates"": {""text_area_frac"": 0.00529463026258678, ""background_area_frac"": 0.5721827266285031, ""text_share"": 0.012375915121101639, ""text_to_graphic_ratio"": 0.012530997684831837}, ""predicted_score"": 6.398763179779053, ""gain"": 0.04704570770263672}]","{""feature"": ""mean_text_height_frac"", ""current_value"": 0.0689149560117302, ""suggested_value"": 0.0123654277510124, ""direction"": ""decrease"", ""coupled_feature_updates"": {""text_area_frac"": 0.0024249789745076967, ""background_area_frac"": 0.5750523779165824, ""text_share"": 0.005706536167018886, ""text_to_graphic_ratio"": 0.005739287619391869, ""mean_text_height_frac"": 0.0123654277510124, ""max_text_height_frac"": 0.016838029277974332, ""text_height_std_frac"": 0.004472601526961915}, ""predicted_score"": 6.510738849639893, ""gain"": 0.15902137756347656}",mean_text_height_frac,0.15902137756347656,decrease,"['text_area_frac', 'graphic_area_frac', 'word_count', 'mean_text_height_frac']",The model suggests decreasing text size as the most promising change for this poster.,Largest estimated gain among tested feature-group changes; not a causal diagnosis.
overall_rating-00056,4.346778392791748,"[{""feature"": ""graphic_area_frac"", ""current_value"": 0.8608933423913043, ""suggested_value"": 0.14488246548566117, ""direction"": ""decrease"", ""coupled_feature_updates"": {""graphic_area_frac"": 0.14488246548566117, ""background_area_frac"": 0.8194772491882519, ""text_share"": 0.19742821979958164, ""text_to_graphic_ratio"": 0.24599447011490963}, ""predicted_score"": 5.639347553253174, ""gain"": 1.2925691604614258}, {""feature"": ""word_count"", ""current_value"": 9.0, ""suggested_value"": 31.0, ""direction"": ""increase"", ""coupled_feature_updates"": {""word_count"": 31.0, ""char_count"": 127.0, ""text_block_count"": 14.0, ""text_area_frac"": 0.1227609827898549, ""background_area_frac"": 0.01634567481884075, ""text_share"": 0.12480093834513059, ""text_to_graphic_ratio"": 0.14259720309703125}, ""predicted_score"": 4.723477363586426, ""gain"": 0.37669897079467773}, {""feature"": ""mean_text_height_frac"", ""current_value"": 0.0245225694444444, ""suggested_value"": 0.00997266006842618, ""direction"": ""decrease"", ""coupled_feature_updates"": {""text_area_frac"": 0.014493931849352144, ""background_area_frac"": 0.12461272575934357, ""text_share"": 0.01655716535509923, ""text_to_graphic_ratio"": 0.01683592047429747, ""mean_text_height_frac"": 0.00997266006842618, ""max_text_height_frac"": 0.017871359857135442, ""text_height_std_frac"": 0.004685760750243587}, ""predicted_score"": 4.624187469482422, ""gain"": 0.27740907669067383}]","{""feature"": ""graphic_area_frac"", ""current_value"": 0.8608933423913043, ""suggested_value"": 0.14488246548566117, ""direction"": ""decrease"", ""coupled_feature_updates"": {""graphic_area_frac"": 0.14488246548566117, ""background_area_frac"": 0.8194772491882519, ""text_share"": 0.19742821979958164, ""text_to_graphic_ratio"": 0.24599447011490963}, ""predicted_score"": 5.639347553253174, ""gain"": 1.2925691604614258}",graphic_area_frac,1.2925691604614258,decrease,"['text_area_frac', 'graphic_area_frac', 'word_count', 'mean_text_height_frac']",The model suggests decreasing graphic coverage as the most promising change for this poster.,Largest estimated gain among tested feature-group changes; not a causal diagnosis.
overall_rating-00057,4.972689628601074,"[{""feature"": ""graphic_area_frac"", ""current_value"": 0.828767927510997, ""suggested_value"": 0.14488246548566117, ""direction"": ""decrease"", ""coupled_feature_updates"": {""graphic_area_frac"": 0.14488246548566117, ""background_area_frac"": 0.8551175345143388}, ""predicted_score"": 5.632480621337891, ""gain"": 0.6597909927368164}]","{""feature"": ""graphic_area_frac"", ""current_value"": 0.828767927510997, ""suggested_value"": 0.14488246548566117, ""direction"": ""decrease"", ""coupled_feature_updates"": {""graphic_area_frac"": 0.14488246548566117, ""background_area_frac"": 0.8551175345143388}, ""predicted_score"": 5.632480621337891, ""gain"": 0.6597909927368164}",graphic_area_frac,0.6597909927368164,decrease,"['text_area_frac', 'graphic_area_frac', 'word_count', 'mean_text_height_frac']",The model suggests decreasing graphic coverage as the most promising change for this poster.,Largest estimated gain among tested feature-group changes; not a causal diagnosis.
overall_rating-00058,5.136101245880127,"[{""feature"": ""graphic_area_frac"", ""current_value"": 0.3755224332466919, ""suggested_value"": 0.14488246548566117, ""direction"": ""decrease"", ""coupled_feature_updates"": {""graphic_area_frac"": 0.14488246548566117, ""background_area_frac"": 0.8551175345143388}, ""predicted_score"": 5.432037353515625, ""gain"": 0.29593610763549805}]","{""feature"": ""graphic_area_frac"", ""current_value"": 0.3755224332466919, ""suggested_value"": 0.14488246548566117, ""direction"": ""decrease"", ""coupled_feature_updates"": {""graphic_area_frac"": 0.14488246548566117, ""background_area_frac"": 0.8551175345143388}, ""predicted_score"": 5.432037353515625, ""gain"": 0.29593610763549805}",graphic_area_frac,0.29593610763549805,decrease,"['text_area_frac', 'graphic_area_frac', 'word_count', 'mean_text_height_frac']",The model suggests decreasing graphic coverage as the most promising change for this poster.,Largest estimated gain among tested feature-group changes; not a causal diagnosis.
overall_rating-00059,5.254829406738281,"[{""feature"": ""graphic_area_frac"", ""current_value"": 0.3561608021653543, ""suggested_value"": 0.14488246548566117, ""direction"": ""decrease"", ""coupled_feature_updates"": {""graphic_area_frac"": 0.14488246548566117, ""background_area_frac"": 0.8248774180445226, ""text_share"": 0.17267970887674758, ""text_to_graphic_ratio"": 0.20872171362109396}, ""predicted_score"": 6.338857650756836, ""gain"": 1.0840282440185547}, {""feature"": ""word_count"", ""current_value"": 10.0, ""suggested_value"": 1.0, ""direction"": ""decrease"", ""coupled_feature_updates"": {""word_count"": 1.0, ""char_count"": 4.0, ""text_block_count"": 1.0, ""text_area_frac"": 0.0030240116469816202, ""background_area_frac"": 0.6408151861876641, ""text_share"": 0.008419096606243444, ""text_to_graphic_ratio"": 0.00849057961627587}, ""predicted_score"": 6.1545538902282715, ""gain"": 0.8997244834899902}, {""feature"": ""text_area_frac"", ""current_value"": 0.0302401164698162, ""suggested_value"": 0.0011603461371527204, ""direction"": ""decrease"", ""coupled_feature_updates"": {""text_area_frac"": 0.0011603461371527204, ""background_area_frac"": 0.642678851697493, ""text_share"": 0.003247348058364502, ""text_to_graphic_ratio"": 0.0032579276835018136}, ""predicted_score"": 5.725601673126221, ""gain"": 0.47077226638793945}]","{""feature"": ""graphic_area_frac"", ""current_value"": 0.3561608021653543, ""suggested_value"": 0.14488246548566117, ""direction"": ""decrease"", ""coupled_feature_updates"": {""graphic_area_frac"": 0.14488246548566117, ""background_area_frac"": 0.8248774180445226, ""text_share"": 0.17267970887674758, ""text_to_graphic_ratio"": 0.20872171362109396}, ""predicted_score"": 6.338857650756836, ""gain"": 1.0840282440185547}",graphic_area_frac,1.0840282440185547,decrease,"['text_area_frac', 'graphic_area_frac', 'word_count', 'mean_text_height_frac']",The model suggests decreasing graphic coverage as the most promising change for this poster.,Largest estimated gain among tested feature-group changes; not a causal diagnosis.
overall_rating-00060,5.096105098724365,"[{""feature"": ""graphic_area_frac"", ""current_value"": 0.3071634311868687, ""suggested_value"": 0.14488246548566117, ""direction"": ""decrease"", ""coupled_feature_updates"": {""graphic_area_frac"": 0.14488246548566117, ""background_area_frac"": 0.8174402595323764, ""text_share"": 0.2063832632838583, ""text_to_graphic_ratio"": 0.2600540711097387}, ""predicted_score"": 5.8644118309021, ""gain"": 0.7683067321777344}, {""feature"": ""word_count"", ""current_value"": 7.0, ""suggested_value"": 1.0, ""direction"": ""decrease"", ""coupled_feature_updates"": {""word_count"": 1.0, ""char_count"": 4.0, ""text_block_count"": 1.0, ""text_area_frac"": 0.005382467854566056, ""background_area_frac"": 0.6874541009585653, ""text_share"": 0.01722136771294668, ""text_to_graphic_ratio"": 0.017523140153007113}, ""predicted_score"": 5.412655353546143, ""gain"": 0.31655025482177734}, {""feature"": ""text_area_frac"", ""current_value"": 0.0376772749819624, ""suggested_value"": 0.00529463026258678, ""direction"": ""decrease"", ""coupled_feature_updates"": {""text_area_frac"": 0.00529463026258678, ""background_area_frac"": 0.6875419385505446, ""text_share"": 0.01694509092844533, ""text_to_graphic_ratio"": 0.017237176450752994}, ""predicted_score"": 5.368045330047607, ""gain"": 0.2719402313232422}]","{""feature"": ""graphic_area_frac"", ""current_value"": 0.3071634311868687, ""suggested_value"": 0.14488246548566117, ""direction"": ""decrease"", ""coupled_feature_updates"": {""graphic_area_frac"": 0.14488246548566117, ""background_area_frac"": 0.8174402595323764, ""text_share"": 0.2063832632838583, ""text_to_graphic_ratio"": 0.2600540711097387}, ""predicted_score"": 5.8644118309021, ""gain"": 0.7683067321777344}",graphic_area_frac,0.7683067321777344,decrease,"['text_area_frac', 'graphic_area_frac', 'word_count', 'mean_text_height_frac']",The model suggests decreasing graphic coverage as the most promising change for this poster.,Largest estimated gain among tested feature-group changes; not a causal diagnosis.
overall_rating-00061,4.5829386711120605,"[{""feature"": ""mean_text_height_frac"", ""current_value"": 0.0185546875, ""suggested_value"": 0.00997266006842618, ""direction"": ""decrease"", ""coupled_feature_updates"": {""text_area_frac"": 0.005261582833182264, ""background_area_frac"": 0.4483221345130092, ""text_share"": 0.009537418777056841, ""text_to_graphic_ratio"": 0.009629257033901075, ""mean_text_height_frac"": 0.00997266006842618, ""max_text_height_frac"": 0.01102241375983946, ""text_height_std_frac"": 0.0011338635785409499}, ""predicted_score"": 5.174005031585693, ""gain"": 0.5910663604736328}, {""feature"": ""word_count"", ""current_value"": 3.0, ""suggested_value"": 1.0, ""direction"": ""decrease"", ""coupled_feature_updates"": {""word_count"": 1.0, ""char_count"": 6.0, ""text_block_count"": 1.0, ""text_area_frac"": 0.0032631556193033666, ""background_area_frac"": 0.45032056172688806, ""text_share"": 0.005936470226274038, ""text_to_graphic_ratio"": 0.005971922365590988}, ""predicted_score"": 5.086101055145264, ""gain"": 0.5031623840332031}, {""feature"": ""text_area_frac"", ""current_value"": 0.0097894668579101, ""suggested_value"": 0.0011603461371527204, ""direction"": ""decrease"", ""coupled_feature_updates"": {""text_area_frac"": 0.0011603461371527204, ""background_area_frac"": 0.45242337120903864, ""text_share"": 0.00211905708926026, ""text_to_graphic_ratio"": 0.0021235570278345414}, ""predicted_score"": 4.951479434967041, ""gain"": 0.36854076385498047}]","{""feature"": ""mean_text_height_frac"", ""current_value"": 0.0185546875, ""suggested_value"": 0.00997266006842618, ""direction"": ""decrease"", ""coupled_feature_updates"": {""text_area_frac"": 0.005261582833182264, ""background_area_frac"": 0.4483221345130092, ""text_share"": 0.009537418777056841, ""text_to_graphic_ratio"": 0.009629257033901075, ""mean_text_height_frac"": 0.00997266006842618, ""max_text_height_frac"": 0.01102241375983946, ""text_height_std_frac"": 0.0011338635785409499}, ""predicted_score"": 5.174005031585693, ""gain"": 0.5910663604736328}",mean_text_height_frac,0.5910663604736328,decrease,"['text_area_frac', 'graphic_area_frac', 'word_count', 'mean_text_height_frac']",The model suggests decreasing text size as the most promising change for this poster.,Largest estimated gain among tested feature-group changes; not a causal diagnosis.
overall_rating-00062,4.712172508239746,"[{""feature"": ""graphic_area_frac"", ""current_value"": 0.3058386908637153, ""suggested_value"": 0.14488246548566117, ""direction"": ""decrease"", ""coupled_feature_updates"": {""graphic_area_frac"": 0.14488246548566117, ""background_area_frac"": 0.8423713593841305, ""text_share"": 0.08086205070606352, ""text_to_graphic_ratio"": 0.08797596788183987}, ""predicted_score"": 5.340208530426025, ""gain"": 0.6280360221862793}, {""feature"": ""text_area_frac"", ""current_value"": 0.0127461751302083, ""suggested_value"": 0.18165415138406416, ""direction"": ""increase"", ""coupled_feature_updates"": {""text_area_frac"": 0.18165415138406416, ""background_area_frac"": 0.5125071577522206, ""text_share"": 0.37262937143133323, ""text_to_graphic_ratio"": 0.5939541229105346}, ""predicted_score"": 4.866507053375244, ""gain"": 0.15433454513549805}, {""feature"": ""word_count"", ""current_value"": 3.0, ""suggested_value"": 1.0, ""direction"": ""decrease"", ""coupled_feature_updates"": {""word_count"": 1.0, ""char_count"": 2.0, ""text_block_count"": 1.0, ""text_area_frac"": 0.004248725043402766, ""background_area_frac"": 0.6899125840928819, ""text_share"": 0.013701700957369408, ""text_to_graphic_ratio"": 0.013892045612031603}, ""predicted_score"": 4.820320129394531, ""gain"": 0.10814762115478516}]","{""feature"": ""graphic_area_frac"", ""current_value"": 0.3058386908637153, ""suggested_value"": 0.14488246548566117, ""direction"": ""decrease"", ""coupled_feature_updates"": {""graphic_area_frac"": 0.14488246548566117, ""background_area_frac"": 0.8423713593841305, ""text_share"": 0.08086205070606352, ""text_to_graphic_ratio"": 0.08797596788183987}, ""predicted_score"": 5.340208530426025, ""gain"": 0.6280360221862793}",graphic_area_frac,0.6280360221862793,decrease,"['text_area_frac', 'graphic_area_frac', 'word_count', 'mean_text_height_frac']",The model suggests decreasing graphic coverage as the most promising change for this poster.,Largest estimated gain among tested feature-group changes; not a causal diagnosis.
overall_rating-00063,3.788395881652832,"[{""feature"": ""text_area_frac"", ""current_value"": 0.0596790313720703, ""suggested_value"": 0.0011603461371527204, ""direction"": ""decrease"", ""coupled_feature_updates"": {""text_area_frac"": 0.0011603461371527204, ""background_area_frac"": 0.5175469292534722, ""text_share"": 0.0024050963865920663, ""text_to_graphic_ratio"": 0.002410894821014542}, ""predicted_score"": 4.488705635070801, ""gain"": 0.7003097534179688}, {""feature"": ""mean_text_height_frac"", ""current_value"": 0.0380859375, ""suggested_value"": 0.00997266006842618, ""direction"": ""decrease"", ""coupled_feature_updates"": {""text_area_frac"": 0.015626730813350694, ""background_area_frac"": 0.5030805445772744, ""text_share"": 0.03144721069545798, ""text_to_graphic_ratio"": 0.032468246483537855, ""mean_text_height_frac"": 0.00997266006842618, ""max_text_height_frac"": 0.019178192439281115, ""text_height_std_frac"": 0.006697434371171421}, ""predicted_score"": 4.434664726257324, ""gain"": 0.6462688446044922}, {""feature"": ""word_count"", ""current_value"": 6.0, ""suggested_value"": 31.0, ""direction"": ""increase"", ""coupled_feature_updates"": {""word_count"": 31.0, ""char_count"": 134.0, ""text_block_count"": 21.0, ""text_area_frac"": 0.3083416620890299, ""background_area_frac"": 0.2103656133015951, ""text_share"": 0.39048661922925954, ""text_to_graphic_ratio"": 0.6406530710375583}, ""predicted_score"": 4.28754186630249, ""gain"": 0.4991459846496582}]","{""feature"": ""text_area_frac"", ""current_value"": 0.0596790313720703, ""suggested_value"": 0.0011603461371527204, ""direction"": ""decrease"", ""coupled_feature_updates"": {""text_area_frac"": 0.0011603461371527204, ""background_area_frac"": 0.5175469292534722, ""text_share"": 0.0024050963865920663, ""text_to_graphic_ratio"": 0.002410894821014542}, ""predicted_score"": 4.488705635070801, ""gain"": 0.7003097534179688}",text_area_frac,0.7003097534179688,decrease,"['text_area_frac', 'graphic_area_frac', 'word_count', 'mean_text_height_frac']",The model suggests decreasing text coverage as the most promising change for this poster.,Largest estimated gain among tested feature-group changes; not a causal diagnosis.
overall_rating-00064,4.130988121032715,"[{""feature"": ""graphic_area_frac"", ""current_value"": 0.8338775634765625, ""suggested_value"": 0.14488246548566117, ""direction"": ""decrease"", ""coupled_feature_updates"": {""graphic_area_frac"": 0.14488246548566117, ""background_area_frac"": 0.8542020071705888, ""text_share"": 0.006279423509082183, ""text_to_graphic_ratio"": 0.006319103838280614}, ""predicted_score"": 5.085566997528076, ""gain"": 0.9545788764953613}, {""feature"": ""word_count"", ""current_value"": 1.0, ""suggested_value"": 31.0, ""direction"": ""increase"", ""coupled_feature_updates"": {""word_count"": 31.0, ""char_count"": 62.0, ""text_block_count"": 31.0, ""text_area_frac"": 0.02838134765625, ""background_area_frac"": 0.1377410888671875, ""text_share"": 0.032915110867295476, ""text_to_graphic_ratio"": 0.034035389485626455}, ""predicted_score"": 4.596817493438721, ""gain"": 0.46582937240600586}, {""feature"": ""text_area_frac"", ""current_value"": 0.00091552734375, ""suggested_value"": 0.1191662747948016, ""direction"": ""increase"", ""coupled_feature_updates"": {""text_area_frac"": 0.1191662747948016, ""background_area_frac"": 0.046956161728635926, ""text_share"": 0.12503755861949228, ""text_to_graphic_ratio"": 0.14290620111899793}, ""predicted_score"": 4.462579727172852, ""gain"": 0.3315916061401367}]","{""feature"": ""graphic_area_frac"", ""current_value"": 0.8338775634765625, ""suggested_value"": 0.14488246548566117, ""direction"": ""decrease"", ""coupled_feature_updates"": {""graphic_area_frac"": 0.14488246548566117, ""background_area_frac"": 0.8542020071705888, ""text_share"": 0.006279423509082183, ""text_to_graphic_ratio"": 0.006319103838280614}, ""predicted_score"": 5.085566997528076, ""gain"": 0.9545788764953613}",graphic_area_frac,0.9545788764953613,decrease,"['text_area_frac', 'graphic_area_frac', 'word_count', 'mean_text_height_frac']",The model suggests decreasing graphic coverage as the most promising change for this poster.,Largest estimated gain among tested feature-group changes; not a causal diagnosis.
overall_rating-00065,4.422203540802002,"[{""feature"": ""graphic_area_frac"", ""current_value"": 0.6416778564453125, ""suggested_value"": 0.14488246548566117, ""direction"": ""decrease"", ""coupled_feature_updates"": {""graphic_area_frac"": 0.14488246548566117, ""background_area_frac"": 0.8028527911332625, ""text_share"": 0.26510516522912014, ""text_to_graphic_ratio"": 0.36073891485680765}, ""predicted_score"": 5.288259983062744, ""gain"": 0.8660564422607422}, {""feature"": ""word_count"", ""current_value"": 8.0, ""suggested_value"": 31.0, ""direction"": ""increase"", ""coupled_feature_updates"": {""word_count"": 31.0, ""char_count"": 229.0, ""text_block_count"": 19.0, ""text_area_frac"": 0.20252588060167065, ""background_area_frac"": 0.15579626295301685, ""text_share"": 0.23990166320526404, ""text_to_graphic_ratio"": 0.3156192450267778}, ""predicted_score"": 5.171224594116211, ""gain"": 0.749021053314209}, {""feature"": ""mean_text_height_frac"", ""current_value"": 0.02294921875, ""suggested_value"": 0.00997266006842618, ""direction"": ""decrease"", ""coupled_feature_updates"": {""text_area_frac"": 0.022711819734735024, ""background_area_frac"": 0.3356103238199525, ""text_share"": 0.03418448622699578, ""text_to_graphic_ratio"": 0.03539442651262917, ""mean_text_height_frac"": 0.00997266006842618, ""max_text_height_frac"": 0.01739910905555206, ""text_height_std_frac"": 0.005342663071342742}, ""predicted_score"": 4.753843784332275, ""gain"": 0.33164024353027344}]","{""feature"": ""graphic_area_frac"", ""current_value"": 0.6416778564453125, ""suggested_value"": 0.14488246548566117, ""direction"": ""decrease"", ""coupled_feature_updates"": {""graphic_area_frac"": 0.14488246548566117, ""background_area_frac"": 0.8028527911332625, ""text_share"": 0.26510516522912014, ""text_to_graphic_ratio"": 0.36073891485680765}, ""predicted_score"": 5.288259983062744, ""gain"": 0.8660564422607422}",graphic_area_frac,0.8660564422607422,decrease,"['text_area_frac', 'graphic_area_frac', 'word_count', 'mean_text_height_frac']",The model suggests decreasing graphic coverage as the most promising change for this poster.,Largest estimated gain among tested feature-group changes; not a causal diagnosis.
overall_rating-00066,3.368051290512085,"[{""feature"": ""mean_text_height_frac"", ""current_value"": 0.0274522569444444, ""suggested_value"": 0.00997266006842618, ""direction"": ""decrease"", ""coupled_feature_updates"": {""text_area_frac"": 0.010942433818981486, ""background_area_frac"": 0.5185022607000616, ""text_share"": 0.022725825950690785, ""text_to_graphic_ratio"": 0.02325429910475065, ""mean_text_height_frac"": 0.00997266006842618, ""max_text_height_frac"": 0.01383558768386401, ""text_height_std_frac"": 0.002265056445021857}, ""predicted_score"": 4.610376834869385, ""gain"": 1.2423255443572998}, {""feature"": ""word_count"", ""current_value"": 9.0, ""suggested_value"": 1.0, ""direction"": ""decrease"", ""coupled_feature_updates"": {""word_count"": 1.0, ""char_count"": 4.0, ""text_block_count"": 1.0, ""text_area_frac"": 0.0033468670315212664, ""background_area_frac"": 0.5260978274875217, ""text_share"": 0.007062358490101965, ""text_to_graphic_ratio"": 0.007112590151545346}, ""predicted_score"": 4.376212120056152, ""gain"": 1.0081608295440674}, {""feature"": ""text_area_frac"", ""current_value"": 0.0301218032836914, ""suggested_value"": 0.0011603461371527204, ""direction"": ""decrease"", ""coupled_feature_updates"": {""text_area_frac"": 0.0011603461371527204, ""background_area_frac"": 0.5282843483818902, ""text_share"": 0.002459842350306643, ""text_to_graphic_ratio"": 0.0024659080954718485}, ""predicted_score"": 4.290286540985107, ""gain"": 0.9222352504730225}]","{""feature"": ""mean_text_height_frac"", ""current_value"": 0.0274522569444444, ""suggested_value"": 0.00997266006842618, ""direction"": ""decrease"", ""coupled_feature_updates"": {""text_area_frac"": 0.010942433818981486, ""background_area_frac"": 0.5185022607000616, ""text_share"": 0.022725825950690785, ""text_to_graphic_ratio"": 0.02325429910475065, ""mean_text_height_frac"": 0.00997266006842618, ""max_text_height_frac"": 0.01383558768386401, ""text_height_std_frac"": 0.002265056445021857}, ""predicted_score"": 4.610376834869385, ""gain"": 1.2423255443572998}",mean_text_height_frac,1.2423255443572998,decrease,"['text_area_frac', 'graphic_area_frac', 'word_count', 'mean_text_height_frac']",The model suggests decreasing text size as the most promising change for this poster.,Largest estimated gain among tested feature-group changes; not a causal diagnosis.
overall_rating-00067,4.704829216003418,"[{""feature"": ""word_count"", ""current_value"": 7.0, ""suggested_value"": 19.0, ""direction"": ""increase"", ""coupled_feature_updates"": {""word_count"": 19.0, ""char_count"": 90.0, ""text_block_count"": 16.0, ""text_area_frac"": 0.6019812176324015, ""background_area_frac"": 0.018910807418898057, ""text_share"": 0.6135845977965338, ""text_to_graphic_ratio"": 1.5878885631827175}, ""predicted_score"": 5.31755256652832, ""gain"": 0.6127233505249023}, {""feature"": ""graphic_area_frac"", ""current_value"": 0.3791079749487004, ""suggested_value"": 0.14488246548566117, ""direction"": ""decrease"", ""coupled_feature_updates"": {""graphic_area_frac"": 0.14488246548566117, ""background_area_frac"": 0.6333349806497698, ""text_share"": 0.6048642280018736, ""text_to_graphic_ratio"": 1.5307756747590586}, ""predicted_score"": 5.244493007659912, ""gain"": 0.5396637916564941}, {""feature"": ""mean_text_height_frac"", ""current_value"": 0.0539899553571428, ""suggested_value"": 0.07097372555865916, ""direction"": ""increase"", ""coupled_feature_updates"": {""text_area_frac"": 0.2915493077843411, ""background_area_frac"": 0.3293427172669584, ""text_share"": 0.4347217502749371, ""text_to_graphic_ratio"": 0.7690402920798292, ""mean_text_height_frac"": 0.07097372555865916, ""max_text_height_frac"": 0.26702259538348283, ""text_height_std_frac"": 0.08079028258372535}, ""predicted_score"": 5.1331377029418945, ""gain"": 0.42830848693847656}]","{""feature"": ""word_count"", ""current_value"": 7.0, ""suggested_value"": 19.0, ""direction"": ""increase"", ""coupled_feature_updates"": {""word_count"": 19.0, ""char_count"": 90.0, ""text_block_count"": 16.0, ""text_area_frac"": 0.6019812176324015, ""background_area_frac"": 0.018910807418898057, ""text_share"": 0.6135845977965338, ""text_to_graphic_ratio"": 1.5878885631827175}, ""predicted_score"": 5.31755256652832, ""gain"": 0.6127233505249023}",word_count,0.6127233505249023,increase,"['text_area_frac', 'graphic_area_frac', 'word_count', 'mean_text_height_frac']",The model suggests increasing the amount of text as the most promising change for this poster.,Largest estimated gain among tested feature-group changes; not a causal diagnosis.
overall_rating-00068,3.539919853210449,"[{""feature"": ""word_count"", ""current_value"": 4.0, ""suggested_value"": 31.0, ""direction"": ""increase"", ""coupled_feature_updates"": {""word_count"": 31.0, ""char_count"": 116.0, ""text_block_count"": 31.0, ""text_area_frac"": 0.5011746883392334, ""background_area_frac"": 0.13716340065002441, ""text_share"": 0.5808454216207299, ""text_to_graphic_ratio"": 1.3857546871291828}, ""predicted_score"": 4.421554088592529, ""gain"": 0.8816342353820801}, {""feature"": ""mean_text_height_frac"", ""current_value"": 0.0517578125, ""suggested_value"": 0.00997266006842618, ""direction"": ""decrease"", ""coupled_feature_updates"": {""text_area_frac"": 0.012460128732678192, ""background_area_frac"": 0.6258779602565796, ""text_share"": 0.03330498449442746, ""text_to_graphic_ratio"": 0.03445242187062408, ""mean_text_height_frac"": 0.00997266006842618, ""max_text_height_frac"": 0.017311032571607706, ""text_height_std_frac"": 0.0056933032980291546}, ""predicted_score"": 4.3787078857421875, ""gain"": 0.8387880325317383}, {""feature"": ""text_area_frac"", ""current_value"": 0.0646677017211914, ""suggested_value"": 0.0011603461371527204, ""direction"": ""decrease"", ""coupled_feature_updates"": {""text_area_frac"": 0.0011603461371527204, ""background_area_frac"": 0.637177742852105, ""text_share"": 0.0031981117869506444, ""text_to_graphic_ratio"": 0.003208372520926749}, ""predicted_score"": 4.29157829284668, ""gain"": 0.7516584396362305}]","{""feature"": ""word_count"", ""current_value"": 4.0, ""suggested_value"": 31.0, ""direction"": ""increase"", ""coupled_feature_updates"": {""word_count"": 31.0, ""char_count"": 116.0, ""text_block_count"": 31.0, ""text_area_frac"": 0.5011746883392334, ""background_area_frac"": 0.13716340065002441, ""text_share"": 0.5808454216207299, ""text_to_graphic_ratio"": 1.3857546871291828}, ""predicted_score"": 4.421554088592529, ""gain"": 0.8816342353820801}",word_count,0.8816342353820801,increase,"['text_area_frac', 'graphic_area_frac', 'word_count', 'mean_text_height_frac']",The model suggests increasing the amount of text as the most promising change for this poster.,Largest estimated gain among tested feature-group changes; not a causal diagnosis.
overall_rating-00069,3.7355897426605225,"[{""feature"": ""mean_text_height_frac"", ""current_value"": 0.0302734375, ""suggested_value"": 0.00997266006842618, ""direction"": ""decrease"", ""coupled_feature_updates"": {""text_area_frac"": 0.007725795627606369, ""background_area_frac"": 0.38590518581770616, ""text_share"": 0.012580786303974502, ""text_to_graphic_ratio"": 0.012741079097380684, ""mean_text_height_frac"": 0.00997266006842618, ""max_text_height_frac"": 0.023805704679468943, ""text_height_std_frac"": 0.004986041765385865}, ""predicted_score"": 4.9045281410217285, ""gain"": 1.168938398361206}, {""feature"": ""word_count"", ""current_value"": 9.0, ""suggested_value"": 2.0, ""direction"": ""decrease"", ""coupled_feature_updates"": {""word_count"": 2.0, ""char_count"": 8.0, ""text_block_count"": 1.0, ""text_area_frac"": 0.005211724175347222, ""background_area_frac"": 0.3884192572699653, ""text_share"": 0.008521727077413542, ""text_to_graphic_ratio"": 0.00859497107515427}, ""predicted_score"": 4.622395992279053, ""gain"": 0.8868062496185303}, {""feature"": ""text_area_frac"", ""current_value"": 0.0234527587890625, ""suggested_value"": 0.0011603461371527204, ""direction"": ""decrease"", ""coupled_feature_updates"": {""text_area_frac"": 0.0011603461371527204, ""background_area_frac"": 0.39247063530815973, ""text_share"": 0.0019099424728898295, ""text_to_graphic_ratio"": 0.0019135973337134978}, ""predicted_score"": 4.472655296325684, ""gain"": 0.7370655536651611}]","{""feature"": ""mean_text_height_frac"", ""current_value"": 0.0302734375, ""suggested_value"": 0.00997266006842618, ""direction"": ""decrease"", ""coupled_feature_updates"": {""text_area_frac"": 0.007725795627606369, ""background_area_frac"": 0.38590518581770616, ""text_share"": 0.012580786303974502, ""text_to_graphic_ratio"": 0.012741079097380684, ""mean_text_height_frac"": 0.00997266006842618, ""max_text_height_frac"": 0.023805704679468943, ""text_height_std_frac"": 0.004986041765385865}, ""predicted_score"": 4.9045281410217285, ""gain"": 1.168938398361206}",mean_text_height_frac,1.168938398361206,decrease,"['text_area_frac', 'graphic_area_frac', 'word_count', 'mean_text_height_frac']",The model suggests decreasing text size as the most promising change for this poster.,Largest estimated gain among tested feature-group changes; not a causal diagnosis.
overall_rating-00070,3.681342601776123,"[{""feature"": ""mean_text_height_frac"", ""current_value"": 0.0712890625, ""suggested_value"": 0.00997266006842618, ""direction"": ""decrease"", ""coupled_feature_updates"": {""text_area_frac"": 0.009252646605384432, ""background_area_frac"": 0.8423832863169789, ""text_share"": 0.05870346100472687, ""text_to_graphic_ratio"": 0.0623644713146254, ""mean_text_height_frac"": 0.00997266006842618, ""max_text_height_frac"": 0.014071013521204061, ""text_height_std_frac"": 0.0028979735181585368}, ""predicted_score"": 4.629890441894531, ""gain"": 0.9485478401184082}, {""feature"": ""word_count"", ""current_value"": 3.0, ""suggested_value"": 31.0, ""direction"": ""increase"", ""coupled_feature_updates"": {""word_count"": 31.0, ""char_count"": 155.0, ""text_block_count"": 10.0, ""text_area_frac"": 0.6834681828816725, ""background_area_frac"": 0.16816775004069076, ""text_share"": 0.8216418429498324, ""text_to_graphic_ratio"": 4.606696192306617}, ""predicted_score"": 4.487558841705322, ""gain"": 0.8062162399291992}, {""feature"": ""text_area_frac"", ""current_value"": 0.0661420822143554, ""suggested_value"": 0.0011603461371527204, ""direction"": ""decrease"", ""coupled_feature_updates"": {""text_area_frac"": 0.0011603461371527204, ""background_area_frac"": 0.8504755867852105, ""text_share"": 0.007760245382042744, ""text_to_graphic_ratio"": 0.007820937778320197}, ""predicted_score"": 4.428614616394043, ""gain"": 0.7472720146179199}]","{""feature"": ""mean_text_height_frac"", ""current_value"": 0.0712890625, ""suggested_value"": 0.00997266006842618, ""direction"": ""decrease"", ""coupled_feature_updates"": {""text_area_frac"": 0.009252646605384432, ""background_area_frac"": 0.8423832863169789, ""text_share"": 0.05870346100472687, ""text_to_graphic_ratio"": 0.0623644713146254, ""mean_text_height_frac"": 0.00997266006842618, ""max_text_height_frac"": 0.014071013521204061, ""text_height_std_frac"": 0.0028979735181585368}, ""predicted_score"": 4.629890441894531, ""gain"": 0.9485478401184082}",mean_text_height_frac,0.9485478401184082,decrease,"['text_area_frac', 'graphic_area_frac', 'word_count', 'mean_text_height_frac']",The model suggests decreasing text size as the most promising change for this poster.,Largest estimated gain among tested feature-group changes; not a causal diagnosis.
overall_rating-00071,5.548644542694092,"[{""feature"": ""graphic_area_frac"", ""current_value"": 0.6617151896158854, ""suggested_value"": 0.14488246548566117, ""direction"": ""decrease"", ""coupled_feature_updates"": {""graphic_area_frac"": 0.14488246548566117, ""background_area_frac"": 0.8181505748789222, ""text_share"": 0.20328334615742397, ""text_to_graphic_ratio"": 0.25515137053679676}, ""predicted_score"": 6.565682888031006, ""gain"": 1.017038345336914}, {""feature"": ""word_count"", ""current_value"": 9.0, ""suggested_value"": 1.0, ""direction"": ""decrease"", ""coupled_feature_updates"": {""word_count"": 1.0, ""char_count"": 5.0, ""text_block_count"": 1.0, ""text_area_frac"": 0.0041074399594907334, ""background_area_frac"": 0.3341773704246239, ""text_share"": 0.006168970198730292, ""text_to_graphic_ratio"": 0.006207262616829204}, ""predicted_score"": 6.387753963470459, ""gain"": 0.8391094207763672}, {""feature"": ""text_area_frac"", ""current_value"": 0.0369669596354166, ""suggested_value"": 0.00529463026258678, ""direction"": ""decrease"", ""coupled_feature_updates"": {""text_area_frac"": 0.00529463026258678, ""background_area_frac"": 0.3329901801215278, ""text_share"": 0.007937859540885696, ""text_to_graphic_ratio"": 0.008001373318421517}, ""predicted_score"": 6.004448890686035, ""gain"": 0.45580434799194336}]","{""feature"": ""graphic_area_frac"", ""current_value"": 0.6617151896158854, ""suggested_value"": 0.14488246548566117, ""direction"": ""decrease"", ""coupled_feature_updates"": {""graphic_area_frac"": 0.14488246548566117, ""background_area_frac"": 0.8181505748789222, ""text_share"": 0.20328334615742397, ""text_to_graphic_ratio"": 0.25515137053679676}, ""predicted_score"": 6.565682888031006, ""gain"": 1.017038345336914}",graphic_area_frac,1.017038345336914,decrease,"['text_area_frac', 'graphic_area_frac', 'word_count', 'mean_text_height_frac']",The model suggests decreasing graphic coverage as the most promising change for this poster.,Largest estimated gain among tested feature-group changes; not a causal diagnosis.
overall_rating-00072,4.169844150543213,"[{""feature"": ""mean_text_height_frac"", ""current_value"": 0.1025390625, ""suggested_value"": 0.00997266006842618, ""direction"": ""decrease"", ""coupled_feature_updates"": {""text_area_frac"": 0.004725605076508975, ""background_area_frac"": 0.435363620692534, ""text_share"": 0.008369289067603104, ""text_to_graphic_ratio"": 0.008439925241659513, ""mean_text_height_frac"": 0.00997266006842618, ""max_text_height_frac"": 0.00997266006842618}, ""predicted_score"": 5.527492046356201, ""gain"": 1.3576478958129883}, {""feature"": ""text_area_frac"", ""current_value"": 0.048588752746582, ""suggested_value"": 0.0011603461371527204, ""direction"": ""decrease"", ""coupled_feature_updates"": {""text_area_frac"": 0.0011603461371527204, ""background_area_frac"": 0.4389288796318902, ""text_share"": 0.0020680910049182995, ""text_to_graphic_ratio"": 0.0020723768688796305}, ""predicted_score"": 4.505424976348877, ""gain"": 0.33558082580566406}, {""feature"": ""word_count"", ""current_value"": 1.0, ""suggested_value"": 9.0, ""direction"": ""increase"", ""coupled_feature_updates"": {""word_count"": 9.0, ""char_count"": 90.0, ""text_block_count"": 9.0, ""text_area_frac"": 0.43729877471923795, ""background_area_frac"": 0.0027904510498050206, ""text_share"": 0.4385224501506238, ""text_to_graphic_ratio"": 0.7810151096304088}, ""predicted_score"": 4.451561450958252, ""gain"": 0.28171730041503906}]","{""feature"": ""mean_text_height_frac"", ""current_value"": 0.1025390625, ""suggested_value"": 0.00997266006842618, ""direction"": ""decrease"", ""coupled_feature_updates"": {""text_area_frac"": 0.004725605076508975, ""background_area_frac"": 0.435363620692534, ""text_share"": 0.008369289067603104, ""text_to_graphic_ratio"": 0.008439925241659513, ""mean_text_height_frac"": 0.00997266006842618, ""max_text_height_frac"": 0.00997266006842618}, ""predicted_score"": 5.527492046356201, ""gain"": 1.3576478958129883}",mean_text_height_frac,1.3576478958129883,decrease,"['text_area_frac', 'graphic_area_frac', 'word_count', 'mean_text_height_frac']",The model suggests decreasing text size as the most promising change for this poster.,Largest estimated gain among tested feature-group changes; not a causal diagnosis.
overall_rating-00073,4.4735002517700195,"[{""feature"": ""graphic_area_frac"", ""current_value"": 0.3434049097324047, ""suggested_value"": 0.14488246548566117, ""direction"": ""decrease"", ""coupled_feature_updates"": {""graphic_area_frac"": 0.14488246548566117, ""background_area_frac"": 0.8283093187885324, ""text_share"": 0.1561425205878665, ""text_to_graphic_ratio"": 0.185034231961352}, ""predicted_score"": 6.0240631103515625, ""gain"": 1.550562858581543}, {""feature"": ""word_count"", ""current_value"": 5.0, ""suggested_value"": 31.0, ""direction"": ""increase"", ""coupled_feature_updates"": {""word_count"": 31.0, ""char_count"": 112.0, ""text_block_count"": 12.0, ""text_area_frac"": 0.16621093749999968, ""background_area_frac"": 0.4903841527675956, ""text_share"": 0.32614946808002443, ""text_to_graphic_ratio"": 0.48400862302614756}, ""predicted_score"": 5.271728992462158, ""gain"": 0.7982287406921387}, {""feature"": ""text_area_frac"", ""current_value"": 0.0268082157258064, ""suggested_value"": 0.0011603461371527204, ""direction"": ""decrease"", ""coupled_feature_updates"": {""text_area_frac"": 0.0011603461371527204, ""background_area_frac"": 0.6554347441304426, ""text_share"": 0.003367565700216723, ""text_to_graphic_ratio"": 0.0033789445178780647}, ""predicted_score"": 5.146348476409912, ""gain"": 0.6728482246398926}]","{""feature"": ""graphic_area_frac"", ""current_value"": 0.3434049097324047, ""suggested_value"": 0.14488246548566117, ""direction"": ""decrease"", ""coupled_feature_updates"": {""graphic_area_frac"": 0.14488246548566117, ""background_area_frac"": 0.8283093187885324, ""text_share"": 0.1561425205878665, ""text_to_graphic_ratio"": 0.185034231961352}, ""predicted_score"": 6.0240631103515625, ""gain"": 1.550562858581543}",graphic_area_frac,1.550562858581543,decrease,"['text_area_frac', 'graphic_area_frac', 'word_count', 'mean_text_height_frac']",The model suggests decreasing graphic coverage as the most promising change for this poster.,Largest estimated gain among tested feature-group changes; not a causal diagnosis.
overall_rating-00074,3.9587700366973877,"[{""feature"": ""mean_text_height_frac"", ""current_value"": 0.0322265625, ""suggested_value"": 0.00997266006842618, ""direction"": ""decrease"", ""coupled_feature_updates"": {""text_area_frac"": 0.00397112079429281, ""background_area_frac"": 0.6422843723697697, ""text_share"": 0.01110133437725496, ""text_to_graphic_ratio"": 0.011225957485000803, ""mean_text_height_frac"": 0.00997266006842618, ""max_text_height_frac"": 0.016016696473532953, ""text_height_std_frac"": 0.004337412094108849}, ""predicted_score"": 4.7582807540893555, ""gain"": 0.7995107173919678}, {""feature"": ""text_area_frac"", ""current_value"": 0.0128326416015625, ""suggested_value"": 0.0011603461371527204, ""direction"": ""decrease"", ""coupled_feature_updates"": {""text_area_frac"": 0.0011603461371527204, ""background_area_frac"": 0.6450951470269097, ""text_share"": 0.0032694569472136825, ""text_to_graphic_ratio"": 0.003280181358945809}, ""predicted_score"": 4.411347389221191, ""gain"": 0.4525773525238037}, {""feature"": ""word_count"", ""current_value"": 3.0, ""suggested_value"": 1.0, ""direction"": ""decrease"", ""coupled_feature_updates"": {""word_count"": 1.0, ""char_count"": 5.0, ""text_block_count"": 1.0, ""text_area_frac"": 0.004277547200520833, ""background_area_frac"": 0.6419779459635416, ""text_share"": 0.011947719846569114, ""text_to_graphic_ratio"": 0.012092193992724553}, ""predicted_score"": 4.407826900482178, ""gain"": 0.44905686378479004}]","{""feature"": ""mean_text_height_frac"", ""current_value"": 0.0322265625, ""suggested_value"": 0.00997266006842618, ""direction"": ""decrease"", ""coupled_feature_updates"": {""text_area_frac"": 0.00397112079429281, ""background_area_frac"": 0.6422843723697697, ""text_share"": 0.01110133437725496, ""text_to_graphic_ratio"": 0.011225957485000803, ""mean_text_height_frac"": 0.00997266006842618, ""max_text_height_frac"": 0.016016696473532953, ""text_height_std_frac"": 0.004337412094108849}, ""predicted_score"": 4.7582807540893555, ""gain"": 0.7995107173919678}",mean_text_height_frac,0.7995107173919678,decrease,"['text_area_frac', 'graphic_area_frac', 'word_count', 'mean_text_height_frac']",The model suggests decreasing text size as the most promising change for this poster.,Largest estimated gain among tested feature-group changes; not a causal diagnosis.
overall_rating-00075,4.594055652618408,"[{""feature"": ""graphic_area_frac"", ""current_value"": 0.3475860864186217, ""suggested_value"": 0.14488246548566117, ""direction"": ""decrease"", ""coupled_feature_updates"": {""graphic_area_frac"": 0.14488246548566117, ""background_area_frac"": 0.8551175345143388}, ""predicted_score"": 5.632480621337891, ""gain"": 1.0384249687194824}]","{""feature"": ""graphic_area_frac"", ""current_value"": 0.3475860864186217, ""suggested_value"": 0.14488246548566117, ""direction"": ""decrease"", ""coupled_feature_updates"": {""graphic_area_frac"": 0.14488246548566117, ""background_area_frac"": 0.8551175345143388}, ""predicted_score"": 5.632480621337891, ""gain"": 1.0384249687194824}",graphic_area_frac,1.0384249687194824,decrease,"['text_area_frac', 'graphic_area_frac', 'word_count', 'mean_text_height_frac']",The model suggests decreasing graphic coverage as the most promising change for this poster.,Largest estimated gain among tested feature-group changes; not a causal diagnosis.
overall_rating-00076,4.740940093994141,"[{""feature"": ""graphic_area_frac"", ""current_value"": 0.4657830132378472, ""suggested_value"": 0.14488246548566117, ""direction"": ""decrease"", ""coupled_feature_updates"": {""graphic_area_frac"": 0.14488246548566117, ""background_area_frac"": 0.8406522024830888, ""text_share"": 0.09077836190183194, ""text_to_graphic_ratio"": 0.0998418406448337}, ""predicted_score"": 5.289971351623535, ""gain"": 0.5490312576293945}, {""feature"": ""word_count"", ""current_value"": 6.0, ""suggested_value"": 24.0, ""direction"": ""increase"", ""coupled_feature_updates"": {""word_count"": 24.0, ""char_count"": 160.0, ""text_block_count"": 12.0, ""text_area_frac"": 0.057861328125, ""background_area_frac"": 0.4763556586371528, ""text_share"": 0.11049738067331913, ""text_to_graphic_ratio"": 0.12422378335092636}, ""predicted_score"": 5.247908115386963, ""gain"": 0.5069680213928223}, {""feature"": ""text_area_frac"", ""current_value"": 0.01446533203125, ""suggested_value"": 0.18165415138406416, ""direction"": ""increase"", ""coupled_feature_updates"": {""text_area_frac"": 0.18165415138406416, ""background_area_frac"": 0.35256283537808863, ""text_share"": 0.28057417972004445, ""text_to_graphic_ratio"": 0.3899973726420641}, ""predicted_score"": 5.074217319488525, ""gain"": 0.33327722549438477}]","{""feature"": ""graphic_area_frac"", ""current_value"": 0.4657830132378472, ""suggested_value"": 0.14488246548566117, ""direction"": ""decrease"", ""coupled_feature_updates"": {""graphic_area_frac"": 0.14488246548566117, ""background_area_frac"": 0.8406522024830888, ""text_share"": 0.09077836190183194, ""text_to_graphic_ratio"": 0.0998418406448337}, ""predicted_score"": 5.289971351623535, ""gain"": 0.5490312576293945}",graphic_area_frac,0.5490312576293945,decrease,"['text_area_frac', 'graphic_area_frac', 'word_count', 'mean_text_height_frac']",The model suggests decreasing graphic coverage as the most promising change for this poster.,Largest estimated gain among tested feature-group changes; not a causal diagnosis.
overall_rating-00077,4.522249698638916,"[{""feature"": ""graphic_area_frac"", ""current_value"": 0.3542585372924804, ""suggested_value"": 0.4408856731721724, ""direction"": ""increase"", ""coupled_feature_updates"": {""graphic_area_frac"": 0.4408856731721724, ""background_area_frac"": 0.5591143268278276}, ""predicted_score"": 5.210250377655029, ""gain"": 0.6880006790161133}]","{""feature"": ""graphic_area_frac"", ""current_value"": 0.3542585372924804, ""suggested_value"": 0.4408856731721724, ""direction"": ""increase"", ""coupled_feature_updates"": {""graphic_area_frac"": 0.4408856731721724, ""background_area_frac"": 0.5591143268278276}, ""predicted_score"": 5.210250377655029, ""gain"": 0.6880006790161133}",graphic_area_frac,0.6880006790161133,increase,"['text_area_frac', 'graphic_area_frac', 'word_count', 'mean_text_height_frac']",The model suggests increasing graphic coverage as the most promising change for this poster.,Largest estimated gain among tested feature-group changes; not a causal diagnosis.
overall_rating-00078,4.796989440917969,"[{""feature"": ""graphic_area_frac"", ""current_value"": 0.6468767182917888, ""suggested_value"": 0.14488246548566117, ""direction"": ""decrease"", ""coupled_feature_updates"": {""graphic_area_frac"": 0.14488246548566117, ""background_area_frac"": 0.8349233102658051, ""text_share"": 0.12233237945981516, ""text_to_graphic_ratio"": 0.1393834939296522}, ""predicted_score"": 6.062872409820557, ""gain"": 1.265882968902588}, {""feature"": ""word_count"", ""current_value"": 5.0, ""suggested_value"": 31.0, ""direction"": ""increase"", ""coupled_feature_updates"": {""word_count"": 31.0, ""char_count"": 130.0, ""text_block_count"": 19.0, ""text_area_frac"": 0.12520419034090896, ""background_area_frac"": 0.22791909136730226, ""text_share"": 0.16216459821890553, ""text_to_graphic_ratio"": 0.19355185741038325}, ""predicted_score"": 5.369971752166748, ""gain"": 0.5729823112487793}, {""feature"": ""mean_text_height_frac"", ""current_value"": 0.025390625, ""suggested_value"": 0.00997266006842618, ""direction"": ""decrease"", ""coupled_feature_updates"": {""text_area_frac"": 0.007931672961031708, ""background_area_frac"": 0.34519160874717947, ""text_share"": 0.012112967803995811, ""text_to_graphic_ratio"": 0.01226149084786499, ""mean_text_height_frac"": 0.00997266006842618, ""max_text_height_frac"": 0.017643937044138625, ""text_height_std_frac"": 0.0038356384878562226}, ""predicted_score"": 5.354420185089111, ""gain"": 0.5574307441711426}]","{""feature"": ""graphic_area_frac"", ""current_value"": 0.6468767182917888, ""suggested_value"": 0.14488246548566117, ""direction"": ""decrease"", ""coupled_feature_updates"": {""graphic_area_frac"": 0.14488246548566117, ""background_area_frac"": 0.8349233102658051, ""text_share"": 0.12233237945981516, ""text_to_graphic_ratio"": 0.1393834939296522}, ""predicted_score"": 6.062872409820557, ""gain"": 1.265882968902588}",graphic_area_frac,1.265882968902588,decrease,"['text_area_frac', 'graphic_area_frac', 'word_count', 'mean_text_height_frac']",The model suggests decreasing graphic coverage as the most promising change for this poster.,Largest estimated gain among tested feature-group changes; not a causal diagnosis.
overall_rating-00079,5.032209873199463,"[{""feature"": ""graphic_area_frac"", ""current_value"": 0.3357137044270833, ""suggested_value"": 0.14488246548566117, ""direction"": ""decrease"", ""coupled_feature_updates"": {""graphic_area_frac"": 0.14488246548566117, ""background_area_frac"": 0.8077135631601722, ""text_share"": 0.2465278993840503, ""text_to_graphic_ratio"": 0.3271891542931958}, ""predicted_score"": 5.685458660125732, ""gain"": 0.6532487869262695}, {""feature"": ""word_count"", ""current_value"": 5.0, ""suggested_value"": 31.0, ""direction"": ""increase"", ""coupled_feature_updates"": {""word_count"": 31.0, ""char_count"": 155.0, ""text_block_count"": 19.0, ""text_area_frac"": 0.2939046223958329, ""background_area_frac"": 0.37038167317708376, ""text_share"": 0.4667980741267324, ""text_to_graphic_ratio"": 0.8754620932064712}, ""predicted_score"": 5.332554817199707, ""gain"": 0.30034494400024414}, {""feature"": ""text_area_frac"", ""current_value"": 0.0474039713541666, ""suggested_value"": 0.18165415138406416, ""direction"": ""increase"", ""coupled_feature_updates"": {""text_area_frac"": 0.18165415138406416, ""background_area_frac"": 0.48263214418885253, ""text_share"": 0.3511121716274012, ""text_to_graphic_ratio"": 0.5410984091163882}, ""predicted_score"": 5.1004862785339355, ""gain"": 0.06827640533447266}]","{""feature"": ""graphic_area_frac"", ""current_value"": 0.3357137044270833, ""suggested_value"": 0.14488246548566117, ""direction"": ""decrease"", ""coupled_feature_updates"": {""graphic_area_frac"": 0.14488246548566117, ""background_area_frac"": 0.8077135631601722, ""text_share"": 0.2465278993840503, ""text_to_graphic_ratio"": 0.3271891542931958}, ""predicted_score"": 5.685458660125732, ""gain"": 0.6532487869262695}",graphic_area_frac,0.6532487869262695,decrease,"['text_area_frac', 'graphic_area_frac', 'word_count', 'mean_text_height_frac']",The model suggests decreasing graphic coverage as the most promising change for this poster.,Largest estimated gain among tested feature-group changes; not a causal diagnosis.
overall_rating-00080,4.810990810394287,"[{""feature"": ""word_count"", ""current_value"": 7.0, ""suggested_value"": 14.0, ""direction"": ""increase"", ""coupled_feature_updates"": {""word_count"": 14.0, ""char_count"": 58.0, ""text_block_count"": 4.0, ""text_area_frac"": 0.0382622612847222, ""background_area_frac"": 0.7591976589626737, ""text_share"": 0.15889488914391925, ""text_to_graphic_ratio"": 0.18891204808183285}, ""predicted_score"": 5.523687839508057, ""gain"": 0.7126970291137695}, {""feature"": ""text_area_frac"", ""current_value"": 0.0191311306423611, ""suggested_value"": 0.04722671508789056, ""direction"": ""increase"", ""coupled_feature_updates"": {""text_area_frac"": 0.04722671508789056, ""background_area_frac"": 0.7502332051595053, ""text_share"": 0.18908324110116537, ""text_to_graphic_ratio"": 0.23317219557519875}, ""predicted_score"": 5.3417253494262695, ""gain"": 0.5307345390319824}, {""feature"": ""graphic_area_frac"", ""current_value"": 0.2025400797526041, ""suggested_value"": 0.14488246548566117, ""direction"": ""decrease"", ""coupled_feature_updates"": {""graphic_area_frac"": 0.14488246548566117, ""background_area_frac"": 0.8359864038719778, ""text_share"": 0.11664356549702214, ""text_to_graphic_ratio"": 0.13204586613177483}, ""predicted_score"": 5.311661243438721, ""gain"": 0.5006704330444336}]","{""feature"": ""word_count"", ""current_value"": 7.0, ""suggested_value"": 14.0, ""direction"": ""increase"", ""coupled_feature_updates"": {""word_count"": 14.0, ""char_count"": 58.0, ""text_block_count"": 4.0, ""text_area_frac"": 0.0382622612847222, ""background_area_frac"": 0.7591976589626737, ""text_share"": 0.15889488914391925, ""text_to_graphic_ratio"": 0.18891204808183285}, ""predicted_score"": 5.523687839508057, ""gain"": 0.7126970291137695}",word_count,0.7126970291137695,increase,"['text_area_frac', 'graphic_area_frac', 'word_count', 'mean_text_height_frac']",The model suggests increasing the amount of text as the most promising change for this poster.,Largest estimated gain among tested feature-group changes; not a causal diagnosis.
overall_rating-00081,4.484729766845703,"[{""feature"": ""text_area_frac"", ""current_value"": 0.071965217590332, ""suggested_value"": 0.0011603461371527204, ""direction"": ""decrease"", ""coupled_feature_updates"": {""text_area_frac"": 0.0011603461371527204, ""background_area_frac"": 0.1177761925591363, ""text_share"": 0.0013152514445496865, ""text_to_graphic_ratio"": 0.0013169836091440614}, ""predicted_score"": 4.9382219314575195, ""gain"": 0.4534921646118164}, {""feature"": ""mean_text_height_frac"", ""current_value"": 0.0222005208333333, ""suggested_value"": 0.00997266006842618, ""direction"": ""decrease"", ""coupled_feature_updates"": {""text_area_frac"": 0.032327379036131754, ""background_area_frac"": 0.08660915966015725, ""text_share"": 0.03539271208818319, ""text_to_graphic_ratio"": 0.03669131731816103, ""mean_text_height_frac"": 0.00997266006842618, ""max_text_height_frac"": 0.014476442034812218, ""text_height_std_frac"": 0.0025223997583915703}, ""predicted_score"": 4.777576446533203, ""gain"": 0.2928466796875}, {""feature"": ""word_count"", ""current_value"": 30.0, ""suggested_value"": 12.0, ""direction"": ""decrease"", ""coupled_feature_updates"": {""word_count"": 12.0, ""char_count"": 58.0, ""text_block_count"": 6.0, ""text_area_frac"": 0.028786087036132803, ""background_area_frac"": 0.09015045166015623, ""text_share"": 0.03163829348341966, ""text_to_graphic_ratio"": 0.03267197914840094}, ""predicted_score"": 4.7510085105896, ""gain"": 0.2662787437438965}]","{""feature"": ""text_area_frac"", ""current_value"": 0.071965217590332, ""suggested_value"": 0.0011603461371527204, ""direction"": ""decrease"", ""coupled_feature_updates"": {""text_area_frac"": 0.0011603461371527204, ""background_area_frac"": 0.1177761925591363, ""text_share"": 0.0013152514445496865, ""text_to_graphic_ratio"": 0.0013169836091440614}, ""predicted_score"": 4.9382219314575195, ""gain"": 0.4534921646118164}",text_area_frac,0.4534921646118164,decrease,"['text_area_frac', 'graphic_area_frac', 'word_count', 'mean_text_height_frac']",The model suggests decreasing text coverage as the most promising change for this poster.,Largest estimated gain among tested feature-group changes; not a causal diagnosis.
overall_rating-00082,4.729201316833496,"[{""feature"": ""mean_text_height_frac"", ""current_value"": 0.035234375, ""suggested_value"": 0.07097372555865916, ""direction"": ""increase"", ""coupled_feature_updates"": {""text_area_frac"": 0.5190987086369087, ""background_area_frac"": 0.18196995244032715, ""text_share"": 0.63457168863842, ""text_to_graphic_ratio"": 1.736514848217469, ""mean_text_height_frac"": 0.07097372555865916, ""max_text_height_frac"": 0.48587888616931296, ""text_height_std_frac"": 0.09670062703220911}, ""predicted_score"": 5.612834453582764, ""gain"": 0.8836331367492676}, {""feature"": ""graphic_area_frac"", ""current_value"": 0.2989313389227642, ""suggested_value"": 0.14488246548566117, ""direction"": ""decrease"", ""coupled_feature_updates"": {""graphic_area_frac"": 0.14488246548566117, ""background_area_frac"": 0.5974148647142034, ""text_share"": 0.6401196845412374, ""text_to_graphic_ratio"": 1.778701576731796}, ""predicted_score"": 5.12658166885376, ""gain"": 0.39738035202026367}, {""feature"": ""word_count"", ""current_value"": 25.0, ""suggested_value"": 31.0, ""direction"": ""increase"", ""coupled_feature_updates"": {""word_count"": 31.0, ""char_count"": 196.0, ""text_block_count"": 14.0, ""text_area_frac"": 0.319551310552168, ""background_area_frac"": 0.3815173505250678, ""text_share"": 0.5166698060543083, ""text_to_graphic_ratio"": 1.068978955848893}, ""predicted_score"": 5.113670349121094, ""gain"": 0.38446903228759766}]","{""feature"": ""mean_text_height_frac"", ""current_value"": 0.035234375, ""suggested_value"": 0.07097372555865916, ""direction"": ""increase"", ""coupled_feature_updates"": {""text_area_frac"": 0.5190987086369087, ""background_area_frac"": 0.18196995244032715, ""text_share"": 0.63457168863842, ""text_to_graphic_ratio"": 1.736514848217469, ""mean_text_height_frac"": 0.07097372555865916, ""max_text_height_frac"": 0.48587888616931296, ""text_height_std_frac"": 0.09670062703220911}, ""predicted_score"": 5.612834453582764, ""gain"": 0.8836331367492676}",mean_text_height_frac,0.8836331367492676,increase,"['text_area_frac', 'graphic_area_frac', 'word_count', 'mean_text_height_frac']",The model suggests increasing text size as the most promising change for this poster.,Largest estimated gain among tested feature-group changes; not a causal diagnosis.
overall_rating-00083,4.66300630569458,"[{""feature"": ""word_count"", ""current_value"": 18.0, ""suggested_value"": 1.0, ""direction"": ""decrease"", ""coupled_feature_updates"": {""word_count"": 1.0, ""char_count"": 5.0, ""text_block_count"": 1.0, ""text_area_frac"": 0.0039858465325342445, ""background_area_frac"": 0.1612766213613014, ""text_share"": 0.004752277847558663, ""text_to_graphic_ratio"": 0.004774969830908853}, ""predicted_score"": 5.2109503746032715, ""gain"": 0.5479440689086914}, {""feature"": ""graphic_area_frac"", ""current_value"": 0.8347375321061644, ""suggested_value"": 0.14488246548566117, ""direction"": ""decrease"", ""coupled_feature_updates"": {""graphic_area_frac"": 0.14488246548566117, ""background_area_frac"": 0.7833722969287223, ""text_share"": 0.3311914245889866, ""text_to_graphic_ratio"": 0.4951961394715287}, ""predicted_score"": 5.083332061767578, ""gain"": 0.42032575607299805}, {""feature"": ""text_area_frac"", ""current_value"": 0.0717452375856164, ""suggested_value"": 0.00529463026258678, ""direction"": ""decrease"", ""coupled_feature_updates"": {""text_area_frac"": 0.00529463026258678, ""background_area_frac"": 0.15996783763124878, ""text_share"": 0.006302889936567193, ""text_to_graphic_ratio"": 0.0063428683375811035}, ""predicted_score"": 4.9699296951293945, ""gain"": 0.30692338943481445}]","{""feature"": ""word_count"", ""current_value"": 18.0, ""suggested_value"": 1.0, ""direction"": ""decrease"", ""coupled_feature_updates"": {""word_count"": 1.0, ""char_count"": 5.0, ""text_block_count"": 1.0, ""text_area_frac"": 0.0039858465325342445, ""background_area_frac"": 0.1612766213613014, ""text_share"": 0.004752277847558663, ""text_to_graphic_ratio"": 0.004774969830908853}, ""predicted_score"": 5.2109503746032715, ""gain"": 0.5479440689086914}",word_count,0.5479440689086914,decrease,"['text_area_frac', 'graphic_area_frac', 'word_count', 'mean_text_height_frac']",The model suggests decreasing the amount of text as the most promising change for this poster.,Largest estimated gain among tested feature-group changes; not a causal diagnosis.
overall_rating-00084,4.0613694190979,"[{""feature"": ""mean_text_height_frac"", ""current_value"": 0.1370716510903427, ""suggested_value"": 0.00997266006842618, ""direction"": ""decrease"", ""coupled_feature_updates"": {""text_area_frac"": 0.00742212392450553, ""background_area_frac"": 0.7482109076175505, ""text_share"": 0.029477543503877688, ""text_to_graphic_ratio"": 0.030372860830341294, ""mean_text_height_frac"": 0.00997266006842618, ""max_text_height_frac"": 0.017406824846707507, ""text_height_std_frac"": 0.005275477893620362}, ""predicted_score"": 4.945199966430664, ""gain"": 0.8838305473327637}, {""feature"": ""text_area_frac"", ""current_value"": 0.1020151869158878, ""suggested_value"": 0.0011603461371527204, ""direction"": ""decrease"", ""coupled_feature_updates"": {""text_area_frac"": 0.0011603461371527204, ""background_area_frac"": 0.7544726854049033, ""text_share"": 0.004725935031164526, ""text_to_graphic_ratio"": 0.004748375545496112}, ""predicted_score"": 4.9062323570251465, ""gain"": 0.8448629379272461}, {""feature"": ""word_count"", ""current_value"": 3.0, ""suggested_value"": 16.0, ""direction"": ""increase"", ""coupled_feature_updates"": {""word_count"": 16.0, ""char_count"": 101.0, ""text_block_count"": 11.0, ""text_area_frac"": 0.5440809968847349, ""background_area_frac"": 0.21155203465732123, ""text_share"": 0.6900658265358881, ""text_to_graphic_ratio"": 2.2264915766566564}, ""predicted_score"": 4.759847164154053, ""gain"": 0.6984777450561523}]","{""feature"": ""mean_text_height_frac"", ""current_value"": 0.1370716510903427, ""suggested_value"": 0.00997266006842618, ""direction"": ""decrease"", ""coupled_feature_updates"": {""text_area_frac"": 0.00742212392450553, ""background_area_frac"": 0.7482109076175505, ""text_share"": 0.029477543503877688, ""text_to_graphic_ratio"": 0.030372860830341294, ""mean_text_height_frac"": 0.00997266006842618, ""max_text_height_frac"": 0.017406824846707507, ""text_height_std_frac"": 0.005275477893620362}, ""predicted_score"": 4.945199966430664, ""gain"": 0.8838305473327637}",mean_text_height_frac,0.8838305473327637,decrease,"['text_area_frac', 'graphic_area_frac', 'word_count', 'mean_text_height_frac']",The model suggests decreasing text size as the most promising change for this poster.,Largest estimated gain among tested feature-group changes; not a causal diagnosis.
overall_rating-00085,4.650660514831543,"[{""feature"": ""word_count"", ""current_value"": 2.0, ""suggested_value"": 27.0, ""direction"": ""increase"", ""coupled_feature_updates"": {""word_count"": 27.0, ""char_count"": 122.0, ""text_block_count"": 27.0, ""text_area_frac"": 0.059463500976561605, ""background_area_frac"": 0.5084025065104176, ""text_share"": 0.1209597318213782, ""text_to_graphic_ratio"": 0.13760431256694042}, ""predicted_score"": 5.313239097595215, ""gain"": 0.6625785827636719}, {""feature"": ""graphic_area_frac"", ""current_value"": 0.4321339925130208, ""suggested_value"": 0.14488246548566117, ""direction"": ""decrease"", ""coupled_feature_updates"": {""graphic_area_frac"": 0.14488246548566117, ""background_area_frac"": 0.8507128307382972, ""text_share"": 0.029504905195972233, ""text_to_graphic_ratio"": 0.030401910688616272}, ""predicted_score"": 4.996612548828125, ""gain"": 0.34595203399658203}, {""feature"": ""text_area_frac"", ""current_value"": 0.0044047037760416, ""suggested_value"": 0.18165415138406416, ""direction"": ""increase"", ""coupled_feature_updates"": {""text_area_frac"": 0.18165415138406416, ""background_area_frac"": 0.38621185610291503, ""text_share"": 0.2959557840767326, ""text_to_graphic_ratio"": 0.42036533698188683}, ""predicted_score"": 4.995896339416504, ""gain"": 0.34523582458496094}]","{""feature"": ""word_count"", ""current_value"": 2.0, ""suggested_value"": 27.0, ""direction"": ""increase"", ""coupled_feature_updates"": {""word_count"": 27.0, ""char_count"": 122.0, ""text_block_count"": 27.0, ""text_area_frac"": 0.059463500976561605, ""background_area_frac"": 0.5084025065104176, ""text_share"": 0.1209597318213782, ""text_to_graphic_ratio"": 0.13760431256694042}, ""predicted_score"": 5.313239097595215, ""gain"": 0.6625785827636719}",word_count,0.6625785827636719,increase,"['text_area_frac', 'graphic_area_frac', 'word_count', 'mean_text_height_frac']",The model suggests increasing the amount of text as the most promising change for this poster.,Largest estimated gain among tested feature-group changes; not a causal diagnosis.
overall_rating-00086,6.102106094360352,"[{""feature"": ""word_count"", ""current_value"": 27.0, ""suggested_value"": 2.0, ""direction"": ""decrease"", ""coupled_feature_updates"": {""word_count"": 2.0, ""char_count"": 10.0, ""text_block_count"": 1.0, ""text_area_frac"": 0.003718051233287222, ""background_area_frac"": 0.24759348706201023, ""text_share"": 0.004941545785893069, ""text_to_graphic_ratio"": 0.004966085926877412}, ""predicted_score"": 6.33782434463501, ""gain"": 0.2357182502746582}, {""feature"": ""text_area_frac"", ""current_value"": 0.0501936916493775, ""suggested_value"": 0.051397416951802125, ""direction"": ""increase"", ""coupled_feature_updates"": {""text_area_frac"": 0.051397416951802125, ""background_area_frac"": 0.1999141213434953, ""text_share"": 0.06423987514703808, ""text_to_graphic_ratio"": 0.06864993863372008}, ""predicted_score"": 6.070480823516846, ""gain"": -0.03162527084350586}, {""feature"": ""graphic_area_frac"", ""current_value"": 0.7486884617047026, ""suggested_value"": 0.7528033265764124, ""direction"": ""increase"", ""coupled_feature_updates"": {""graphic_area_frac"": 0.7528033265764124, ""background_area_frac"": 0.19700298177421016, ""text_share"": 0.06250794275709731, ""text_to_graphic_ratio"": 0.06667570383575165}, ""predicted_score"": 6.043935775756836, ""gain"": -0.058170318603515625}]","{""feature"": ""word_count"", ""current_value"": 27.0, ""suggested_value"": 2.0, ""direction"": ""decrease"", ""coupled_feature_updates"": {""word_count"": 2.0, ""char_count"": 10.0, ""text_block_count"": 1.0, ""text_area_frac"": 0.003718051233287222, ""background_area_frac"": 0.24759348706201023, ""text_share"": 0.004941545785893069, ""text_to_graphic_ratio"": 0.004966085926877412}, ""predicted_score"": 6.33782434463501, ""gain"": 0.2357182502746582}",word_count,0.2357182502746582,decrease,"['text_area_frac', 'graphic_area_frac', 'word_count', 'mean_text_height_frac']",The model suggests decreasing the amount of text as the most promising change for this poster.,Largest estimated gain among tested feature-group changes; not a causal diagnosis.
overall_rating-00087,3.419865608215332,"[{""feature"": ""graphic_area_frac"", ""current_value"": 0.8047920294171554, ""suggested_value"": 0.14488246548566117, ""direction"": ""decrease"", ""coupled_feature_updates"": {""graphic_area_frac"": 0.14488246548566117, ""background_area_frac"": 0.8094539302254825, ""text_share"": 0.23964600446963977, ""text_to_graphic_ratio"": 0.31517688586943304}, ""predicted_score"": 6.006592273712158, ""gain"": 2.586726665496826}, {""feature"": ""word_count"", ""current_value"": 9.0, ""suggested_value"": 31.0, ""direction"": ""increase"", ""coupled_feature_updates"": {""word_count"": 31.0, ""char_count"": 183.0, ""text_block_count"": 21.0, ""text_area_frac"": 0.1572857481060606, ""background_area_frac"": 0.03792222247678401, ""text_share"": 0.16348548088386244, ""text_to_graphic_ratio"": 0.19543651323183422}, ""predicted_score"": 5.037815093994141, ""gain"": 1.6179494857788086}, {""feature"": ""text_area_frac"", ""current_value"": 0.0456636042888563, ""suggested_value"": 0.0011603461371527204, ""direction"": ""decrease"", ""coupled_feature_updates"": {""text_area_frac"": 0.0011603461371527204, ""background_area_frac"": 0.1940476244456918, ""text_share"": 0.0014397204752385916, ""text_to_graphic_ratio"": 0.0014417962588335568}, ""predicted_score"": 4.686893463134766, ""gain"": 1.2670278549194336}]","{""feature"": ""graphic_area_frac"", ""current_value"": 0.8047920294171554, ""suggested_value"": 0.14488246548566117, ""direction"": ""decrease"", ""coupled_feature_updates"": {""graphic_area_frac"": 0.14488246548566117, ""background_area_frac"": 0.8094539302254825, ""text_share"": 0.23964600446963977, ""text_to_graphic_ratio"": 0.31517688586943304}, ""predicted_score"": 6.006592273712158, ""gain"": 2.586726665496826}",graphic_area_frac,2.586726665496826,decrease,"['text_area_frac', 'graphic_area_frac', 'word_count', 'mean_text_height_frac']",The model suggests decreasing graphic coverage as the most promising change for this poster.,Largest estimated gain among tested feature-group changes; not a causal diagnosis.
overall_rating-00088,2.7482426166534424,"[{""feature"": ""mean_text_height_frac"", ""current_value"": 0.0516357421875, ""suggested_value"": 0.00997266006842618, ""direction"": ""decrease"", ""coupled_feature_updates"": {""text_area_frac"": 0.009675675928208546, ""background_area_frac"": 0.7128811978486995, ""text_share"": 0.03369920693354606, ""text_to_graphic_ratio"": 0.034874448179438175, ""mean_text_height_frac"": 0.00997266006842618, ""max_text_height_frac"": 0.013579792433601606, ""text_height_std_frac"": 0.0023546540053063264}, ""predicted_score"": 3.987502098083496, ""gain"": 1.2392594814300537}, {""feature"": ""text_area_frac"", ""current_value"": 0.0500980384662426, ""suggested_value"": 0.0011603461371527204, ""direction"": ""decrease"", ""coupled_feature_updates"": {""text_area_frac"": 0.0011603461371527204, ""background_area_frac"": 0.7213965276397553, ""text_share"": 0.004164866027413863, ""text_to_graphic_ratio"": 0.0041822846828062565}, ""predicted_score"": 3.5419836044311523, ""gain"": 0.79374098777771}, {""feature"": ""word_count"", ""current_value"": 8.0, ""suggested_value"": 1.0, ""direction"": ""decrease"", ""coupled_feature_updates"": {""word_count"": 1.0, ""char_count"": 6.0, ""text_block_count"": 1.0, ""text_area_frac"": 0.006262254808280325, ""background_area_frac"": 0.7162946189686277, ""text_share"": 0.022073091407412683, ""text_to_graphic_ratio"": 0.022571309996142586}, ""predicted_score"": 3.439821720123291, ""gain"": 0.6915791034698486}]","{""feature"": ""mean_text_height_frac"", ""current_value"": 0.0516357421875, ""suggested_value"": 0.00997266006842618, ""direction"": ""decrease"", ""coupled_feature_updates"": {""text_area_frac"": 0.009675675928208546, ""background_area_frac"": 0.7128811978486995, ""text_share"": 0.03369920693354606, ""text_to_graphic_ratio"": 0.034874448179438175, ""mean_text_height_frac"": 0.00997266006842618, ""max_text_height_frac"": 0.013579792433601606, ""text_height_std_frac"": 0.0023546540053063264}, ""predicted_score"": 3.987502098083496, ""gain"": 1.2392594814300537}",mean_text_height_frac,1.2392594814300537,decrease,"['text_area_frac', 'graphic_area_frac', 'word_count', 'mean_text_height_frac']",The model suggests decreasing text size as the most promising change for this poster.,Largest estimated gain among tested feature-group changes; not a causal diagnosis.
overall_rating-00089,4.395543575286865,"[{""feature"": ""mean_text_height_frac"", ""current_value"": 0.0351048519736842, ""suggested_value"": 0.0182004182235054, ""direction"": ""decrease"", ""coupled_feature_updates"": {""text_area_frac"": 0.11097994033942758, ""background_area_frac"": 0.21459581626208135, ""text_share"": 0.14130296557786157, ""text_to_graphic_ratio"": 0.1645550874330801, ""mean_text_height_frac"": 0.0182004182235054, ""max_text_height_frac"": 0.09113532990393629, ""text_height_std_frac"": 0.018552428129150048}, ""predicted_score"": 5.065151691436768, ""gain"": 0.6696081161499023}, {""feature"": ""graphic_area_frac"", ""current_value"": 0.674424243398491, ""suggested_value"": 0.14488246548566117, ""direction"": ""decrease"", ""coupled_feature_updates"": {""graphic_area_frac"": 0.14488246548566117, ""background_area_frac"": 0.6410601249635844, ""text_share"": 0.5963600715274044, ""text_to_graphic_ratio"": 1.4774555970814798}, ""predicted_score"": 4.92104959487915, ""gain"": 0.5255060195922852}, {""feature"": ""text_area_frac"", ""current_value"": 0.2140574095507544, ""suggested_value"": 0.00529463026258678, ""direction"": ""decrease"", ""coupled_feature_updates"": {""text_area_frac"": 0.00529463026258678, ""background_area_frac"": 0.32028112633892214, ""text_share"": 0.0077894412936763534, ""text_to_graphic_ratio"": 0.007850593027182134}, ""predicted_score"": 4.868799686431885, ""gain"": 0.47325611114501953}]","{""feature"": ""mean_text_height_frac"", ""current_value"": 0.0351048519736842, ""suggested_value"": 0.0182004182235054, ""direction"": ""decrease"", ""coupled_feature_updates"": {""text_area_frac"": 0.11097994033942758, ""background_area_frac"": 0.21459581626208135, ""text_share"": 0.14130296557786157, ""text_to_graphic_ratio"": 0.1645550874330801, ""mean_text_height_frac"": 0.0182004182235054, ""max_text_height_frac"": 0.09113532990393629, ""text_height_std_frac"": 0.018552428129150048}, ""predicted_score"": 5.065151691436768, ""gain"": 0.6696081161499023}",mean_text_height_frac,0.6696081161499023,decrease,"['text_area_frac', 'graphic_area_frac', 'word_count', 'mean_text_height_frac']",The model suggests decreasing text size as the most promising change for this poster.,Largest estimated gain among tested feature-group changes; not a causal diagnosis.
overall_rating-00090,4.838749885559082,"[{""feature"": ""word_count"", ""current_value"": 11.0, ""suggested_value"": 1.0, ""direction"": ""decrease"", ""coupled_feature_updates"": {""word_count"": 1.0, ""char_count"": 5.0, ""text_block_count"": 1.0, ""text_area_frac"": 0.003704420433265236, ""background_area_frac"": 0.2695831205311542, ""text_share"": 0.00507165228158345, ""text_to_graphic_ratio"": 0.005097505054724628}, ""predicted_score"": 5.8018693923950195, ""gain"": 0.9631195068359375}, {""feature"": ""graphic_area_frac"", ""current_value"": 0.7267124590355806, ""suggested_value"": 0.14488246548566117, ""direction"": ""decrease"", ""coupled_feature_updates"": {""graphic_area_frac"": 0.14488246548566117, ""background_area_frac"": 0.8143689097484212, ""text_share"": 0.2195140087293165, ""text_to_graphic_ratio"": 0.28125297722760273}, ""predicted_score"": 5.442368984222412, ""gain"": 0.6036190986633301}, {""feature"": ""mean_text_height_frac"", ""current_value"": 0.0327592329545454, ""suggested_value"": 0.00997266006842618, ""direction"": ""decrease"", ""coupled_feature_updates"": {""text_area_frac"": 0.012404813739387743, ""background_area_frac"": 0.2608827272250317, ""text_share"": 0.01678328216145547, ""text_to_graphic_ratio"": 0.017069768909494354, ""mean_text_height_frac"": 0.00997266006842618, ""max_text_height_frac"": 0.019918293957805165, ""text_height_std_frac"": 0.0048871821505127935}, ""predicted_score"": 5.340696811676025, ""gain"": 0.5019469261169434}]","{""feature"": ""word_count"", ""current_value"": 11.0, ""suggested_value"": 1.0, ""direction"": ""decrease"", ""coupled_feature_updates"": {""word_count"": 1.0, ""char_count"": 5.0, ""text_block_count"": 1.0, ""text_area_frac"": 0.003704420433265236, ""background_area_frac"": 0.2695831205311542, ""text_share"": 0.00507165228158345, ""text_to_graphic_ratio"": 0.005097505054724628}, ""predicted_score"": 5.8018693923950195, ""gain"": 0.9631195068359375}",word_count,0.9631195068359375,decrease,"['text_area_frac', 'graphic_area_frac', 'word_count', 'mean_text_height_frac']",The model suggests decreasing the amount of text as the most promising change for this poster.,Largest estimated gain among tested feature-group changes; not a causal diagnosis.
overall_rating-00091,4.271270751953125,"[{""feature"": ""graphic_area_frac"", ""current_value"": 0.3369982489224138, ""suggested_value"": 0.14488246548566117, ""direction"": ""decrease"", ""coupled_feature_updates"": {""graphic_area_frac"": 0.14488246548566117, ""background_area_frac"": 0.8200216181170688, ""text_share"": 0.19500073303302942, ""text_to_graphic_ratio"": 0.24223715602592016}, ""predicted_score"": 5.62065315246582, ""gain"": 1.3493824005126953}, {""feature"": ""word_count"", ""current_value"": 11.0, ""suggested_value"": 1.0, ""direction"": ""decrease"", ""coupled_feature_updates"": {""word_count"": 1.0, ""char_count"": 5.0, ""text_block_count"": 1.0, ""text_area_frac"": 0.0031905378542972816, ""background_area_frac"": 0.659811213223289, ""text_share"": 0.00937872727824932, ""text_to_graphic_ratio"": 0.009467520571692438}, ""predicted_score"": 5.254955768585205, ""gain"": 0.9836850166320801}, {""feature"": ""mean_text_height_frac"", ""current_value"": 0.0259232954545454, ""suggested_value"": 0.00997266006842618, ""direction"": ""decrease"", ""coupled_feature_updates"": {""text_area_frac"": 0.013501356130958651, ""background_area_frac"": 0.6495003949466276, ""text_share"": 0.038520317673118996, ""text_to_graphic_ratio"": 0.040063579481883396, ""mean_text_height_frac"": 0.00997266006842618, ""max_text_height_frac"": 0.02178957919060245, ""text_height_std_frac"": 0.005053943588243206}, ""predicted_score"": 5.091724395751953, ""gain"": 0.8204536437988281}]","{""feature"": ""graphic_area_frac"", ""current_value"": 0.3369982489224138, ""suggested_value"": 0.14488246548566117, ""direction"": ""decrease"", ""coupled_feature_updates"": {""graphic_area_frac"": 0.14488246548566117, ""background_area_frac"": 0.8200216181170688, ""text_share"": 0.19500073303302942, ""text_to_graphic_ratio"": 0.24223715602592016}, ""predicted_score"": 5.62065315246582, ""gain"": 1.3493824005126953}",graphic_area_frac,1.3493824005126953,decrease,"['text_area_frac', 'graphic_area_frac', 'word_count', 'mean_text_height_frac']",The model suggests decreasing graphic coverage as the most promising change for this poster.,Largest estimated gain among tested feature-group changes; not a causal diagnosis.
overall_rating-00092,4.3262200355529785,"[{""feature"": ""text_area_frac"", ""current_value"": 0.0406866073608398, ""suggested_value"": 0.0011603461371527204, ""direction"": ""decrease"", ""coupled_feature_updates"": {""text_area_frac"": 0.0011603461371527204, ""background_area_frac"": 0.32475594414605036, ""text_share"": 0.001718409998715627, ""text_to_graphic_ratio"": 0.0017213680147235976}, ""predicted_score"": 5.084975242614746, ""gain"": 0.7587552070617676}, {""feature"": ""word_count"", ""current_value"": 12.0, ""suggested_value"": 1.0, ""direction"": ""decrease"", ""coupled_feature_updates"": {""word_count"": 1.0, ""char_count"": 6.0, ""text_block_count"": 1.0, ""text_area_frac"": 0.003390550613403317, ""background_area_frac"": 0.3225257396697998, ""text_share"": 0.005004692889366404, ""text_to_graphic_ratio"": 0.005029865823085668}, ""predicted_score"": 4.8901214599609375, ""gain"": 0.563901424407959}, {""feature"": ""mean_text_height_frac"", ""current_value"": 0.0174967447916666, ""suggested_value"": 0.00997266006842618, ""direction"": ""decrease"", ""coupled_feature_updates"": {""text_area_frac"": 0.02319023963477111, ""background_area_frac"": 0.30272605064843205, ""text_share"": 0.03325843401483297, ""text_to_graphic_ratio"": 0.03440261098211977, ""mean_text_height_frac"": 0.00997266006842618, ""max_text_height_frac"": 0.015585180386005624, ""text_height_std_frac"": 0.0018801449718263046}, ""predicted_score"": 4.818521022796631, ""gain"": 0.49230098724365234}]","{""feature"": ""text_area_frac"", ""current_value"": 0.0406866073608398, ""suggested_value"": 0.0011603461371527204, ""direction"": ""decrease"", ""coupled_feature_updates"": {""text_area_frac"": 0.0011603461371527204, ""background_area_frac"": 0.32475594414605036, ""text_share"": 0.001718409998715627, ""text_to_graphic_ratio"": 0.0017213680147235976}, ""predicted_score"": 5.084975242614746, ""gain"": 0.7587552070617676}",text_area_frac,0.7587552070617676,decrease,"['text_area_frac', 'graphic_area_frac', 'word_count', 'mean_text_height_frac']",The model suggests decreasing text coverage as the most promising change for this poster.,Largest estimated gain among tested feature-group changes; not a causal diagnosis.
overall_rating-00093,4.985754489898682,"[{""feature"": ""word_count"", ""current_value"": 42.0, ""suggested_value"": 1.0, ""direction"": ""decrease"", ""coupled_feature_updates"": {""word_count"": 1.0, ""char_count"": 5.0, ""text_block_count"": 1.0, ""text_area_frac"": 0.0023397812115147757, ""background_area_frac"": 0.7748861077971059, ""text_share"": 0.010393766411385851, ""text_to_graphic_ratio"": 0.010502931427275758}, ""predicted_score"": 5.856100082397461, ""gain"": 0.8703455924987793}, {""feature"": ""mean_text_height_frac"", ""current_value"": 0.0146716889880952, ""suggested_value"": 0.07097372555865916, ""direction"": ""increase"", ""coupled_feature_updates"": {""text_area_frac"": 0.47538123032326424, ""background_area_frac"": 0.30184465868535637, ""text_share"": 0.6809103965717855, ""text_to_graphic_ratio"": 2.133915957324413, ""mean_text_height_frac"": 0.07097372555865916, ""max_text_height_frac"": 0.2503764074383133, ""text_height_std_frac"": 0.035807121270376}, ""predicted_score"": 5.855207443237305, ""gain"": 0.869452953338623}, {""feature"": ""text_area_frac"", ""current_value"": 0.0982708108836206, ""suggested_value"": 0.0011603461371527204, ""direction"": ""decrease"", ""coupled_feature_updates"": {""text_area_frac"": 0.0011603461371527204, ""background_area_frac"": 0.7760655428714679, ""text_share"": 0.005181632840392735, ""text_to_graphic_ratio"": 0.005208622007238635}, ""predicted_score"": 5.483379364013672, ""gain"": 0.49762487411499023}]","{""feature"": ""word_count"", ""current_value"": 42.0, ""suggested_value"": 1.0, ""direction"": ""decrease"", ""coupled_feature_updates"": {""word_count"": 1.0, ""char_count"": 5.0, ""text_block_count"": 1.0, ""text_area_frac"": 0.0023397812115147757, ""background_area_frac"": 0.7748861077971059, ""text_share"": 0.010393766411385851, ""text_to_graphic_ratio"": 0.010502931427275758}, ""predicted_score"": 5.856100082397461, ""gain"": 0.8703455924987793}",word_count,0.8703455924987793,decrease,"['text_area_frac', 'graphic_area_frac', 'word_count', 'mean_text_height_frac']",The model suggests decreasing the amount of text as the most promising change for this poster.,Largest estimated gain among tested feature-group changes; not a causal diagnosis.
overall_rating-00094,4.915349006652832,"[{""feature"": ""graphic_area_frac"", ""current_value"": 0.3797510767961877, ""suggested_value"": 0.14488246548566117, ""direction"": ""decrease"", ""coupled_feature_updates"": {""graphic_area_frac"": 0.14488246548566117, ""background_area_frac"": 0.797994355903635, ""text_share"": 0.28278011174506446, ""text_to_graphic_ratio"": 0.3942725465032703}, ""predicted_score"": 5.815690994262695, ""gain"": 0.9003419876098633}, {""feature"": ""word_count"", ""current_value"": 4.0, ""suggested_value"": 31.0, ""direction"": ""increase"", ""coupled_feature_updates"": {""word_count"": 31.0, ""char_count"": 178.0, ""text_block_count"": 23.0, ""text_area_frac"": 0.4427046342329544, ""background_area_frac"": 0.17754428897085794, ""text_share"": 0.5382717005867663, ""text_to_graphic_ratio"": 1.1657758497168236}, ""predicted_score"": 5.576798439025879, ""gain"": 0.6614494323730469}, {""feature"": ""text_area_frac"", ""current_value"": 0.0571231786107038, ""suggested_value"": 0.00529463026258678, ""direction"": ""decrease"", ""coupled_feature_updates"": {""text_area_frac"": 0.00529463026258678, ""background_area_frac"": 0.6149542929412255, ""text_share"": 0.01375065392373948, ""text_to_graphic_ratio"": 0.013942370637248798}, ""predicted_score"": 5.360530853271484, ""gain"": 0.44518184661865234}]","{""feature"": ""graphic_area_frac"", ""current_value"": 0.3797510767961877, ""suggested_value"": 0.14488246548566117, ""direction"": ""decrease"", ""coupled_feature_updates"": {""graphic_area_frac"": 0.14488246548566117, ""background_area_frac"": 0.797994355903635, ""text_share"": 0.28278011174506446, ""text_to_graphic_ratio"": 0.3942725465032703}, ""predicted_score"": 5.815690994262695, ""gain"": 0.9003419876098633}",graphic_area_frac,0.9003419876098633,decrease,"['text_area_frac', 'graphic_area_frac', 'word_count', 'mean_text_height_frac']",The model suggests decreasing graphic coverage as the most promising change for this poster.,Largest estimated gain among tested feature-group changes; not a causal diagnosis.
overall_rating-00095,3.567417621612549,"[{""feature"": ""word_count"", ""current_value"": 26.0, ""suggested_value"": 1.0, ""direction"": ""decrease"", ""coupled_feature_updates"": {""word_count"": 1.0, ""char_count"": 5.0, ""text_block_count"": 1.0, ""text_area_frac"": 0.004583924566584235, ""background_area_frac"": 0.15691760373368946, ""text_share"": 0.00543710150619285, ""text_to_graphic_ratio"": 0.0054668251896656745}, ""predicted_score"": 5.1543073654174805, ""gain"": 1.5868897438049316}, {""feature"": ""mean_text_height_frac"", ""current_value"": 0.0273813100961538, ""suggested_value"": 0.014341517857142801, ""direction"": ""decrease"", ""coupled_feature_updates"": {""text_area_frac"": 0.06242401589667337, ""background_area_frac"": 0.0990775124036003, ""text_share"": 0.06928899739556554, ""text_to_graphic_ratio"": 0.07444738184213168, ""mean_text_height_frac"": 0.014341517857142801, ""max_text_height_frac"": 0.028643689986282514, ""text_height_std_frac"": 0.0062459716687169615}, ""predicted_score"": 4.983107089996338, ""gain"": 1.415689468383789}, {""feature"": ""graphic_area_frac"", ""current_value"": 0.8384984716997264, ""suggested_value"": 0.14488246548566117, ""direction"": ""decrease"", ""coupled_feature_updates"": {""graphic_area_frac"": 0.14488246548566117, ""background_area_frac"": 0.7359354957831487, ""text_share"": 0.4513368394008653, ""text_to_graphic_ratio"": 0.8226118897941131}, ""predicted_score"": 4.813206672668457, ""gain"": 1.2457890510559082}]","{""feature"": ""word_count"", ""current_value"": 26.0, ""suggested_value"": 1.0, ""direction"": ""decrease"", ""coupled_feature_updates"": {""word_count"": 1.0, ""char_count"": 5.0, ""text_block_count"": 1.0, ""text_area_frac"": 0.004583924566584235, ""background_area_frac"": 0.15691760373368946, ""text_share"": 0.00543710150619285, ""text_to_graphic_ratio"": 0.0054668251896656745}, ""predicted_score"": 5.1543073654174805, ""gain"": 1.5868897438049316}",word_count,1.5868897438049316,decrease,"['text_area_frac', 'graphic_area_frac', 'word_count', 'mean_text_height_frac']",The model suggests decreasing the amount of text as the most promising change for this poster.,Largest estimated gain among tested feature-group changes; not a causal diagnosis.
overall_rating-00096,4.971449375152588,"[{""feature"": ""word_count"", ""current_value"": 21.0, ""suggested_value"": 1.0, ""direction"": ""decrease"", ""coupled_feature_updates"": {""word_count"": 1.0, ""char_count"": 5.0, ""text_block_count"": 1.0, ""text_area_frac"": 0.002439867762023657, ""background_area_frac"": 0.38377414206943705, ""text_share"": 0.003959372575206969, ""text_to_graphic_ratio"": 0.003975111522753549}, ""predicted_score"": 6.3425092697143555, ""gain"": 1.3710598945617676}, {""feature"": ""graphic_area_frac"", ""current_value"": 0.6137859901685393, ""suggested_value"": 0.14488246548566117, ""direction"": ""decrease"", ""coupled_feature_updates"": {""graphic_area_frac"": 0.14488246548566117, ""background_area_frac"": 0.803880311511842, ""text_share"": 0.26125486633939143, ""text_to_graphic_ratio"": 0.35364681868674913}, ""predicted_score"": 5.58022403717041, ""gain"": 0.6087746620178223}, {""feature"": ""text_area_frac"", ""current_value"": 0.0512372230024968, ""suggested_value"": 0.00529463026258678, ""direction"": ""decrease"", ""coupled_feature_updates"": {""text_area_frac"": 0.00529463026258678, ""background_area_frac"": 0.3809193795688739, ""text_share"": 0.008552408342066359, ""text_to_graphic_ratio"": 0.008626182981356301}, ""predicted_score"": 5.410961151123047, ""gain"": 0.439511775970459}]","{""feature"": ""word_count"", ""current_value"": 21.0, ""suggested_value"": 1.0, ""direction"": ""decrease"", ""coupled_feature_updates"": {""word_count"": 1.0, ""char_count"": 5.0, ""text_block_count"": 1.0, ""text_area_frac"": 0.002439867762023657, ""background_area_frac"": 0.38377414206943705, ""text_share"": 0.003959372575206969, ""text_to_graphic_ratio"": 0.003975111522753549}, ""predicted_score"": 6.3425092697143555, ""gain"": 1.3710598945617676}",word_count,1.3710598945617676,decrease,"['text_area_frac', 'graphic_area_frac', 'word_count', 'mean_text_height_frac']",The model suggests decreasing the amount of text as the most promising change for this poster.,Largest estimated gain among tested feature-group changes; not a causal diagnosis.
overall_rating-00097,5.751953601837158,"[{""feature"": ""word_count"", ""current_value"": 23.0, ""suggested_value"": 1.0, ""direction"": ""decrease"", ""coupled_feature_updates"": {""word_count"": 1.0, ""char_count"": 6.0, ""text_block_count"": 1.0, ""text_area_frac"": 0.0023157152695056564, ""background_area_frac"": 0.5517443767681656, ""text_share"": 0.005166059608599682, ""text_to_graphic_ratio"": 0.005192886369123257}, ""predicted_score"": 6.0218586921691895, ""gain"": 0.26990509033203125}, {""feature"": ""mean_text_height_frac"", ""current_value"": 0.018172554347826, ""suggested_value"": 0.0182004182235054, ""direction"": ""increase"", ""coupled_feature_updates"": {""text_area_frac"": 0.05334311668309077, ""background_area_frac"": 0.5007169753545806, ""text_share"": 0.10683943585098643, ""text_to_graphic_ratio"": 0.11961951763150337, ""mean_text_height_frac"": 0.0182004182235054, ""max_text_height_frac"": 0.05672747175270167, ""text_height_std_frac"": 0.008827258518521522}, ""predicted_score"": 5.746911525726318, ""gain"": -0.005042076110839844}, {""feature"": ""graphic_area_frac"", ""current_value"": 0.4459399079623287, ""suggested_value"": 0.4408856731721724, ""direction"": ""decrease"", ""coupled_feature_updates"": {""graphic_area_frac"": 0.4408856731721724, ""background_area_frac"": 0.5058528756291975, ""text_share"": 0.10778460213938895, ""text_to_graphic_ratio"": 0.12080558394064828}, ""predicted_score"": 5.723883152008057, ""gain"": -0.028070449829101562}]","{""feature"": ""word_count"", ""current_value"": 23.0, ""suggested_value"": 1.0, ""direction"": ""decrease"", ""coupled_feature_updates"": {""word_count"": 1.0, ""char_count"": 6.0, ""text_block_count"": 1.0, ""text_area_frac"": 0.0023157152695056564, ""background_area_frac"": 0.5517443767681656, ""text_share"": 0.005166059608599682, ""text_to_graphic_ratio"": 0.005192886369123257}, ""predicted_score"": 6.0218586921691895, ""gain"": 0.26990509033203125}",word_count,0.26990509033203125,decrease,"['text_area_frac', 'graphic_area_frac', 'word_count', 'mean_text_height_frac']",The model suggests decreasing the amount of text as the most promising change for this poster.,Largest estimated gain among tested feature-group changes; not a causal diagnosis.
overall_rating-00098,4.420547008514404,"[{""feature"": ""mean_text_height_frac"", ""current_value"": 0.0341796875, ""suggested_value"": 0.00997266006842618, ""direction"": ""decrease"", ""coupled_feature_updates"": {""text_area_frac"": 0.0006274650796400684, ""background_area_frac"": 0.49031167524018415, ""text_share"": 0.0012310760305050217, ""text_to_graphic_ratio"": 0.0012325934467526764, ""mean_text_height_frac"": 0.00997266006842618, ""max_text_height_frac"": 0.00997266006842618}, ""predicted_score"": 5.174470901489258, ""gain"": 0.7539238929748535}, {""feature"": ""graphic_area_frac"", ""current_value"": 0.5090608596801758, ""suggested_value"": 0.584478586189439, ""direction"": ""increase"", ""coupled_feature_updates"": {""graphic_area_frac"": 0.584478586189439, ""background_area_frac"": 0.413370878227065, ""text_share"": 0.0036659202615045117, ""text_to_graphic_ratio"": 0.0036794086803361116}, ""predicted_score"": 4.598285675048828, ""gain"": 0.17773866653442383}, {""feature"": ""text_area_frac"", ""current_value"": 0.002150535583496, ""suggested_value"": 0.0011603461371527204, ""direction"": ""decrease"", ""coupled_feature_updates"": {""text_area_frac"": 0.0011603461371527204, ""background_area_frac"": 0.48977879418267145, ""text_share"": 0.002274202098860141, ""text_to_graphic_ratio"": 0.002279385883019416}, ""predicted_score"": 4.486090183258057, ""gain"": 0.06554317474365234}]","{""feature"": ""mean_text_height_frac"", ""current_value"": 0.0341796875, ""suggested_value"": 0.00997266006842618, ""direction"": ""decrease"", ""coupled_feature_updates"": {""text_area_frac"": 0.0006274650796400684, ""background_area_frac"": 0.49031167524018415, ""text_share"": 0.0012310760305050217, ""text_to_graphic_ratio"": 0.0012325934467526764, ""mean_text_height_frac"": 0.00997266006842618, ""max_text_height_frac"": 0.00997266006842618}, ""predicted_score"": 5.174470901489258, ""gain"": 0.7539238929748535}",mean_text_height_frac,0.7539238929748535,decrease,"['text_area_frac', 'graphic_area_frac', 'word_count', 'mean_text_height_frac']",The model suggests decreasing text size as the most promising change for this poster.,Largest estimated gain among tested feature-group changes; not a causal diagnosis.
overall_rating-00099,4.328273296356201,"[{""feature"": ""word_count"", ""current_value"": 5.0, ""suggested_value"": 31.0, ""direction"": ""increase"", ""coupled_feature_updates"": {""word_count"": 31.0, ""char_count"": 112.0, ""text_block_count"": 12.0, ""text_area_frac"": 0.04028049045138882, ""background_area_frac"": 0.7585917154947918, ""text_share"": 0.1668562888549908, ""text_to_graphic_ratio"": 0.2002731180982885}, ""predicted_score"": 5.197228908538818, ""gain"": 0.8689556121826172}, {""feature"": ""text_area_frac"", ""current_value"": 0.0064968532986111, ""suggested_value"": 0.04722671508789056, ""direction"": ""increase"", ""coupled_feature_updates"": {""text_area_frac"": 0.04722671508789056, ""background_area_frac"": 0.75164549085829, ""text_share"": 0.19015847649032702, ""text_to_graphic_ratio"": 0.23480949169687235}, ""predicted_score"": 5.133393287658691, ""gain"": 0.8051199913024902}, {""feature"": ""mean_text_height_frac"", ""current_value"": 0.012890625, ""suggested_value"": 0.07097372555865916, ""direction"": ""increase"", ""coupled_feature_updates"": {""text_area_frac"": 0.03577063819717769, ""background_area_frac"": 0.7631015677490028, ""text_share"": 0.1509956729442524, ""text_to_graphic_ratio"": 0.17785029844063172, ""mean_text_height_frac"": 0.07097372555865916, ""max_text_height_frac"": 0.0860287582529202, ""text_height_std_frac"": 0.010425996963530207}, ""predicted_score"": 5.093719005584717, ""gain"": 0.7654457092285156}]","{""feature"": ""word_count"", ""current_value"": 5.0, ""suggested_value"": 31.0, ""direction"": ""increase"", ""coupled_feature_updates"": {""word_count"": 31.0, ""char_count"": 112.0, ""text_block_count"": 12.0, ""text_area_frac"": 0.04028049045138882, ""background_area_frac"": 0.7585917154947918, ""text_share"": 0.1668562888549908, ""text_to_graphic_ratio"": 0.2002731180982885}, ""predicted_score"": 5.197228908538818, ""gain"": 0.8689556121826172}",word_count,0.8689556121826172,increase,"['text_area_frac', 'graphic_area_frac', 'word_count', 'mean_text_height_frac']",The model suggests increasing the amount of text as the most promising change for this poster.,Largest estimated gain among tested feature-group changes; not a causal diagnosis.
overall_rating-00100,3.7736597061157227,"[{""feature"": ""graphic_area_frac"", ""current_value"": 0.2941199408637153, ""suggested_value"": 0.14488246548566117, ""direction"": ""decrease"", ""coupled_feature_updates"": {""graphic_area_frac"": 0.14488246548566117, ""background_area_frac"": 0.8000756915238875, ""text_share"": 0.27531340940978094, ""text_to_graphic_ratio"": 0.3799068631662589}, ""predicted_score"": 4.801280498504639, ""gain"": 1.027620792388916}, {""feature"": ""mean_text_height_frac"", ""current_value"": 0.0385044642857142, ""suggested_value"": 0.00997266006842618, ""direction"": ""decrease"", ""coupled_feature_updates"": {""text_area_frac"": 0.014255842792938511, ""background_area_frac"": 0.6916242163433463, ""text_share"": 0.04622880118502105, ""text_to_graphic_ratio"": 0.048469487485529456, ""mean_text_height_frac"": 0.00997266006842618, ""max_text_height_frac"": 0.03085743368998542, ""text_height_std_frac"": 0.009516593531639092}, ""predicted_score"": 4.682750225067139, ""gain"": 0.909090518951416}, {""feature"": ""word_count"", ""current_value"": 7.0, ""suggested_value"": 31.0, ""direction"": ""increase"", ""coupled_feature_updates"": {""word_count"": 31.0, ""char_count"": 93.0, ""text_block_count"": 18.0, ""text_area_frac"": 0.2437567332434272, ""background_area_frac"": 0.46212332589285754, ""text_share"": 0.4531833131601316, ""text_to_graphic_ratio"": 0.8287664295307858}, ""predicted_score"": 4.645351409912109, ""gain"": 0.8716917037963867}]","{""feature"": ""graphic_area_frac"", ""current_value"": 0.2941199408637153, ""suggested_value"": 0.14488246548566117, ""direction"": ""decrease"", ""coupled_feature_updates"": {""graphic_area_frac"": 0.14488246548566117, ""background_area_frac"": 0.8000756915238875, ""text_share"": 0.27531340940978094, ""text_to_graphic_ratio"": 0.3799068631662589}, ""predicted_score"": 4.801280498504639, ""gain"": 1.027620792388916}",graphic_area_frac,1.027620792388916,decrease,"['text_area_frac', 'graphic_area_frac', 'word_count', 'mean_text_height_frac']",The model suggests decreasing graphic coverage as the most promising change for this poster.,Largest estimated gain among tested feature-group changes; not a causal diagnosis.
overall_rating-00101,5.478109836578369,"[{""feature"": ""word_count"", ""current_value"": 29.0, ""suggested_value"": 1.0, ""direction"": ""decrease"", ""coupled_feature_updates"": {""word_count"": 1.0, ""char_count"": 5.0, ""text_block_count"": 1.0, ""text_area_frac"": 0.002366019212441517, ""background_area_frac"": 0.38487536348228213, ""text_share"": 0.0038464061947441884, ""text_to_graphic_ratio"": 0.0038612581620582355}, ""predicted_score"": 6.24078893661499, ""gain"": 0.7626791000366211}, {""feature"": ""text_area_frac"", ""current_value"": 0.068614557160804, ""suggested_value"": 0.0011603461371527204, ""direction"": ""decrease"", ""coupled_feature_updates"": {""text_area_frac"": 0.0011603461371527204, ""background_area_frac"": 0.38608103655757087, ""text_share"": 0.001890064008849489, ""text_to_graphic_ratio"": 0.0018936431155477916}, ""predicted_score"": 5.662985801696777, ""gain"": 0.1848759651184082}, {""feature"": ""graphic_area_frac"", ""current_value"": 0.6127586173052764, ""suggested_value"": 0.14488246548566117, ""direction"": ""decrease"", ""coupled_feature_updates"": {""graphic_area_frac"": 0.14488246548566117, ""background_area_frac"": 0.7865029773535348, ""text_share"": 0.3213841406792098, ""text_to_graphic_ratio"": 0.4735877245793743}, ""predicted_score"": 5.547969818115234, ""gain"": 0.06985998153686523}]","{""feature"": ""word_count"", ""current_value"": 29.0, ""suggested_value"": 1.0, ""direction"": ""decrease"", ""coupled_feature_updates"": {""word_count"": 1.0, ""char_count"": 5.0, ""text_block_count"": 1.0, ""text_area_frac"": 0.002366019212441517, ""background_area_frac"": 0.38487536348228213, ""text_share"": 0.0038464061947441884, ""text_to_graphic_ratio"": 0.0038612581620582355}, ""predicted_score"": 6.24078893661499, ""gain"": 0.7626791000366211}",word_count,0.7626791000366211,decrease,"['text_area_frac', 'graphic_area_frac', 'word_count', 'mean_text_height_frac']",The model suggests decreasing the amount of text as the most promising change for this poster.,Largest estimated gain among tested feature-group changes; not a causal diagnosis.
overall_rating-00102,4.475260257720947,"[{""feature"": ""graphic_area_frac"", ""current_value"": 0.9326620869252874, ""suggested_value"": 0.14488246548566117, ""direction"": ""decrease"", ""coupled_feature_updates"": {""graphic_area_frac"": 0.14488246548566117, ""background_area_frac"": 0.8092429498340228, ""text_share"": 0.2404869683212267, ""text_to_graphic_ratio"": 0.31663310343691076}, ""predicted_score"": 5.692349433898926, ""gain"": 1.2170891761779785}, {""feature"": ""word_count"", ""current_value"": 8.0, ""suggested_value"": 1.0, ""direction"": ""decrease"", ""coupled_feature_updates"": {""word_count"": 1.0, ""char_count"": 4.0, ""text_block_count"": 1.0, ""text_area_frac"": 0.0057343230850395, ""background_area_frac"": 0.06160358998967308, ""text_share"": 0.006110768353191371, ""text_to_graphic_ratio"": 0.006148339431212302}, ""predicted_score"": 5.147318363189697, ""gain"": 0.67205810546875}, {""feature"": ""text_area_frac"", ""current_value"": 0.045874584680316, ""suggested_value"": 0.00529463026258678, ""direction"": ""decrease"", ""coupled_feature_updates"": {""text_area_frac"": 0.00529463026258678, ""background_area_frac"": 0.06204328281212579, ""text_share"": 0.005644855637327088, ""text_to_graphic_ratio"": 0.005676900923507697}, ""predicted_score"": 5.017260551452637, ""gain"": 0.5420002937316895}]","{""feature"": ""graphic_area_frac"", ""current_value"": 0.9326620869252874, ""suggested_value"": 0.14488246548566117, ""direction"": ""decrease"", ""coupled_feature_updates"": {""graphic_area_frac"": 0.14488246548566117, ""background_area_frac"": 0.8092429498340228, ""text_share"": 0.2404869683212267, ""text_to_graphic_ratio"": 0.31663310343691076}, ""predicted_score"": 5.692349433898926, ""gain"": 1.2170891761779785}",graphic_area_frac,1.2170891761779785,decrease,"['text_area_frac', 'graphic_area_frac', 'word_count', 'mean_text_height_frac']",The model suggests decreasing graphic coverage as the most promising change for this poster.,Largest estimated gain among tested feature-group changes; not a causal diagnosis.
overall_rating-00103,3.8407342433929443,"[{""feature"": ""mean_text_height_frac"", ""current_value"": 0.05810546875, ""suggested_value"": 0.00997266006842618, ""direction"": ""decrease"", ""coupled_feature_updates"": {""text_area_frac"": 0.004432602535994104, ""background_area_frac"": 0.4600306314117598, ""text_share"": 0.008208988868356042, ""text_to_graphic_ratio"": 0.008276934128480858, ""mean_text_height_frac"": 0.00997266006842618, ""max_text_height_frac"": 0.011229718060244604, ""text_height_std_frac"": 0.0012570579918184258}, ""predicted_score"": 5.362419605255127, ""gain"": 1.5216853618621826}, {""feature"": ""text_area_frac"", ""current_value"": 0.0258264541625976, ""suggested_value"": 0.0011603461371527204, ""direction"": ""decrease"", ""coupled_feature_updates"": {""text_area_frac"": 0.0011603461371527204, ""background_area_frac"": 0.46330288781060114, ""text_share"": 0.0021620130065899026, ""text_to_graphic_ratio"": 0.002166697434624907}, ""predicted_score"": 4.505740165710449, ""gain"": 0.6650059223175049}, {""feature"": ""word_count"", ""current_value"": 2.0, ""suggested_value"": 31.0, ""direction"": ""increase"", ""coupled_feature_updates"": {""word_count"": 31.0, ""char_count"": 140.0, ""text_block_count"": 16.0, ""text_area_frac"": 0.4003100395202628, ""background_area_frac"": 0.06415319442749112, ""text_share"": 0.42775167595445407, ""text_to_graphic_ratio"": 0.7474931039211026}, ""predicted_score"": 4.313182353973389, ""gain"": 0.47244811058044434}]","{""feature"": ""mean_text_height_frac"", ""current_value"": 0.05810546875, ""suggested_value"": 0.00997266006842618, ""direction"": ""decrease"", ""coupled_feature_updates"": {""text_area_frac"": 0.004432602535994104, ""background_area_frac"": 0.4600306314117598, ""text_share"": 0.008208988868356042, ""text_to_graphic_ratio"": 0.008276934128480858, ""mean_text_height_frac"": 0.00997266006842618, ""max_text_height_frac"": 0.011229718060244604, ""text_height_std_frac"": 0.0012570579918184258}, ""predicted_score"": 5.362419605255127, ""gain"": 1.5216853618621826}",mean_text_height_frac,1.5216853618621826,decrease,"['text_area_frac', 'graphic_area_frac', 'word_count', 'mean_text_height_frac']",The model suggests decreasing text size as the most promising change for this poster.,Largest estimated gain among tested feature-group changes; not a causal diagnosis.
overall_rating-00104,4.704164028167725,"[{""feature"": ""word_count"", ""current_value"": 21.0, ""suggested_value"": 2.0, ""direction"": ""decrease"", ""coupled_feature_updates"": {""word_count"": 2.0, ""char_count"": 9.0, ""text_block_count"": 1.0, ""text_area_frac"": 0.006546763820470714, ""background_area_frac"": 0.21595374129806377, ""text_share"": 0.00834997137963455, ""text_to_graphic_ratio"": 0.008420280480656527}, ""predicted_score"": 5.211263179779053, ""gain"": 0.5070991516113281}, {""feature"": ""text_area_frac"", ""current_value"": 0.0687410201149425, ""suggested_value"": 0.00529463026258678, ""direction"": ""decrease"", ""coupled_feature_updates"": {""text_area_frac"": 0.00529463026258678, ""background_area_frac"": 0.21720587485594767, ""text_share"": 0.006763758301855478, ""text_to_graphic_ratio"": 0.006809818266690936}, ""predicted_score"": 5.178251266479492, ""gain"": 0.4740872383117676}, {""feature"": ""graphic_area_frac"", ""current_value"": 0.7774994948814655, ""suggested_value"": 0.14488246548566117, ""direction"": ""decrease"", ""coupled_feature_updates"": {""graphic_area_frac"": 0.14488246548566117, ""background_area_frac"": 0.7863765143993963, ""text_share"": 0.32178587444014745, ""text_to_graphic_ratio"": 0.4744605904138601}, ""predicted_score"": 4.978332996368408, ""gain"": 0.2741689682006836}]","{""feature"": ""word_count"", ""current_value"": 21.0, ""suggested_value"": 2.0, ""direction"": ""decrease"", ""coupled_feature_updates"": {""word_count"": 2.0, ""char_count"": 9.0, ""text_block_count"": 1.0, ""text_area_frac"": 0.006546763820470714, ""background_area_frac"": 0.21595374129806377, ""text_share"": 0.00834997137963455, ""text_to_graphic_ratio"": 0.008420280480656527}, ""predicted_score"": 5.211263179779053, ""gain"": 0.5070991516113281}",word_count,0.5070991516113281,decrease,"['text_area_frac', 'graphic_area_frac', 'word_count', 'mean_text_height_frac']",The model suggests decreasing the amount of text as the most promising change for this poster.,Largest estimated gain among tested feature-group changes; not a causal diagnosis.
overall_rating-00105,4.602541446685791,"[{""feature"": ""word_count"", ""current_value"": 20.0, ""suggested_value"": 1.0, ""direction"": ""decrease"", ""coupled_feature_updates"": {""word_count"": 1.0, ""char_count"": 4.0, ""text_block_count"": 1.0, ""text_area_frac"": 0.005830891927083331, ""background_area_frac"": 0.11086411750179603, ""text_share"": 0.006557931179990488, ""text_to_graphic_ratio"": 0.006601221536530929}, ""predicted_score"": 5.112955093383789, ""gain"": 0.510413646697998}, {""feature"": ""text_area_frac"", ""current_value"": 0.1166178385416666, ""suggested_value"": 0.00529463026258678, ""direction"": ""decrease"", ""coupled_feature_updates"": {""text_area_frac"": 0.00529463026258678, ""background_area_frac"": 0.11140037916629253, ""text_share"": 0.005958398066408378, ""text_to_graphic_ratio"": 0.005994113379981492}, ""predicted_score"": 5.056649208068848, ""gain"": 0.45410776138305664}, {""feature"": ""mean_text_height_frac"", ""current_value"": 0.022509765625, ""suggested_value"": 0.0182004182235054, ""direction"": ""decrease"", ""coupled_feature_updates"": {""text_area_frac"": 0.0942921161036993, ""background_area_frac"": 0.022402893325180084, ""text_share"": 0.09645294105300975, ""text_to_graphic_ratio"": 0.1067492169864597, ""mean_text_height_frac"": 0.0182004182235054, ""max_text_height_frac"": 0.08685665963494986, ""text_height_std_frac"": 0.01622150347672444}, ""predicted_score"": 4.804194927215576, ""gain"": 0.20165348052978516}]","{""feature"": ""word_count"", ""current_value"": 20.0, ""suggested_value"": 1.0, ""direction"": ""decrease"", ""coupled_feature_updates"": {""word_count"": 1.0, ""char_count"": 4.0, ""text_block_count"": 1.0, ""text_area_frac"": 0.005830891927083331, ""background_area_frac"": 0.11086411750179603, ""text_share"": 0.006557931179990488, ""text_to_graphic_ratio"": 0.006601221536530929}, ""predicted_score"": 5.112955093383789, ""gain"": 0.510413646697998}",word_count,0.510413646697998,decrease,"['text_area_frac', 'graphic_area_frac', 'word_count', 'mean_text_height_frac']",The model suggests decreasing the amount of text as the most promising change for this poster.,Largest estimated gain among tested feature-group changes; not a causal diagnosis.
overall_rating-00106,4.7678656578063965,"[{""feature"": ""word_count"", ""current_value"": 27.0, ""suggested_value"": 1.0, ""direction"": ""decrease"", ""coupled_feature_updates"": {""word_count"": 1.0, ""char_count"": 6.0, ""text_block_count"": 1.0, ""text_area_frac"": 0.0030223861482506, ""background_area_frac"": 0.7883133568496747, ""text_share"": 0.014277642194478512, ""text_to_graphic_ratio"": 0.014484445930864667}, ""predicted_score"": 6.044881820678711, ""gain"": 1.2770161628723145}, {""feature"": ""mean_text_height_frac"", ""current_value"": 0.0153356481481481, ""suggested_value"": 0.07097372555865916, ""direction"": ""increase"", ""coupled_feature_updates"": {""text_area_frac"": 0.37766712430681576, ""background_area_frac"": 0.4136686186911096, ""text_share"": 0.6441188999021931, ""text_to_graphic_ratio"": 1.8099272474013637, ""mean_text_height_frac"": 0.07097372555865916, ""max_text_height_frac"": 0.35704470900146335, ""text_height_std_frac"": 0.059423991830470535}, ""predicted_score"": 5.723916053771973, ""gain"": 0.9560503959655762}, {""feature"": ""text_area_frac"", ""current_value"": 0.0816044260027662, ""suggested_value"": 0.0011603461371527204, ""direction"": ""decrease"", ""coupled_feature_updates"": {""text_area_frac"": 0.0011603461371527204, ""background_area_frac"": 0.7901753968607725, ""text_share"": 0.005530076643980507, ""text_to_graphic_ratio"": 0.005560828451521448}, ""predicted_score"": 5.550234794616699, ""gain"": 0.7823691368103027}]","{""feature"": ""word_count"", ""current_value"": 27.0, ""suggested_value"": 1.0, ""direction"": ""decrease"", ""coupled_feature_updates"": {""word_count"": 1.0, ""char_count"": 6.0, ""text_block_count"": 1.0, ""text_area_frac"": 0.0030223861482506, ""background_area_frac"": 0.7883133568496747, ""text_share"": 0.014277642194478512, ""text_to_graphic_ratio"": 0.014484445930864667}, ""predicted_score"": 6.044881820678711, ""gain"": 1.2770161628723145}",word_count,1.2770161628723145,decrease,"['text_area_frac', 'graphic_area_frac', 'word_count', 'mean_text_height_frac']",The model suggests decreasing the amount of text as the most promising change for this poster.,Largest estimated gain among tested feature-group changes; not a causal diagnosis.
overall_rating-00107,3.7322399616241455,"[{""feature"": ""mean_text_height_frac"", ""current_value"": 0.0441623263888888, ""suggested_value"": 0.00997266006842618, ""direction"": ""decrease"", ""coupled_feature_updates"": {""text_area_frac"": 0.011099934753199396, ""background_area_frac"": 0.6014746425783437, ""text_share"": 0.02785251815596568, ""text_to_graphic_ratio"": 0.0286505069201364, ""mean_text_height_frac"": 0.00997266006842618, ""max_text_height_frac"": 0.015657321335932044, ""text_height_std_frac"": 0.004058015270312516}, ""predicted_score"": 4.626708984375, ""gain"": 0.8944690227508545}, {""feature"": ""text_area_frac"", ""current_value"": 0.0491542816162109, ""suggested_value"": 0.0011603461371527204, ""direction"": ""decrease"", ""coupled_feature_updates"": {""text_area_frac"": 0.0011603461371527204, ""background_area_frac"": 0.6114142311943902, ""text_share"": 0.002986074710659783, ""text_to_graphic_ratio"": 0.002995018058341767}, ""predicted_score"": 4.536001682281494, ""gain"": 0.8037617206573486}, {""feature"": ""word_count"", ""current_value"": 9.0, ""suggested_value"": 1.0, ""direction"": ""decrease"", ""coupled_feature_updates"": {""word_count"": 1.0, ""char_count"": 4.0, ""text_block_count"": 1.0, ""text_area_frac"": 0.005461586846245655, ""background_area_frac"": 0.6071129904852974, ""text_share"": 0.013901164238012995, ""text_to_graphic_ratio"": 0.01409713076810517}, ""predicted_score"": 4.368828296661377, ""gain"": 0.6365883350372314}]","{""feature"": ""mean_text_height_frac"", ""current_value"": 0.0441623263888888, ""suggested_value"": 0.00997266006842618, ""direction"": ""decrease"", ""coupled_feature_updates"": {""text_area_frac"": 0.011099934753199396, ""background_area_frac"": 0.6014746425783437, ""text_share"": 0.02785251815596568, ""text_to_graphic_ratio"": 0.0286505069201364, ""mean_text_height_frac"": 0.00997266006842618, ""max_text_height_frac"": 0.015657321335932044, ""text_height_std_frac"": 0.004058015270312516}, ""predicted_score"": 4.626708984375, ""gain"": 0.8944690227508545}",mean_text_height_frac,0.8944690227508545,decrease,"['text_area_frac', 'graphic_area_frac', 'word_count', 'mean_text_height_frac']",The model suggests decreasing text size as the most promising change for this poster.,Largest estimated gain among tested feature-group changes; not a causal diagnosis.
overall_rating-00108,5.219662666320801,"[{""feature"": ""word_count"", ""current_value"": 34.0, ""suggested_value"": 1.0, ""direction"": ""decrease"", ""coupled_feature_updates"": {""word_count"": 1.0, ""char_count"": 6.0, ""text_block_count"": 1.0, ""text_area_frac"": 0.003264506677156459, ""background_area_frac"": 0.5377591558742839, ""text_share"": 0.0070623501117279205, ""text_to_graphic_ratio"": 0.00711258165356364}, ""predicted_score"": 5.873472690582275, ""gain"": 0.6538100242614746}, {""feature"": ""text_area_frac"", ""current_value"": 0.1109932270233196, ""suggested_value"": 0.0011603461371527204, ""direction"": ""decrease"", ""coupled_feature_updates"": {""text_area_frac"": 0.0011603461371527204, ""background_area_frac"": 0.5398633164142876, ""text_share"": 0.0025217422964639072, ""text_to_graphic_ratio"": 0.002528117557438934}, ""predicted_score"": 5.601807594299316, ""gain"": 0.3821449279785156}, {""feature"": ""mean_text_height_frac"", ""current_value"": 0.0189855238970588, ""suggested_value"": 0.00997266006842618, ""direction"": ""decrease"", ""coupled_feature_updates"": {""text_area_frac"": 0.05830219534646074, ""background_area_frac"": 0.48272146720497966, ""text_share"": 0.11270948173981907, ""text_to_graphic_ratio"": 0.12702658195967464, ""mean_text_height_frac"": 0.00997266006842618, ""max_text_height_frac"": 0.047192860354065246, ""text_height_std_frac"": 0.00979561093857829}, ""predicted_score"": 5.456721782684326, ""gain"": 0.2370591163635254}]","{""feature"": ""word_count"", ""current_value"": 34.0, ""suggested_value"": 1.0, ""direction"": ""decrease"", ""coupled_feature_updates"": {""word_count"": 1.0, ""char_count"": 6.0, ""text_block_count"": 1.0, ""text_area_frac"": 0.003264506677156459, ""background_area_frac"": 0.5377591558742839, ""text_share"": 0.0070623501117279205, ""text_to_graphic_ratio"": 0.00711258165356364}, ""predicted_score"": 5.873472690582275, ""gain"": 0.6538100242614746}",word_count,0.6538100242614746,decrease,"['text_area_frac', 'graphic_area_frac', 'word_count', 'mean_text_height_frac']",The model suggests decreasing the amount of text as the most promising change for this poster.,Largest estimated gain among tested feature-group changes; not a causal diagnosis.
overall_rating-00109,4.134189605712891,"[{""feature"": ""word_count"", ""current_value"": 23.0, ""suggested_value"": 1.0, ""direction"": ""decrease"", ""coupled_feature_updates"": {""word_count"": 1.0, ""char_count"": 5.0, ""text_block_count"": 1.0, ""text_area_frac"": 0.0050569197822963475, ""background_area_frac"": 0.7397179095998876, ""text_share"": 0.019428612143550555, ""text_to_graphic_ratio"": 0.019813562157898496}, ""predicted_score"": 5.366225242614746, ""gain"": 1.2320356369018555}, {""feature"": ""mean_text_height_frac"", ""current_value"": 0.0242442255434782, ""suggested_value"": 0.07097372555865916, ""direction"": ""increase"", ""coupled_feature_updates"": {""text_area_frac"": 0.34048907982710447, ""background_area_frac"": 0.4042857495550794, ""text_share"": 0.5715644364270348, ""text_to_graphic_ratio"": 1.3340732773452264, ""mean_text_height_frac"": 0.07097372555865916, ""max_text_height_frac"": 0.4574138529875067, ""text_height_std_frac"": 0.08261064433735964}, ""predicted_score"": 5.362639427185059, ""gain"": 1.228449821472168}, {""feature"": ""text_area_frac"", ""current_value"": 0.116309154992816, ""suggested_value"": 0.0011603461371527204, ""direction"": ""decrease"", ""coupled_feature_updates"": {""text_area_frac"": 0.0011603461371527204, ""background_area_frac"": 0.7436144832450311, ""text_share"": 0.0045257866038575, ""text_to_graphic_ratio"": 0.004546362470221509}, ""predicted_score"": 5.0799150466918945, ""gain"": 0.9457254409790039}]","{""feature"": ""word_count"", ""current_value"": 23.0, ""suggested_value"": 1.0, ""direction"": ""decrease"", ""coupled_feature_updates"": {""word_count"": 1.0, ""char_count"": 5.0, ""text_block_count"": 1.0, ""text_area_frac"": 0.0050569197822963475, ""background_area_frac"": 0.7397179095998876, ""text_share"": 0.019428612143550555, ""text_to_graphic_ratio"": 0.019813562157898496}, ""predicted_score"": 5.366225242614746, ""gain"": 1.2320356369018555}",word_count,1.2320356369018555,decrease,"['text_area_frac', 'graphic_area_frac', 'word_count', 'mean_text_height_frac']",The model suggests decreasing the amount of text as the most promising change for this poster.,Largest estimated gain among tested feature-group changes; not a causal diagnosis.
overall_rating-00110,4.055513381958008,"[{""feature"": ""graphic_area_frac"", ""current_value"": 0.668389682112069, ""suggested_value"": 0.14488246548566117, ""direction"": ""decrease"", ""coupled_feature_updates"": {""graphic_area_frac"": 0.14488246548566117, ""background_area_frac"": 0.8328937221041377, ""text_share"": 0.13299208557592668, ""text_to_graphic_ratio"": 0.15339200872724357}, ""predicted_score"": 5.643932342529297, ""gain"": 1.588418960571289}, {""feature"": ""mean_text_height_frac"", ""current_value"": 0.030078125, ""suggested_value"": 0.00997266006842618, ""direction"": ""decrease"", ""coupled_feature_updates"": {""text_area_frac"": 0.007368495429532482, ""background_area_frac"": 0.3242418224583986, ""text_share"": 0.01090404182208932, ""text_to_graphic_ratio"": 0.0110242507129202, ""mean_text_height_frac"": 0.00997266006842618, ""max_text_height_frac"": 0.015541807898845992, ""text_height_std_frac"": 0.00462189170390458}, ""predicted_score"": 5.493722438812256, ""gain"": 1.438209056854248}, {""feature"": ""word_count"", ""current_value"": 5.0, ""suggested_value"": 1.0, ""direction"": ""decrease"", ""coupled_feature_updates"": {""word_count"": 1.0, ""char_count"": 6.0, ""text_area_frac"": 0.004444762482040221, ""background_area_frac"": 0.3271655554058909, ""text_share"": 0.006606026962132634, ""text_to_graphic_ratio"": 0.006649956755758188}, ""predicted_score"": 4.9753594398498535, ""gain"": 0.9198460578918457}]","{""feature"": ""graphic_area_frac"", ""current_value"": 0.668389682112069, ""suggested_value"": 0.14488246548566117, ""direction"": ""decrease"", ""coupled_feature_updates"": {""graphic_area_frac"": 0.14488246548566117, ""background_area_frac"": 0.8328937221041377, ""text_share"": 0.13299208557592668, ""text_to_graphic_ratio"": 0.15339200872724357}, ""predicted_score"": 5.643932342529297, ""gain"": 1.588418960571289}",graphic_area_frac,1.588418960571289,decrease,"['text_area_frac', 'graphic_area_frac', 'word_count', 'mean_text_height_frac']",The model suggests decreasing graphic coverage as the most promising change for this poster.,Largest estimated gain among tested feature-group changes; not a causal diagnosis.
overall_rating-00111,4.58738374710083,"[{""feature"": ""word_count"", ""current_value"": 20.0, ""suggested_value"": 1.0, ""direction"": ""decrease"", ""coupled_feature_updates"": {""word_count"": 1.0, ""char_count"": 5.0, ""text_block_count"": 1.0, ""text_area_frac"": 0.006437876032686781, ""background_area_frac"": 0.42500350776760065, ""text_share"": 0.01119637444689793, ""text_to_graphic_ratio"": 0.011323152704496882}, ""predicted_score"": 5.363951683044434, ""gain"": 0.7765679359436035}, {""feature"": ""text_area_frac"", ""current_value"": 0.1287575206537356, ""suggested_value"": 0.00529463026258678, ""direction"": ""decrease"", ""coupled_feature_updates"": {""text_area_frac"": 0.00529463026258678, ""background_area_frac"": 0.4261467535377006, ""text_share"": 0.009226453444721642, ""text_to_graphic_ratio"": 0.009312373626445901}, ""predicted_score"": 5.241041660308838, ""gain"": 0.6536579132080078}, {""feature"": ""mean_text_height_frac"", ""current_value"": 0.02548828125, ""suggested_value"": 0.0123654277510124, ""direction"": ""decrease"", ""coupled_feature_updates"": {""text_area_frac"": 0.062465640716486304, ""background_area_frac"": 0.3689757430838011, ""text_share"": 0.09899087084505191, ""text_to_graphic_ratio"": 0.10986666798581159, ""mean_text_height_frac"": 0.0123654277510124, ""max_text_height_frac"": 0.04263940603797379, ""text_height_std_frac"": 0.010630753830636892}, ""predicted_score"": 5.084127426147461, ""gain"": 0.49674367904663086}]","{""feature"": ""word_count"", ""current_value"": 20.0, ""suggested_value"": 1.0, ""direction"": ""decrease"", ""coupled_feature_updates"": {""word_count"": 1.0, ""char_count"": 5.0, ""text_block_count"": 1.0, ""text_area_frac"": 0.006437876032686781, ""background_area_frac"": 0.42500350776760065, ""text_share"": 0.01119637444689793, ""text_to_graphic_ratio"": 0.011323152704496882}, ""predicted_score"": 5.363951683044434, ""gain"": 0.7765679359436035}",word_count,0.7765679359436035,decrease,"['text_area_frac', 'graphic_area_frac', 'word_count', 'mean_text_height_frac']",The model suggests decreasing the amount of text as the most promising change for this poster.,Largest estimated gain among tested feature-group changes; not a causal diagnosis.
overall_rating-00112,4.605160713195801,"[{""feature"": ""word_count"", ""current_value"": 22.0, ""suggested_value"": 1.0, ""direction"": ""decrease"", ""coupled_feature_updates"": {""word_count"": 1.0, ""char_count"": 5.0, ""text_block_count"": 1.0, ""text_area_frac"": 0.004619347264400469, ""background_area_frac"": 0.25445594907180635, ""text_share"": 0.006195941418417108, ""text_to_graphic_ratio"": 0.006234570451704866}, ""predicted_score"": 5.186715126037598, ""gain"": 0.5815544128417969}, {""feature"": ""text_area_frac"", ""current_value"": 0.1016256398168103, ""suggested_value"": 0.00529463026258678, ""direction"": ""decrease"", ""coupled_feature_updates"": {""text_area_frac"": 0.00529463026258678, ""background_area_frac"": 0.25378066607362004, ""text_share"": 0.007095273496504091, ""text_to_graphic_ratio"": 0.007145976151699898}, ""predicted_score"": 5.091975688934326, ""gain"": 0.4868149757385254}, {""feature"": ""mean_text_height_frac"", ""current_value"": 0.0242365056818181, ""suggested_value"": 0.0123654277510124, ""direction"": ""decrease"", ""coupled_feature_updates"": {""text_area_frac"": 0.051849244412650396, ""background_area_frac"": 0.20722605192355648, ""text_share"": 0.06540230609047563, ""text_to_graphic_ratio"": 0.06997910065120173, ""mean_text_height_frac"": 0.0123654277510124, ""max_text_height_frac"": 0.030392681395345598, ""text_height_std_frac"": 0.00607555866127702}, ""predicted_score"": 5.077311992645264, ""gain"": 0.4721512794494629}]","{""feature"": ""word_count"", ""current_value"": 22.0, ""suggested_value"": 1.0, ""direction"": ""decrease"", ""coupled_feature_updates"": {""word_count"": 1.0, ""char_count"": 5.0, ""text_block_count"": 1.0, ""text_area_frac"": 0.004619347264400469, ""background_area_frac"": 0.25445594907180635, ""text_share"": 0.006195941418417108, ""text_to_graphic_ratio"": 0.006234570451704866}, ""predicted_score"": 5.186715126037598, ""gain"": 0.5815544128417969}",word_count,0.5815544128417969,decrease,"['text_area_frac', 'graphic_area_frac', 'word_count', 'mean_text_height_frac']",The model suggests decreasing the amount of text as the most promising change for this poster.,Largest estimated gain among tested feature-group changes; not a causal diagnosis.
overall_rating-00113,4.429408073425293,"[{""feature"": ""graphic_area_frac"", ""current_value"": 0.2990536159939236, ""suggested_value"": 0.14488246548566117, ""direction"": ""decrease"", ""coupled_feature_updates"": {""graphic_area_frac"": 0.14488246548566117, ""background_area_frac"": 0.8259885061940263, ""text_share"": 0.16739715109159373, ""text_to_graphic_ratio"": 0.2010528204546282}, ""predicted_score"": 5.4589643478393555, ""gain"": 1.0295562744140625}, {""feature"": ""word_count"", ""current_value"": 6.0, ""suggested_value"": 31.0, ""direction"": ""increase"", ""coupled_feature_updates"": {""word_count"": 31.0, ""char_count"": 108.0, ""text_block_count"": 26.0, ""text_area_frac"": 0.15049997965494794, ""background_area_frac"": 0.5504464043511283, ""text_share"": 0.3347765007589829, ""text_to_graphic_ratio"": 0.5032541711784749}, ""predicted_score"": 4.878206729888916, ""gain"": 0.44879865646362305}, {""feature"": ""text_area_frac"", ""current_value"": 0.0291290283203125, ""suggested_value"": 0.18165415138406416, ""direction"": ""increase"", ""coupled_feature_updates"": {""text_area_frac"": 0.18165415138406416, ""background_area_frac"": 0.5192922326220122, ""text_share"": 0.37788894565796927, ""text_to_graphic_ratio"": 0.6074300448778226}, ""predicted_score"": 4.769124984741211, ""gain"": 0.33971691131591797}]","{""feature"": ""graphic_area_frac"", ""current_value"": 0.2990536159939236, ""suggested_value"": 0.14488246548566117, ""direction"": ""decrease"", ""coupled_feature_updates"": {""graphic_area_frac"": 0.14488246548566117, ""background_area_frac"": 0.8259885061940263, ""text_share"": 0.16739715109159373, ""text_to_graphic_ratio"": 0.2010528204546282}, ""predicted_score"": 5.4589643478393555, ""gain"": 1.0295562744140625}",graphic_area_frac,1.0295562744140625,decrease,"['text_area_frac', 'graphic_area_frac', 'word_count', 'mean_text_height_frac']",The model suggests decreasing graphic coverage as the most promising change for this poster.,Largest estimated gain among tested feature-group changes; not a causal diagnosis.
overall_rating-00114,4.63386869430542,"[{""feature"": ""word_count"", ""current_value"": 16.0, ""suggested_value"": 1.0, ""direction"": ""decrease"", ""coupled_feature_updates"": {""word_count"": 1.0, ""char_count"": 5.0, ""text_block_count"": 1.0, ""text_area_frac"": 0.003141824672284644, ""background_area_frac"": 0.38436329588014984, ""text_share"": 0.005103374524714829, ""text_to_graphic_ratio"": 0.0051295525525346195}, ""predicted_score"": 6.296688079833984, ""gain"": 1.6628193855285645}, {""feature"": ""graphic_area_frac"", ""current_value"": 0.6124948794475655, ""suggested_value"": 0.14488246548566117, ""direction"": ""decrease"", ""coupled_feature_updates"": {""graphic_area_frac"": 0.14488246548566117, ""background_area_frac"": 0.8048483397577845, ""text_share"": 0.25759040273683514, ""text_to_graphic_ratio"": 0.34696534593090134}, ""predicted_score"": 5.438826560974121, ""gain"": 0.8049578666687012}, {""feature"": ""text_area_frac"", ""current_value"": 0.0502691947565543, ""suggested_value"": 0.00529463026258678, ""direction"": ""decrease"", ""coupled_feature_updates"": {""text_area_frac"": 0.00529463026258678, ""background_area_frac"": 0.38221049028984766, ""text_share"": 0.008570281915390335, ""text_to_graphic_ratio"": 0.00864436657390871}, ""predicted_score"": 5.292125701904297, ""gain"": 0.658257007598877}]","{""feature"": ""word_count"", ""current_value"": 16.0, ""suggested_value"": 1.0, ""direction"": ""decrease"", ""coupled_feature_updates"": {""word_count"": 1.0, ""char_count"": 5.0, ""text_block_count"": 1.0, ""text_area_frac"": 0.003141824672284644, ""background_area_frac"": 0.38436329588014984, ""text_share"": 0.005103374524714829, ""text_to_graphic_ratio"": 0.0051295525525346195}, ""predicted_score"": 6.296688079833984, ""gain"": 1.6628193855285645}",word_count,1.6628193855285645,decrease,"['text_area_frac', 'graphic_area_frac', 'word_count', 'mean_text_height_frac']",The model suggests decreasing the amount of text as the most promising change for this poster.,Largest estimated gain among tested feature-group changes; not a causal diagnosis.
overall_rating-00115,4.009066581726074,"[{""feature"": ""word_count"", ""current_value"": 13.0, ""suggested_value"": 1.0, ""direction"": ""decrease"", ""coupled_feature_updates"": {""word_count"": 1.0, ""char_count"": 5.0, ""text_block_count"": 1.0, ""text_area_frac"": 0.007067155602178255, ""background_area_frac"": 0.5365468470483006, ""text_share"": 0.015248910396159903, ""text_to_graphic_ratio"": 0.01548504038954093}, ""predicted_score"": 5.518865585327148, ""gain"": 1.5097990036010742}, {""feature"": ""mean_text_height_frac"", ""current_value"": 0.0307992788461538, ""suggested_value"": 0.0123654277510124, ""direction"": ""decrease"", ""coupled_feature_updates"": {""text_area_frac"": 0.03688557877362573, ""background_area_frac"": 0.506728423876853, ""text_share"": 0.07477742598413398, ""text_to_graphic_ratio"": 0.08082101332608825, ""mean_text_height_frac"": 0.0123654277510124, ""max_text_height_frac"": 0.030973888537292084, ""text_height_std_frac"": 0.008226547175946688}, ""predicted_score"": 5.306695938110352, ""gain"": 1.2976293563842773}, {""feature"": ""graphic_area_frac"", ""current_value"": 0.4563859973495212, ""suggested_value"": 0.14488246548566117, ""direction"": ""decrease"", ""coupled_feature_updates"": {""graphic_area_frac"": 0.14488246548566117, ""background_area_frac"": 0.7632445116860215, ""text_share"": 0.3880502347910849, ""text_to_graphic_ratio"": 0.6341210616505547}, ""predicted_score"": 5.213099479675293, ""gain"": 1.2040328979492188}]","{""feature"": ""word_count"", ""current_value"": 13.0, ""suggested_value"": 1.0, ""direction"": ""decrease"", ""coupled_feature_updates"": {""word_count"": 1.0, ""char_count"": 5.0, ""text_block_count"": 1.0, ""text_area_frac"": 0.007067155602178255, ""background_area_frac"": 0.5365468470483006, ""text_share"": 0.015248910396159903, ""text_to_graphic_ratio"": 0.01548504038954093}, ""predicted_score"": 5.518865585327148, ""gain"": 1.5097990036010742}",word_count,1.5097990036010742,decrease,"['text_area_frac', 'graphic_area_frac', 'word_count', 'mean_text_height_frac']",The model suggests decreasing the amount of text as the most promising change for this poster.,Largest estimated gain among tested feature-group changes; not a causal diagnosis.
overall_rating-00116,4.081792831420898,"[{""feature"": ""mean_text_height_frac"", ""current_value"": 0.0310366232153941, ""suggested_value"": 0.00997266006842618, ""direction"": ""decrease"", ""coupled_feature_updates"": {""text_area_frac"": 0.004926533029505918, ""background_area_frac"": 0.6902695796334364, ""text_share"": 0.015905873965093267, ""text_to_graphic_ratio"": 0.016162959969267282, ""mean_text_height_frac"": 0.00997266006842618, ""max_text_height_frac"": 0.010770472873900296, ""text_height_std_frac"": 0.0007462855442162214}, ""predicted_score"": 5.159382343292236, ""gain"": 1.077589511871338}, {""feature"": ""graphic_area_frac"", ""current_value"": 0.3048038873370577, ""suggested_value"": 0.7910785671149975, ""direction"": ""increase"", ""coupled_feature_updates"": {""graphic_area_frac"": 0.7910785671149975, ""background_area_frac"": 0.19358921977978838, ""text_share"": 0.019012906921987375, ""text_to_graphic_ratio"": 0.019381403747455197}, ""predicted_score"": 5.035927772521973, ""gain"": 0.9541349411010742}, {""feature"": ""text_area_frac"", ""current_value"": 0.0153322131052141, ""suggested_value"": 0.0011603461371527204, ""direction"": ""decrease"", ""coupled_feature_updates"": {""text_area_frac"": 0.0011603461371527204, ""background_area_frac"": 0.6940357665257895, ""text_share"": 0.0037924241143385976, ""text_to_graphic_ratio"": 0.003806861347111326}, ""predicted_score"": 4.935398101806641, ""gain"": 0.8536052703857422}]","{""feature"": ""mean_text_height_frac"", ""current_value"": 0.0310366232153941, ""suggested_value"": 0.00997266006842618, ""direction"": ""decrease"", ""coupled_feature_updates"": {""text_area_frac"": 0.004926533029505918, ""background_area_frac"": 0.6902695796334364, ""text_share"": 0.015905873965093267, ""text_to_graphic_ratio"": 0.016162959969267282, ""mean_text_height_frac"": 0.00997266006842618, ""max_text_height_frac"": 0.010770472873900296, ""text_height_std_frac"": 0.0007462855442162214}, ""predicted_score"": 5.159382343292236, ""gain"": 1.077589511871338}",mean_text_height_frac,1.077589511871338,decrease,"['text_area_frac', 'graphic_area_frac', 'word_count', 'mean_text_height_frac']",The model suggests decreasing text size as the most promising change for this poster.,Largest estimated gain among tested feature-group changes; not a causal diagnosis.
overall_rating-00117,3.8260233402252197,"[{""feature"": ""mean_text_height_frac"", ""current_value"": 0.024169921875, ""suggested_value"": 0.00997266006842618, ""direction"": ""decrease"", ""coupled_feature_updates"": {""text_area_frac"": 0.006225436195650636, ""background_area_frac"": 0.3528939790875525, ""text_share"": 0.009620426938498426, ""text_to_graphic_ratio"": 0.009713878597838375, ""mean_text_height_frac"": 0.00997266006842618, ""max_text_height_frac"": 0.011685137049873099, ""text_height_std_frac"": 0.0025062312778470442}, ""predicted_score"": 5.101259231567383, ""gain"": 1.275235891342163}, {""feature"": ""word_count"", ""current_value"": 4.0, ""suggested_value"": 1.0, ""direction"": ""decrease"", ""coupled_feature_updates"": {""word_count"": 1.0, ""char_count"": 4.0, ""text_block_count"": 1.0, ""text_area_frac"": 0.0037720203399658, ""background_area_frac"": 0.3553473949432373, ""text_share"": 0.0058512450122398365, ""text_to_graphic_ratio"": 0.005885683588983498}, ""predicted_score"": 4.540514945983887, ""gain"": 0.714491605758667}, {""feature"": ""text_area_frac"", ""current_value"": 0.0150880813598632, ""suggested_value"": 0.0011603461371527204, ""direction"": ""decrease"", ""coupled_feature_updates"": {""text_area_frac"": 0.0011603461371527204, ""background_area_frac"": 0.35795906914605036, ""text_share"": 0.0018072775136148975, ""text_to_graphic_ratio"": 0.0018105496793376472}, ""predicted_score"": 4.452116012573242, ""gain"": 0.6260926723480225}]","{""feature"": ""mean_text_height_frac"", ""current_value"": 0.024169921875, ""suggested_value"": 0.00997266006842618, ""direction"": ""decrease"", ""coupled_feature_updates"": {""text_area_frac"": 0.006225436195650636, ""background_area_frac"": 0.3528939790875525, ""text_share"": 0.009620426938498426, ""text_to_graphic_ratio"": 0.009713878597838375, ""mean_text_height_frac"": 0.00997266006842618, ""max_text_height_frac"": 0.011685137049873099, ""text_height_std_frac"": 0.0025062312778470442}, ""predicted_score"": 5.101259231567383, ""gain"": 1.275235891342163}",mean_text_height_frac,1.275235891342163,decrease,"['text_area_frac', 'graphic_area_frac', 'word_count', 'mean_text_height_frac']",The model suggests decreasing text size as the most promising change for this poster.,Largest estimated gain among tested feature-group changes; not a causal diagnosis.
overall_rating-00118,4.64150857925415,"[{""feature"": ""word_count"", ""current_value"": 24.0, ""suggested_value"": 2.0, ""direction"": ""decrease"", ""coupled_feature_updates"": {""word_count"": 2.0, ""char_count"": 12.0, ""text_block_count"": 1.0, ""text_area_frac"": 0.0051623093203807665, ""background_area_frac"": 0.08506913964965668, ""text_share"": 0.005642294455347179, ""text_to_graphic_ratio"": 0.005674310586507347}, ""predicted_score"": 5.538541793823242, ""gain"": 0.8970332145690918}, {""feature"": ""graphic_area_frac"", ""current_value"": 0.9097685510299626, ""suggested_value"": 0.14488246548566117, ""direction"": ""decrease"", ""coupled_feature_updates"": {""graphic_area_frac"": 0.14488246548566117, ""background_area_frac"": 0.7931698226697697, ""text_share"": 0.2995100262649869, ""text_to_graphic_ratio"": 0.4275721816088234}, ""predicted_score"": 5.131303310394287, ""gain"": 0.4897947311401367}, {""feature"": ""text_area_frac"", ""current_value"": 0.0619477118445692, ""suggested_value"": 0.00529463026258678, ""direction"": ""decrease"", ""coupled_feature_updates"": {""text_area_frac"": 0.00529463026258678, ""background_area_frac"": 0.08493681870745062, ""text_share"": 0.005786081628929692, ""text_to_graphic_ratio"": 0.005819755207621379}, ""predicted_score"": 4.994343280792236, ""gain"": 0.35283470153808594}]","{""feature"": ""word_count"", ""current_value"": 24.0, ""suggested_value"": 2.0, ""direction"": ""decrease"", ""coupled_feature_updates"": {""word_count"": 2.0, ""char_count"": 12.0, ""text_block_count"": 1.0, ""text_area_frac"": 0.0051623093203807665, ""background_area_frac"": 0.08506913964965668, ""text_share"": 0.005642294455347179, ""text_to_graphic_ratio"": 0.005674310586507347}, ""predicted_score"": 5.538541793823242, ""gain"": 0.8970332145690918}",word_count,0.8970332145690918,decrease,"['text_area_frac', 'graphic_area_frac', 'word_count', 'mean_text_height_frac']",The model suggests decreasing the amount of text as the most promising change for this poster.,Largest estimated gain among tested feature-group changes; not a causal diagnosis.
overall_rating-00119,4.575166702270508,"[{""feature"": ""word_count"", ""current_value"": 20.0, ""suggested_value"": 1.0, ""direction"": ""decrease"", ""coupled_feature_updates"": {""word_count"": 1.0, ""char_count"": 6.0, ""text_block_count"": 1.0, ""text_area_frac"": 0.0051272579197877656, ""background_area_frac"": 0.6716110477137953, ""text_share"": 0.015613369098114924, ""text_to_graphic_ratio"": 0.015861012947534763}, ""predicted_score"": 5.661534309387207, ""gain"": 1.0863676071166992}, {""feature"": ""mean_text_height_frac"", ""current_value"": 0.02353515625, ""suggested_value"": 0.00997266006842618, ""direction"": ""decrease"", ""coupled_feature_updates"": {""text_area_frac"": 0.04345193188780238, ""background_area_frac"": 0.6332863737457806, ""text_share"": 0.11849009356876175, ""text_to_graphic_ratio"": 0.13441720019740303, ""mean_text_height_frac"": 0.00997266006842618, ""max_text_height_frac"": 0.0504840053256429, ""text_height_std_frac"": 0.010526313915411796}, ""predicted_score"": 5.112874507904053, ""gain"": 0.5377078056335449}, {""feature"": ""text_area_frac"", ""current_value"": 0.1025451583957553, ""suggested_value"": 0.0011603461371527204, ""direction"": ""decrease"", ""coupled_feature_updates"": {""text_area_frac"": 0.0011603461371527204, ""background_area_frac"": 0.6755779594964302, ""text_share"": 0.003576656306555574, ""text_to_graphic_ratio"": 0.0035894946953952066}, ""predicted_score"": 5.087866306304932, ""gain"": 0.5126996040344238}]","{""feature"": ""word_count"", ""current_value"": 20.0, ""suggested_value"": 1.0, ""direction"": ""decrease"", ""coupled_feature_updates"": {""word_count"": 1.0, ""char_count"": 6.0, ""text_block_count"": 1.0, ""text_area_frac"": 0.0051272579197877656, ""background_area_frac"": 0.6716110477137953, ""text_share"": 0.015613369098114924, ""text_to_graphic_ratio"": 0.015861012947534763}, ""predicted_score"": 5.661534309387207, ""gain"": 1.0863676071166992}",word_count,1.0863676071166992,decrease,"['text_area_frac', 'graphic_area_frac', 'word_count', 'mean_text_height_frac']",The model suggests decreasing the amount of text as the most promising change for this poster.,Largest estimated gain among tested feature-group changes; not a causal diagnosis.
overall_rating-00120,5.371064186096191,"[{""feature"": ""graphic_area_frac"", ""current_value"": 0.5080831309567448, ""suggested_value"": 0.14488246548566117, ""direction"": ""decrease"", ""coupled_feature_updates"": {""graphic_area_frac"": 0.14488246548566117, ""background_area_frac"": 0.842548230078855, ""text_share"": 0.07982955315001389, ""text_to_graphic_ratio"": 0.08675518043781336}, ""predicted_score"": 6.148233890533447, ""gain"": 0.7771697044372559}, {""feature"": ""mean_text_height_frac"", ""current_value"": 0.025146484375, ""suggested_value"": 0.0123654277510124, ""direction"": ""decrease"", ""coupled_feature_updates"": {""text_area_frac"": 0.006180777541689846, ""background_area_frac"": 0.48573609150156527, ""text_share"": 0.012018688147369103, ""text_to_graphic_ratio"": 0.012164894217312719, ""mean_text_height_frac"": 0.0123654277510124, ""max_text_height_frac"": 0.030733490332613342, ""text_height_std_frac"": 0.010621102168152423}, ""predicted_score"": 5.519726276397705, ""gain"": 0.14866209030151367}, {""feature"": ""word_count"", ""current_value"": 4.0, ""suggested_value"": 2.0, ""direction"": ""decrease"", ""coupled_feature_updates"": {""word_count"": 2.0, ""char_count"": 10.0, ""text_block_count"": 2.0, ""text_area_frac"": 0.0062846522177419, ""background_area_frac"": 0.4856322168255133, ""text_share"": 0.012218207328140504, ""text_to_graphic_ratio"": 0.012369338470079885}, ""predicted_score"": 5.515566349029541, ""gain"": 0.1445021629333496}]","{""feature"": ""graphic_area_frac"", ""current_value"": 0.5080831309567448, ""suggested_value"": 0.14488246548566117, ""direction"": ""decrease"", ""coupled_feature_updates"": {""graphic_area_frac"": 0.14488246548566117, ""background_area_frac"": 0.842548230078855, ""text_share"": 0.07982955315001389, ""text_to_graphic_ratio"": 0.08675518043781336}, ""predicted_score"": 6.148233890533447, ""gain"": 0.7771697044372559}",graphic_area_frac,0.7771697044372559,decrease,"['text_area_frac', 'graphic_area_frac', 'word_count', 'mean_text_height_frac']",The model suggests decreasing graphic coverage as the most promising change for this poster.,Largest estimated gain among tested feature-group changes; not a causal diagnosis.
overall_rating-00121,3.6631228923797607,"[{""feature"": ""mean_text_height_frac"", ""current_value"": 0.0787760416666666, ""suggested_value"": 0.00997266006842618, ""direction"": ""decrease"", ""coupled_feature_updates"": {""text_area_frac"": 0.003674794524342506, ""background_area_frac"": 0.45416517129597, ""text_share"": 0.006732429539294025, ""text_to_graphic_ratio"": 0.006778062366590033, ""mean_text_height_frac"": 0.00997266006842618, ""max_text_height_frac"": 0.012733685789849966, ""text_height_std_frac"": 0.002132558414744604}, ""predicted_score"": 5.328085422515869, ""gain"": 1.6649625301361084}, {""feature"": ""text_area_frac"", ""current_value"": 0.0290279388427734, ""suggested_value"": 0.0011603461371527204, ""direction"": ""decrease"", ""coupled_feature_updates"": {""text_area_frac"": 0.0011603461371527204, ""background_area_frac"": 0.45667961968315973, ""text_share"": 0.002135657301270492, ""text_to_graphic_ratio"": 0.002140228095028023}, ""predicted_score"": 4.342076301574707, ""gain"": 0.6789534091949463}, {""feature"": ""word_count"", ""current_value"": 3.0, ""suggested_value"": 31.0, ""direction"": ""increase"", ""coupled_feature_updates"": {""word_count"": 31.0, ""char_count"": 83.0, ""text_block_count"": 21.0, ""text_area_frac"": 0.2999553680419918, ""background_area_frac"": 0.15788459777832076, ""text_share"": 0.356192710940384, ""text_to_graphic_ratio"": 0.5532598294447095}, ""predicted_score"": 4.137048244476318, ""gain"": 0.4739253520965576}]","{""feature"": ""mean_text_height_frac"", ""current_value"": 0.0787760416666666, ""suggested_value"": 0.00997266006842618, ""direction"": ""decrease"", ""coupled_feature_updates"": {""text_area_frac"": 0.003674794524342506, ""background_area_frac"": 0.45416517129597, ""text_share"": 0.006732429539294025, ""text_to_graphic_ratio"": 0.006778062366590033, ""mean_text_height_frac"": 0.00997266006842618, ""max_text_height_frac"": 0.012733685789849966, ""text_height_std_frac"": 0.002132558414744604}, ""predicted_score"": 5.328085422515869, ""gain"": 1.6649625301361084}",mean_text_height_frac,1.6649625301361084,decrease,"['text_area_frac', 'graphic_area_frac', 'word_count', 'mean_text_height_frac']",The model suggests decreasing text size as the most promising change for this poster.,Largest estimated gain among tested feature-group changes; not a causal diagnosis.
overall_rating-00122,4.7831902503967285,"[{""feature"": ""mean_text_height_frac"", ""current_value"": 0.021484375, ""suggested_value"": 0.00997266006842618, ""direction"": ""decrease"", ""coupled_feature_updates"": {""text_area_frac"": 0.0032970690780201374, ""background_area_frac"": 0.5565393185562573, ""text_share"": 0.007434862245929243, ""text_to_graphic_ratio"": 0.007490553479192807, ""mean_text_height_frac"": 0.00997266006842618, ""max_text_height_frac"": 0.00997266006842618}, ""predicted_score"": 5.3921427726745605, ""gain"": 0.608952522277832}, {""feature"": ""text_area_frac"", ""current_value"": 0.0071029663085937, ""suggested_value"": 0.0011603461371527204, ""direction"": ""decrease"", ""coupled_feature_updates"": {""text_area_frac"": 0.0011603461371527204, ""background_area_frac"": 0.5586760414971246, ""text_share"": 0.002629238940684342, ""text_to_graphic_ratio"": 0.0026361700616647373}, ""predicted_score"": 5.060674667358398, ""gain"": 0.2774844169616699}, {""feature"": ""word_count"", ""current_value"": 3.0, ""suggested_value"": 1.0, ""direction"": ""decrease"", ""coupled_feature_updates"": {""word_count"": 1.0, ""char_count"": 5.0, ""text_area_frac"": 0.0023676554361978996, ""background_area_frac"": 0.5574687321980796, ""text_share"": 0.00535025569596062, ""text_to_graphic_ratio"": 0.005379034908116542}, ""predicted_score"": 4.968873023986816, ""gain"": 0.1856827735900879}]","{""feature"": ""mean_text_height_frac"", ""current_value"": 0.021484375, ""suggested_value"": 0.00997266006842618, ""direction"": ""decrease"", ""coupled_feature_updates"": {""text_area_frac"": 0.0032970690780201374, ""background_area_frac"": 0.5565393185562573, ""text_share"": 0.007434862245929243, ""text_to_graphic_ratio"": 0.007490553479192807, ""mean_text_height_frac"": 0.00997266006842618, ""max_text_height_frac"": 0.00997266006842618}, ""predicted_score"": 5.3921427726745605, ""gain"": 0.608952522277832}",mean_text_height_frac,0.608952522277832,decrease,"['text_area_frac', 'graphic_area_frac', 'word_count', 'mean_text_height_frac']",The model suggests decreasing text size as the most promising change for this poster.,Largest estimated gain among tested feature-group changes; not a causal diagnosis.
overall_rating-00123,4.851882457733154,"[{""feature"": ""graphic_area_frac"", ""current_value"": 0.8851131863064237, ""suggested_value"": 0.14488246548566117, ""direction"": ""decrease"", ""coupled_feature_updates"": {""graphic_area_frac"": 0.14488246548566117, ""background_area_frac"": 0.8536187823442, ""text_share"": 0.01023869178122946, ""text_to_graphic_ratio"": 0.010344607024147651}, ""predicted_score"": 5.225899696350098, ""gain"": 0.37401723861694336}, {""feature"": ""mean_text_height_frac"", ""current_value"": 0.0107421875, ""suggested_value"": 0.00997266006842618, ""direction"": ""decrease"", ""coupled_feature_updates"": {""text_area_frac"": 0.0013913875474255398, ""background_area_frac"": 0.11349542614615082, ""text_share"": 0.00156952100244316, ""text_to_graphic_ratio"": 0.0015719882710501676, ""mean_text_height_frac"": 0.00997266006842618, ""max_text_height_frac"": 0.00997266006842618}, ""predicted_score"": 4.856144905090332, ""gain"": 0.004262447357177734}, {""feature"": ""text_area_frac"", ""current_value"": 0.0014987521701388, ""suggested_value"": 0.00529463026258678, ""direction"": ""increase"", ""coupled_feature_updates"": {""text_area_frac"": 0.00529463026258678, ""background_area_frac"": 0.10959218343098953, ""text_share"": 0.005946298049121432, ""text_to_graphic_ratio"": 0.005981868019254426}, ""predicted_score"": 4.846033096313477, ""gain"": -0.005849361419677734}]","{""feature"": ""graphic_area_frac"", ""current_value"": 0.8851131863064237, ""suggested_value"": 0.14488246548566117, ""direction"": ""decrease"", ""coupled_feature_updates"": {""graphic_area_frac"": 0.14488246548566117, ""background_area_frac"": 0.8536187823442, ""text_share"": 0.01023869178122946, ""text_to_graphic_ratio"": 0.010344607024147651}, ""predicted_score"": 5.225899696350098, ""gain"": 0.37401723861694336}",graphic_area_frac,0.37401723861694336,decrease,"['text_area_frac', 'graphic_area_frac', 'word_count', 'mean_text_height_frac']",The model suggests decreasing graphic coverage as the most promising change for this poster.,Largest estimated gain among tested feature-group changes; not a causal diagnosis.
overall_rating-00124,3.4464402198791504,"[{""feature"": ""text_area_frac"", ""current_value"": 0.0520381927490234, ""suggested_value"": 0.0011603461371527204, ""direction"": ""decrease"", ""coupled_feature_updates"": {""text_area_frac"": 0.0011603461371527204, ""background_area_frac"": 0.688167847527398, ""text_share"": 0.0037210599611105536, ""text_to_graphic_ratio"": 0.003734957963645506}, ""predicted_score"": 4.381713390350342, ""gain"": 0.9352731704711914}, {""feature"": ""word_count"", ""current_value"": 12.0, ""suggested_value"": 1.0, ""direction"": ""decrease"", ""coupled_feature_updates"": {""word_count"": 1.0, ""char_count"": 5.0, ""text_block_count"": 1.0, ""text_area_frac"": 0.004336516062418617, ""background_area_frac"": 0.6849916776021322, ""text_share"": 0.013766353947123425, ""text_to_graphic_ratio"": 0.01395851176059486}, ""predicted_score"": 4.346303939819336, ""gain"": 0.8998637199401855}, {""feature"": ""mean_text_height_frac"", ""current_value"": 0.0259602864583333, ""suggested_value"": 0.00997266006842618, ""direction"": ""decrease"", ""coupled_feature_updates"": {""text_area_frac"": 0.019990503868059728, ""background_area_frac"": 0.6693376897964911, ""text_share"": 0.060455949321095596, ""text_to_graphic_ratio"": 0.06434605091417564, ""mean_text_height_frac"": 0.00997266006842618, ""max_text_height_frac"": 0.015381030575754502, ""text_height_std_frac"": 0.004256606314399686}, ""predicted_score"": 4.2145795822143555, ""gain"": 0.7681393623352051}]","{""feature"": ""text_area_frac"", ""current_value"": 0.0520381927490234, ""suggested_value"": 0.0011603461371527204, ""direction"": ""decrease"", ""coupled_feature_updates"": {""text_area_frac"": 0.0011603461371527204, ""background_area_frac"": 0.688167847527398, ""text_share"": 0.0037210599611105536, ""text_to_graphic_ratio"": 0.003734957963645506}, ""predicted_score"": 4.381713390350342, ""gain"": 0.9352731704711914}",text_area_frac,0.9352731704711914,decrease,"['text_area_frac', 'graphic_area_frac', 'word_count', 'mean_text_height_frac']",The model suggests decreasing text coverage as the most promising change for this poster.,Largest estimated gain among tested feature-group changes; not a causal diagnosis.
overall_rating-00125,3.6100521087646484,"[{""feature"": ""word_count"", ""current_value"": 4.0, ""suggested_value"": 31.0, ""direction"": ""increase"", ""coupled_feature_updates"": {""word_count"": 31.0, ""char_count"": 240.0, ""text_block_count"": 31.0, ""text_area_frac"": 0.6312558650970459, ""background_area_frac"": 0.06176495552062988, ""text_share"": 0.6728120728503932, ""text_to_graphic_ratio"": 2.0563474902995114}, ""predicted_score"": 4.464612007141113, ""gain"": 0.8545598983764648}, {""feature"": ""mean_text_height_frac"", ""current_value"": 0.057373046875, ""suggested_value"": 0.00997266006842618, ""direction"": ""decrease"", ""coupled_feature_updates"": {""text_area_frac"": 0.014158160302264156, ""background_area_frac"": 0.6788626603154116, ""text_share"": 0.04408755554919239, ""text_to_graphic_ratio"": 0.04612091390286445, ""mean_text_height_frac"": 0.00997266006842618, ""max_text_height_frac"": 0.01782347756910211, ""text_height_std_frac"": 0.005725516071266099}, ""predicted_score"": 4.3091301918029785, ""gain"": 0.6990780830383301}, {""feature"": ""text_area_frac"", ""current_value"": 0.0814523696899414, ""suggested_value"": 0.0011603461371527204, ""direction"": ""decrease"", ""coupled_feature_updates"": {""text_area_frac"": 0.0011603461371527204, ""background_area_frac"": 0.691860474480523, ""text_share"": 0.003765651729347448, ""text_to_graphic_ratio"": 0.003779885461572554}, ""predicted_score"": 4.234320163726807, ""gain"": 0.6242680549621582}]","{""feature"": ""word_count"", ""current_value"": 4.0, ""suggested_value"": 31.0, ""direction"": ""increase"", ""coupled_feature_updates"": {""word_count"": 31.0, ""char_count"": 240.0, ""text_block_count"": 31.0, ""text_area_frac"": 0.6312558650970459, ""background_area_frac"": 0.06176495552062988, ""text_share"": 0.6728120728503932, ""text_to_graphic_ratio"": 2.0563474902995114}, ""predicted_score"": 4.464612007141113, ""gain"": 0.8545598983764648}",word_count,0.8545598983764648,increase,"['text_area_frac', 'graphic_area_frac', 'word_count', 'mean_text_height_frac']",The model suggests increasing the amount of text as the most promising change for this poster.,Largest estimated gain among tested feature-group changes; not a causal diagnosis.
overall_rating-00126,4.480088710784912,"[{""feature"": ""word_count"", ""current_value"": 23.0, ""suggested_value"": 3.0, ""direction"": ""decrease"", ""coupled_feature_updates"": {""word_count"": 3.0, ""char_count"": 16.0, ""text_block_count"": 1.0, ""text_area_frac"": 0.002722502676500322, ""background_area_frac"": 0.20269361180708378, ""text_share"": 0.0034146254398774306, ""text_to_graphic_ratio"": 0.003426325056580921}, ""predicted_score"": 5.9185380935668945, ""gain"": 1.4384493827819824}, {""feature"": ""graphic_area_frac"", ""current_value"": 0.7945838855164159, ""suggested_value"": 0.14488246548566117, ""direction"": ""decrease"", ""coupled_feature_updates"": {""graphic_area_frac"": 0.14488246548566117, ""background_area_frac"": 0.834245013994503, ""text_share"": 0.12592393763131568, ""text_to_graphic_ratio"": 0.14406519415492366}, ""predicted_score"": 5.681802272796631, ""gain"": 1.2017135620117188}, {""feature"": ""text_area_frac"", ""current_value"": 0.0208725205198358, ""suggested_value"": 0.00529463026258678, ""direction"": ""decrease"", ""coupled_feature_updates"": {""text_area_frac"": 0.00529463026258678, ""background_area_frac"": 0.2001214842209973, ""text_share"": 0.006619293002800973, ""text_to_graphic_ratio"": 0.006663399999794477}, ""predicted_score"": 4.966432571411133, ""gain"": 0.4863438606262207}]","{""feature"": ""word_count"", ""current_value"": 23.0, ""suggested_value"": 3.0, ""direction"": ""decrease"", ""coupled_feature_updates"": {""word_count"": 3.0, ""char_count"": 16.0, ""text_block_count"": 1.0, ""text_area_frac"": 0.002722502676500322, ""background_area_frac"": 0.20269361180708378, ""text_share"": 0.0034146254398774306, ""text_to_graphic_ratio"": 0.003426325056580921}, ""predicted_score"": 5.9185380935668945, ""gain"": 1.4384493827819824}",word_count,1.4384493827819824,decrease,"['text_area_frac', 'graphic_area_frac', 'word_count', 'mean_text_height_frac']",The model suggests decreasing the amount of text as the most promising change for this poster.,Largest estimated gain among tested feature-group changes; not a causal diagnosis.
overall_rating-00127,4.295584678649902,"[{""feature"": ""word_count"", ""current_value"": 19.0, ""suggested_value"": 1.0, ""direction"": ""decrease"", ""coupled_feature_updates"": {""word_count"": 1.0, ""char_count"": 5.0, ""text_block_count"": 1.0, ""text_area_frac"": 0.005063186847033311, ""background_area_frac"": 0.12677275065296667, ""text_share"": 0.005798246505499424, ""text_to_graphic_ratio"": 0.005832062240002374}, ""predicted_score"": 5.503812789916992, ""gain"": 1.2082281112670898}, {""feature"": ""graphic_area_frac"", ""current_value"": 0.8681640625, ""suggested_value"": 0.14488246548566117, ""direction"": ""decrease"", ""coupled_feature_updates"": {""graphic_area_frac"": 0.14488246548566117, ""background_area_frac"": 0.7589169844207059, ""text_share"": 0.39903495425621055, ""text_to_graphic_ratio"": 0.6639902887568803}, ""predicted_score"": 5.026910781860352, ""gain"": 0.7313261032104492}, {""feature"": ""text_area_frac"", ""current_value"": 0.0962005500936329, ""suggested_value"": 0.00529463026258678, ""direction"": ""decrease"", ""coupled_feature_updates"": {""text_area_frac"": 0.00529463026258678, ""background_area_frac"": 0.1265413072374132, ""text_share"": 0.006061683633648264, ""text_to_graphic_ratio"": 0.006098651731033591}, ""predicted_score"": 4.944088459014893, ""gain"": 0.6485037803649902}]","{""feature"": ""word_count"", ""current_value"": 19.0, ""suggested_value"": 1.0, ""direction"": ""decrease"", ""coupled_feature_updates"": {""word_count"": 1.0, ""char_count"": 5.0, ""text_block_count"": 1.0, ""text_area_frac"": 0.005063186847033311, ""background_area_frac"": 0.12677275065296667, ""text_share"": 0.005798246505499424, ""text_to_graphic_ratio"": 0.005832062240002374}, ""predicted_score"": 5.503812789916992, ""gain"": 1.2082281112670898}",word_count,1.2082281112670898,decrease,"['text_area_frac', 'graphic_area_frac', 'word_count', 'mean_text_height_frac']",The model suggests decreasing the amount of text as the most promising change for this poster.,Largest estimated gain among tested feature-group changes; not a causal diagnosis.
overall_rating-00128,4.368378639221191,"[{""feature"": ""word_count"", ""current_value"": 15.0, ""suggested_value"": 31.0, ""direction"": ""increase"", ""coupled_feature_updates"": {""word_count"": 31.0, ""char_count"": 153.0, ""text_block_count"": 14.0, ""text_area_frac"": 0.396141268558429, ""background_area_frac"": 0.11744221069803651, ""text_share"": 0.44885589743845195, ""text_to_graphic_ratio"": 0.8144075122137895}, ""predicted_score"": 5.262343406677246, ""gain"": 0.8939647674560547}, {""feature"": ""text_area_frac"", ""current_value"": 0.191681258979885, ""suggested_value"": 0.0011603461371527204, ""direction"": ""decrease"", ""coupled_feature_updates"": {""text_area_frac"": 0.0011603461371527204, ""background_area_frac"": 0.5124231331193128, ""text_share"": 0.002379821964434305, ""text_to_graphic_ratio"": 0.0023854990274158857}, ""predicted_score"": 5.079441070556641, ""gain"": 0.7110624313354492}, {""feature"": ""mean_text_height_frac"", ""current_value"": 0.0446614583333333, ""suggested_value"": 0.07097372555865916, ""direction"": ""increase"", ""coupled_feature_updates"": {""text_area_frac"": 0.30461013986690555, ""background_area_frac"": 0.20897333938955998, ""text_share"": 0.38508201434302614, ""text_to_graphic_ratio"": 0.6262331291734903, ""mean_text_height_frac"": 0.07097372555865916, ""max_text_height_frac"": 0.18002081993012686, ""text_height_std_frac"": 0.042679575457121165}, ""predicted_score"": 5.068290710449219, ""gain"": 0.6999120712280273}]","{""feature"": ""word_count"", ""current_value"": 15.0, ""suggested_value"": 31.0, ""direction"": ""increase"", ""coupled_feature_updates"": {""word_count"": 31.0, ""char_count"": 153.0, ""text_block_count"": 14.0, ""text_area_frac"": 0.396141268558429, ""background_area_frac"": 0.11744221069803651, ""text_share"": 0.44885589743845195, ""text_to_graphic_ratio"": 0.8144075122137895}, ""predicted_score"": 5.262343406677246, ""gain"": 0.8939647674560547}",word_count,0.8939647674560547,increase,"['text_area_frac', 'graphic_area_frac', 'word_count', 'mean_text_height_frac']",The model suggests increasing the amount of text as the most promising change for this poster.,Largest estimated gain among tested feature-group changes; not a causal diagnosis.
overall_rating-00129,3.9337875843048096,"[{""feature"": ""text_area_frac"", ""current_value"": 0.0469608306884765, ""suggested_value"": 0.0011603461371527204, ""direction"": ""decrease"", ""coupled_feature_updates"": {""text_area_frac"": 0.0011603461371527204, ""background_area_frac"": 0.33757428063286676, ""text_share"": 0.0017516622667690036, ""text_to_graphic_ratio"": 0.001754735971558525}, ""predicted_score"": 4.717120170593262, ""gain"": 0.7833325862884521}, {""feature"": ""word_count"", ""current_value"": 13.0, ""suggested_value"": 1.0, ""direction"": ""decrease"", ""coupled_feature_updates"": {""word_count"": 1.0, ""char_count"": 5.0, ""text_block_count"": 1.0, ""text_area_frac"": 0.0036123715914212692, ""background_area_frac"": 0.3351222551785983, ""text_share"": 0.005433136572185339, ""text_to_graphic_ratio"": 0.005462816801939103}, ""predicted_score"": 4.596043586730957, ""gain"": 0.6622560024261475}, {""feature"": ""mean_text_height_frac"", ""current_value"": 0.0224609375, ""suggested_value"": 0.00997266006842618, ""direction"": ""decrease"", ""coupled_feature_updates"": {""text_area_frac"": 0.020850616809164457, ""background_area_frac"": 0.3178840099608551, ""text_share"": 0.03056755319277575, ""text_to_graphic_ratio"": 0.03153139065382886, ""mean_text_height_frac"": 0.00997266006842618, ""max_text_height_frac"": 0.03598829502953795, ""text_height_std_frac"": 0.008556035424684512}, ""predicted_score"": 4.514780521392822, ""gain"": 0.5809929370880127}]","{""feature"": ""text_area_frac"", ""current_value"": 0.0469608306884765, ""suggested_value"": 0.0011603461371527204, ""direction"": ""decrease"", ""coupled_feature_updates"": {""text_area_frac"": 0.0011603461371527204, ""background_area_frac"": 0.33757428063286676, ""text_share"": 0.0017516622667690036, ""text_to_graphic_ratio"": 0.001754735971558525}, ""predicted_score"": 4.717120170593262, ""gain"": 0.7833325862884521}",text_area_frac,0.7833325862884521,decrease,"['text_area_frac', 'graphic_area_frac', 'word_count', 'mean_text_height_frac']",The model suggests decreasing text coverage as the most promising change for this poster.,Largest estimated gain among tested feature-group changes; not a causal diagnosis.
overall_rating-00130,4.507228374481201,"[{""feature"": ""graphic_area_frac"", ""current_value"": 0.6015862358940972, ""suggested_value"": 0.14488246548566117, ""direction"": ""decrease"", ""coupled_feature_updates"": {""graphic_area_frac"": 0.14488246548566117, ""background_area_frac"": 0.816324606454443, ""text_share"": 0.21120372909544904, ""text_to_graphic_ratio"": 0.26775447208092334}, ""predicted_score"": 5.753666400909424, ""gain"": 1.2464380264282227}, {""feature"": ""word_count"", ""current_value"": 4.0, ""suggested_value"": 31.0, ""direction"": ""increase"", ""coupled_feature_updates"": {""word_count"": 31.0, ""char_count"": 163.0, ""text_block_count"": 31.0, ""text_area_frac"": 0.30064519246419247, ""background_area_frac"": 0.09776857164171038, ""text_share"": 0.3332240299046662, ""text_to_graphic_ratio"": 0.49975410760082256}, ""predicted_score"": 5.106053352355957, ""gain"": 0.5988249778747559}, {""feature"": ""text_area_frac"", ""current_value"": 0.0387929280598958, ""suggested_value"": 0.18165415138406416, ""direction"": ""increase"", ""coupled_feature_updates"": {""text_area_frac"": 0.18165415138406416, ""background_area_frac"": 0.21675961272183863, ""text_share"": 0.23192643578471545, ""text_to_graphic_ratio"": 0.3019586229629802}, ""predicted_score"": 4.8545074462890625, ""gain"": 0.34727907180786133}]","{""feature"": ""graphic_area_frac"", ""current_value"": 0.6015862358940972, ""suggested_value"": 0.14488246548566117, ""direction"": ""decrease"", ""coupled_feature_updates"": {""graphic_area_frac"": 0.14488246548566117, ""background_area_frac"": 0.816324606454443, ""text_share"": 0.21120372909544904, ""text_to_graphic_ratio"": 0.26775447208092334}, ""predicted_score"": 5.753666400909424, ""gain"": 1.2464380264282227}",graphic_area_frac,1.2464380264282227,decrease,"['text_area_frac', 'graphic_area_frac', 'word_count', 'mean_text_height_frac']",The model suggests decreasing graphic coverage as the most promising change for this poster.,Largest estimated gain among tested feature-group changes; not a causal diagnosis.
overall_rating-00131,4.488070487976074,"[{""feature"": ""word_count"", ""current_value"": 17.0, ""suggested_value"": 1.0, ""direction"": ""decrease"", ""coupled_feature_updates"": {""word_count"": 1.0, ""char_count"": 6.0, ""text_block_count"": 1.0, ""text_area_frac"": 0.007771232145875588, ""background_area_frac"": 0.7662710069884635, ""text_share"": 0.03324890098462031, ""text_to_graphic_ratio"": 0.0343924108475116}, ""predicted_score"": 5.654489517211914, ""gain"": 1.1664190292358398}, {""feature"": ""mean_text_height_frac"", ""current_value"": 0.0326286764705882, ""suggested_value"": 0.0123654277510124, ""direction"": ""decrease"", ""coupled_feature_updates"": {""text_area_frac"": 0.05006664506565058, ""background_area_frac"": 0.7239755940686885, ""text_share"": 0.18138484854889836, ""text_to_graphic_ratio"": 0.2215752398759908, ""mean_text_height_frac"": 0.0123654277510124, ""max_text_height_frac"": 0.0288671781652156, ""text_height_std_frac"": 0.008416509435483775}, ""predicted_score"": 5.320195198059082, ""gain"": 0.8321247100830078}, {""feature"": ""text_area_frac"", ""current_value"": 0.132110946479885, ""suggested_value"": 0.0011603461371527204, ""direction"": ""decrease"", ""coupled_feature_updates"": {""text_area_frac"": 0.0011603461371527204, ""background_area_frac"": 0.7728818929971863, ""text_share"": 0.0051089988044781725, ""text_to_graphic_ratio"": 0.005135234712484973}, ""predicted_score"": 5.285965442657471, ""gain"": 0.7978949546813965}]","{""feature"": ""word_count"", ""current_value"": 17.0, ""suggested_value"": 1.0, ""direction"": ""decrease"", ""coupled_feature_updates"": {""word_count"": 1.0, ""char_count"": 6.0, ""text_block_count"": 1.0, ""text_area_frac"": 0.007771232145875588, ""background_area_frac"": 0.7662710069884635, ""text_share"": 0.03324890098462031, ""text_to_graphic_ratio"": 0.0343924108475116}, ""predicted_score"": 5.654489517211914, ""gain"": 1.1664190292358398}",word_count,1.1664190292358398,decrease,"['text_area_frac', 'graphic_area_frac', 'word_count', 'mean_text_height_frac']",The model suggests decreasing the amount of text as the most promising change for this poster.,Largest estimated gain among tested feature-group changes; not a causal diagnosis.
overall_rating-00132,4.550091743469238,"[{""feature"": ""word_count"", ""current_value"": 27.0, ""suggested_value"": 1.0, ""direction"": ""decrease"", ""coupled_feature_updates"": {""word_count"": 1.0, ""char_count"": 4.0, ""text_block_count"": 1.0, ""text_area_frac"": 0.0037653000244276926, ""background_area_frac"": 0.23288671002582362, ""text_share"": 0.004908401501627544, ""text_to_graphic_ratio"": 0.00493261274543418}, ""predicted_score"": 5.841905117034912, ""gain"": 1.2918133735656738}, {""feature"": ""mean_text_height_frac"", ""current_value"": 0.0345775462962962, ""suggested_value"": 0.0123654277510124, ""direction"": ""decrease"", ""coupled_feature_updates"": {""text_area_frac"": 0.036356186624040304, ""background_area_frac"": 0.200295823426211, ""text_share"": 0.04546204420214842, ""text_to_graphic_ratio"": 0.04762727760170513, ""mean_text_height_frac"": 0.0123654277510124, ""max_text_height_frac"": 0.036669443173765956, ""text_height_std_frac"": 0.006715111006988355}, ""predicted_score"": 5.096749305725098, ""gain"": 0.5466575622558594}, {""feature"": ""text_area_frac"", ""current_value"": 0.1016631006595477, ""suggested_value"": 0.00529463026258678, ""direction"": ""decrease"", ""coupled_feature_updates"": {""text_area_frac"": 0.00529463026258678, ""background_area_frac"": 0.23135737978766446, ""text_share"": 0.006888286081669726, ""text_to_graphic_ratio"": 0.006936063672526768}, ""predicted_score"": 5.055873870849609, ""gain"": 0.5057821273803711}]","{""feature"": ""word_count"", ""current_value"": 27.0, ""suggested_value"": 1.0, ""direction"": ""decrease"", ""coupled_feature_updates"": {""word_count"": 1.0, ""char_count"": 4.0, ""text_block_count"": 1.0, ""text_area_frac"": 0.0037653000244276926, ""background_area_frac"": 0.23288671002582362, ""text_share"": 0.004908401501627544, ""text_to_graphic_ratio"": 0.00493261274543418}, ""predicted_score"": 5.841905117034912, ""gain"": 1.2918133735656738}",word_count,1.2918133735656738,decrease,"['text_area_frac', 'graphic_area_frac', 'word_count', 'mean_text_height_frac']",The model suggests decreasing the amount of text as the most promising change for this poster.,Largest estimated gain among tested feature-group changes; not a causal diagnosis.
overall_rating-00133,4.030141830444336,"[{""feature"": ""mean_text_height_frac"", ""current_value"": 0.02685546875, ""suggested_value"": 0.00997266006842618, ""direction"": ""decrease"", ""coupled_feature_updates"": {""text_area_frac"": 0.00924595912878089, ""background_area_frac"": 0.2652749148946566, ""text_share"": 0.012584243162808607, ""text_to_graphic_ratio"": 0.012744624618020495, ""mean_text_height_frac"": 0.00997266006842618, ""max_text_height_frac"": 0.012329834266417821, ""text_height_std_frac"": 0.0023710809510846943}, ""predicted_score"": 4.932807922363281, ""gain"": 0.9026660919189453}, {""feature"": ""text_area_frac"", ""current_value"": 0.0248985290527343, ""suggested_value"": 0.0011603461371527204, ""direction"": ""decrease"", ""coupled_feature_updates"": {""text_area_frac"": 0.0011603461371527204, ""background_area_frac"": 0.27336052788628473, ""text_share"": 0.0015968663714034136, ""text_to_graphic_ratio"": 0.0015994204321051779}, ""predicted_score"": 4.494028568267822, ""gain"": 0.46388673782348633}, {""feature"": ""word_count"", ""current_value"": 4.0, ""suggested_value"": 1.0, ""direction"": ""decrease"", ""coupled_feature_updates"": {""word_count"": 1.0, ""char_count"": 5.0, ""text_block_count"": 1.0, ""text_area_frac"": 0.006224632263183575, ""background_area_frac"": 0.2682962417602539, ""text_share"": 0.0085070388023674, ""text_to_graphic_ratio"": 0.008580029445788175}, ""predicted_score"": 4.478827476501465, ""gain"": 0.4486856460571289}]","{""feature"": ""mean_text_height_frac"", ""current_value"": 0.02685546875, ""suggested_value"": 0.00997266006842618, ""direction"": ""decrease"", ""coupled_feature_updates"": {""text_area_frac"": 0.00924595912878089, ""background_area_frac"": 0.2652749148946566, ""text_share"": 0.012584243162808607, ""text_to_graphic_ratio"": 0.012744624618020495, ""mean_text_height_frac"": 0.00997266006842618, ""max_text_height_frac"": 0.012329834266417821, ""text_height_std_frac"": 0.0023710809510846943}, ""predicted_score"": 4.932807922363281, ""gain"": 0.9026660919189453}",mean_text_height_frac,0.9026660919189453,decrease,"['text_area_frac', 'graphic_area_frac', 'word_count', 'mean_text_height_frac']",The model suggests decreasing text size as the most promising change for this poster.,Largest estimated gain among tested feature-group changes; not a causal diagnosis.
overall_rating-00134,4.907938003540039,"[{""feature"": ""graphic_area_frac"", ""current_value"": 0.2724174411817529, ""suggested_value"": 0.14488246548566117, ""direction"": ""decrease"", ""coupled_feature_updates"": {""graphic_area_frac"": 0.14488246548566117, ""background_area_frac"": 0.8342449141838791, ""text_share"": 0.12592446396253917, ""text_to_graphic_ratio"": 0.14406588306247065}, ""predicted_score"": 6.243553161621094, ""gain"": 1.3356151580810547}, {""feature"": ""word_count"", ""current_value"": 5.0, ""suggested_value"": 1.0, ""direction"": ""decrease"", ""coupled_feature_updates"": {""word_count"": 1.0, ""char_count"": 7.0, ""text_block_count"": 1.0, ""text_area_frac"": 0.00417452406609194, ""background_area_frac"": 0.7234080347521552, ""text_share"": 0.01509271631354616, ""text_to_graphic_ratio"": 0.015323997053869835}, ""predicted_score"": 5.641149997711182, ""gain"": 0.7332119941711426}, {""feature"": ""mean_text_height_frac"", ""current_value"": 0.0255859375, ""suggested_value"": 0.00997266006842618, ""direction"": ""decrease"", ""coupled_feature_updates"": {""text_area_frac"": 0.008135545054504877, ""background_area_frac"": 0.7194470137637423, ""text_share"": 0.028998247937570755, ""text_to_graphic_ratio"": 0.029864259128243417, ""mean_text_height_frac"": 0.00997266006842618, ""max_text_height_frac"": 0.01370289169707414, ""text_height_std_frac"": 0.0028423078008208338}, ""predicted_score"": 5.534313201904297, ""gain"": 0.6263751983642578}]","{""feature"": ""graphic_area_frac"", ""current_value"": 0.2724174411817529, ""suggested_value"": 0.14488246548566117, ""direction"": ""decrease"", ""coupled_feature_updates"": {""graphic_area_frac"": 0.14488246548566117, ""background_area_frac"": 0.8342449141838791, ""text_share"": 0.12592446396253917, ""text_to_graphic_ratio"": 0.14406588306247065}, ""predicted_score"": 6.243553161621094, ""gain"": 1.3356151580810547}",graphic_area_frac,1.3356151580810547,decrease,"['text_area_frac', 'graphic_area_frac', 'word_count', 'mean_text_height_frac']",The model suggests decreasing graphic coverage as the most promising change for this poster.,Largest estimated gain among tested feature-group changes; not a causal diagnosis.
overall_rating-00135,4.83984375,"[{""feature"": ""word_count"", ""current_value"": 14.0, ""suggested_value"": 1.0, ""direction"": ""decrease"", ""coupled_feature_updates"": {""word_count"": 1.0, ""char_count"": 6.0, ""text_block_count"": 1.0, ""text_area_frac"": 0.0038387004182060713, ""background_area_frac"": 0.8031765541615353, ""text_share"": 0.01950326802710556, ""text_to_graphic_ratio"": 0.019891211659484376}, ""predicted_score"": 5.71953010559082, ""gain"": 0.8796863555908203}, {""feature"": ""mean_text_height_frac"", ""current_value"": 0.02490234375, ""suggested_value"": 0.0123654277510124, ""direction"": ""decrease"", ""coupled_feature_updates"": {""text_area_frac"": 0.02668585833441945, ""background_area_frac"": 0.7803293962453219, ""text_share"": 0.12148124454659154, ""text_to_graphic_ratio"": 0.13827962555437348, ""mean_text_height_frac"": 0.0123654277510124, ""max_text_height_frac"": 0.03248955526736591, ""text_height_std_frac"": 0.00595525673437145}, ""predicted_score"": 5.505383014678955, ""gain"": 0.6655392646789551}, {""feature"": ""text_area_frac"", ""current_value"": 0.053741805854885, ""suggested_value"": 0.0011603461371527204, ""direction"": ""decrease"", ""coupled_feature_updates"": {""text_area_frac"": 0.0011603461371527204, ""background_area_frac"": 0.8058549084425887, ""text_share"": 0.005976695716819555, ""text_to_graphic_ratio"": 0.00601263138506549}, ""predicted_score"": 5.329044342041016, ""gain"": 0.4892005920410156}]","{""feature"": ""word_count"", ""current_value"": 14.0, ""suggested_value"": 1.0, ""direction"": ""decrease"", ""coupled_feature_updates"": {""word_count"": 1.0, ""char_count"": 6.0, ""text_block_count"": 1.0, ""text_area_frac"": 0.0038387004182060713, ""background_area_frac"": 0.8031765541615353, ""text_share"": 0.01950326802710556, ""text_to_graphic_ratio"": 0.019891211659484376}, ""predicted_score"": 5.71953010559082, ""gain"": 0.8796863555908203}",word_count,0.8796863555908203,decrease,"['text_area_frac', 'graphic_area_frac', 'word_count', 'mean_text_height_frac']",The model suggests decreasing the amount of text as the most promising change for this poster.,Largest estimated gain among tested feature-group changes; not a causal diagnosis.
overall_rating-00136,4.647314548492432,"[{""feature"": ""word_count"", ""current_value"": 24.0, ""suggested_value"": 1.0, ""direction"": ""decrease"", ""coupled_feature_updates"": {""word_count"": 1.0, ""char_count"": 6.0, ""text_block_count"": 1.0, ""text_area_frac"": 0.0032403587838242334, ""background_area_frac"": 0.6731358086012333, ""text_share"": 0.009913471310386127, ""text_to_graphic_ratio"": 0.010012732244227857}, ""predicted_score"": 5.3608317375183105, ""gain"": 0.7135171890258789}, {""feature"": ""text_area_frac"", ""current_value"": 0.0777686108117816, ""suggested_value"": 0.0011603461371527204, ""direction"": ""decrease"", ""coupled_feature_updates"": {""text_area_frac"": 0.0011603461371527204, ""background_area_frac"": 0.6752158212479047, ""text_share"": 0.003572668291944116, ""text_to_graphic_ratio"": 0.0035854780155617763}, ""predicted_score"": 5.134565353393555, ""gain"": 0.48725080490112305}, {""feature"": ""mean_text_height_frac"", ""current_value"": 0.0224609375, ""suggested_value"": 0.0123654277510124, ""direction"": ""decrease"", ""coupled_feature_updates"": {""text_area_frac"": 0.04281398041776694, ""background_area_frac"": 0.6335621869672905, ""text_share"": 0.11683832534483886, ""text_to_graphic_ratio"": 0.1322955113405023, ""mean_text_height_frac"": 0.0123654277510124, ""max_text_height_frac"": 0.03440814678542581, ""text_height_std_frac"": 0.007513970556008568}, ""predicted_score"": 5.117387771606445, ""gain"": 0.47007322311401367}]","{""feature"": ""word_count"", ""current_value"": 24.0, ""suggested_value"": 1.0, ""direction"": ""decrease"", ""coupled_feature_updates"": {""word_count"": 1.0, ""char_count"": 6.0, ""text_block_count"": 1.0, ""text_area_frac"": 0.0032403587838242334, ""background_area_frac"": 0.6731358086012333, ""text_share"": 0.009913471310386127, ""text_to_graphic_ratio"": 0.010012732244227857}, ""predicted_score"": 5.3608317375183105, ""gain"": 0.7135171890258789}",word_count,0.7135171890258789,decrease,"['text_area_frac', 'graphic_area_frac', 'word_count', 'mean_text_height_frac']",The model suggests decreasing the amount of text as the most promising change for this poster.,Largest estimated gain among tested feature-group changes; not a causal diagnosis.
overall_rating-00137,3.8741366863250732,"[{""feature"": ""mean_text_height_frac"", ""current_value"": 0.0707635009310986, ""suggested_value"": 0.00997266006842618, ""direction"": ""decrease"", ""coupled_feature_updates"": {""text_area_frac"": 0.004938404267539674, ""background_area_frac"": 0.7726035679158868, ""text_share"": 0.021717158102608113, ""text_to_graphic_ratio"": 0.022199263007094565, ""mean_text_height_frac"": 0.00997266006842618, ""max_text_height_frac"": 0.011022413759839478, ""text_height_std_frac"": 0.0013034148109792997}, ""predicted_score"": 5.0051422119140625, ""gain"": 1.1310055255889893}, {""feature"": ""text_area_frac"", ""current_value"": 0.0350416812150837, ""suggested_value"": 0.0011603461371527204, ""direction"": ""decrease"", ""coupled_feature_updates"": {""text_area_frac"": 0.0011603461371527204, ""background_area_frac"": 0.7763816260462737, ""text_share"": 0.00518895704604682, ""text_to_graphic_ratio"": 0.005216022764121047}, ""predicted_score"": 4.774805545806885, ""gain"": 0.9006688594818115}, {""feature"": ""graphic_area_frac"", ""current_value"": 0.2224580278165735, ""suggested_value"": 0.7910785671149975, ""direction"": ""increase"", ""coupled_feature_updates"": {""graphic_area_frac"": 0.7910785671149975, ""background_area_frac"": 0.17387975166991887, ""text_share"": 0.04241716782262259, ""text_to_graphic_ratio"": 0.04429608217408545}, ""predicted_score"": 4.593578815460205, ""gain"": 0.7194421291351318}]","{""feature"": ""mean_text_height_frac"", ""current_value"": 0.0707635009310986, ""suggested_value"": 0.00997266006842618, ""direction"": ""decrease"", ""coupled_feature_updates"": {""text_area_frac"": 0.004938404267539674, ""background_area_frac"": 0.7726035679158868, ""text_share"": 0.021717158102608113, ""text_to_graphic_ratio"": 0.022199263007094565, ""mean_text_height_frac"": 0.00997266006842618, ""max_text_height_frac"": 0.011022413759839478, ""text_height_std_frac"": 0.0013034148109792997}, ""predicted_score"": 5.0051422119140625, ""gain"": 1.1310055255889893}",mean_text_height_frac,1.1310055255889893,decrease,"['text_area_frac', 'graphic_area_frac', 'word_count', 'mean_text_height_frac']",The model suggests decreasing text size as the most promising change for this poster.,Largest estimated gain among tested feature-group changes; not a causal diagnosis.
overall_rating-00138,5.259570598602295,"[{""feature"": ""text_area_frac"", ""current_value"": 0.1183936830048409, ""suggested_value"": 0.00529463026258678, ""direction"": ""decrease"", ""coupled_feature_updates"": {""text_area_frac"": 0.00529463026258678, ""background_area_frac"": 0.1503110816150065, ""text_share"": 0.006231257284901751, ""text_to_graphic_ratio"": 0.006270329320156711}, ""predicted_score"": 5.628776550292969, ""gain"": 0.36920595169067383}, {""feature"": ""graphic_area_frac"", ""current_value"": 0.8443942881224067, ""suggested_value"": 0.6394013854278915, ""direction"": ""decrease"", ""coupled_feature_updates"": {""graphic_area_frac"": 0.6394013854278915, ""background_area_frac"": 0.24220493156726763, ""text_share"": 0.15623443320857455, ""text_to_graphic_ratio"": 0.18516331947828216}, ""predicted_score"": 5.608545303344727, ""gain"": 0.34897470474243164}, {""feature"": ""mean_text_height_frac"", ""current_value"": 0.0205078125, ""suggested_value"": 0.0182004182235054, ""direction"": ""decrease"", ""coupled_feature_updates"": {""text_area_frac"": 0.10507286165744045, ""background_area_frac"": 0.05053285022015286, ""text_share"": 0.11066508375966845, ""text_to_graphic_ratio"": 0.12443577974820298, ""mean_text_height_frac"": 0.0182004182235054, ""max_text_height_frac"": 0.08146853871473846, ""text_height_std_frac"": 0.018906305789274158}, ""predicted_score"": 5.547566890716553, ""gain"": 0.2879962921142578}]","{""feature"": ""text_area_frac"", ""current_value"": 0.1183936830048409, ""suggested_value"": 0.00529463026258678, ""direction"": ""decrease"", ""coupled_feature_updates"": {""text_area_frac"": 0.00529463026258678, ""background_area_frac"": 0.1503110816150065, ""text_share"": 0.006231257284901751, ""text_to_graphic_ratio"": 0.006270329320156711}, ""predicted_score"": 5.628776550292969, ""gain"": 0.36920595169067383}",text_area_frac,0.36920595169067383,decrease,"['text_area_frac', 'graphic_area_frac', 'word_count', 'mean_text_height_frac']",The model suggests decreasing text coverage as the most promising change for this poster.,Largest estimated gain among tested feature-group changes; not a causal diagnosis.
overall_rating-00139,5.077635288238525,"[{""feature"": ""graphic_area_frac"", ""current_value"": 0.375451800466954, ""suggested_value"": 0.14488246548566117, ""direction"": ""decrease"", ""coupled_feature_updates"": {""graphic_area_frac"": 0.14488246548566117, ""background_area_frac"": 0.8122006994748274, ""text_share"": 0.22852499939827434, ""text_to_graphic_ratio"": 0.29621828214787543}, ""predicted_score"": 6.171924114227295, ""gain"": 1.0942888259887695}, {""feature"": ""word_count"", ""current_value"": 1.0, ""suggested_value"": 9.0, ""direction"": ""increase"", ""coupled_feature_updates"": {""word_count"": 9.0, ""char_count"": 45.0, ""text_block_count"": 9.0, ""text_area_frac"": 0.3862515153556026, ""background_area_frac"": 0.23829668417744349, ""text_share"": 0.5070891872624882, ""text_to_graphic_ratio"": 1.0287645840963258}, ""predicted_score"": 5.594170093536377, ""gain"": 0.5165348052978516}, {""feature"": ""mean_text_height_frac"", ""current_value"": 0.0654296875, ""suggested_value"": 0.00997266006842618, ""direction"": ""decrease"", ""coupled_feature_updates"": {""text_area_frac"": 0.006541296824347034, ""background_area_frac"": 0.618006902708699, ""text_share"": 0.017124123107802546, ""text_to_graphic_ratio"": 0.017422467587614558, ""mean_text_height_frac"": 0.00997266006842618, ""max_text_height_frac"": 0.00997266006842618}, ""predicted_score"": 5.566041946411133, ""gain"": 0.4884066581726074}]","{""feature"": ""graphic_area_frac"", ""current_value"": 0.375451800466954, ""suggested_value"": 0.14488246548566117, ""direction"": ""decrease"", ""coupled_feature_updates"": {""graphic_area_frac"": 0.14488246548566117, ""background_area_frac"": 0.8122006994748274, ""text_share"": 0.22852499939827434, ""text_to_graphic_ratio"": 0.29621828214787543}, ""predicted_score"": 6.171924114227295, ""gain"": 1.0942888259887695}",graphic_area_frac,1.0942888259887695,decrease,"['text_area_frac', 'graphic_area_frac', 'word_count', 'mean_text_height_frac']",The model suggests decreasing graphic coverage as the most promising change for this poster.,Largest estimated gain among tested feature-group changes; not a causal diagnosis.
overall_rating-00140,4.448212146759033,"[{""feature"": ""graphic_area_frac"", ""current_value"": 0.8384297688802084, ""suggested_value"": 0.14488246548566117, ""direction"": ""decrease"", ""coupled_feature_updates"": {""graphic_area_frac"": 0.14488246548566117, ""background_area_frac"": 0.7857324298051375, ""text_share"": 0.3238245743212569, ""text_to_graphic_ratio"": 0.4789061566326558}, ""predicted_score"": 5.044647216796875, ""gain"": 0.5964350700378418}, {""feature"": ""text_area_frac"", ""current_value"": 0.0693851047092014, ""suggested_value"": 0.00529463026258678, ""direction"": ""decrease"", ""coupled_feature_updates"": {""text_area_frac"": 0.00529463026258678, ""background_area_frac"": 0.15627560085720482, ""text_share"": 0.006275307752111951, ""text_to_graphic_ratio"": 0.006314935918434996}, ""predicted_score"": 4.627552032470703, ""gain"": 0.17933988571166992}, {""feature"": ""word_count"", ""current_value"": 7.0, ""suggested_value"": 1.0, ""direction"": ""decrease"", ""coupled_feature_updates"": {""word_count"": 1.0, ""char_count"": 7.0, ""text_block_count"": 1.0, ""text_area_frac"": 0.009912157815600198, ""background_area_frac"": 0.15165807330419145, ""text_share"": 0.0116841541172047, ""text_to_graphic_ratio"": 0.01182228754692083}, ""predicted_score"": 4.514007091522217, ""gain"": 0.0657949447631836}]","{""feature"": ""graphic_area_frac"", ""current_value"": 0.8384297688802084, ""suggested_value"": 0.14488246548566117, ""direction"": ""decrease"", ""coupled_feature_updates"": {""graphic_area_frac"": 0.14488246548566117, ""background_area_frac"": 0.7857324298051375, ""text_share"": 0.3238245743212569, ""text_to_graphic_ratio"": 0.4789061566326558}, ""predicted_score"": 5.044647216796875, ""gain"": 0.5964350700378418}",graphic_area_frac,0.5964350700378418,decrease,"['text_area_frac', 'graphic_area_frac', 'word_count', 'mean_text_height_frac']",The model suggests decreasing graphic coverage as the most promising change for this poster.,Largest estimated gain among tested feature-group changes; not a causal diagnosis.
overall_rating-00141,5.548002243041992,"[{""feature"": ""graphic_area_frac"", ""current_value"": 0.3792792426215278, ""suggested_value"": 0.14488246548566117, ""direction"": ""decrease"", ""coupled_feature_updates"": {""graphic_area_frac"": 0.14488246548566117, ""background_area_frac"": 0.81010071593795, ""text_share"": 0.2370562838018887, ""text_to_graphic_ratio"": 0.31071267613708614}, ""predicted_score"": 5.808380126953125, ""gain"": 0.2603778839111328}, {""feature"": ""text_area_frac"", ""current_value"": 0.0450168185763888, ""suggested_value"": 0.04722671508789056, ""direction"": ""increase"", ""coupled_feature_updates"": {""text_area_frac"": 0.04722671508789056, ""background_area_frac"": 0.5734940422905817, ""text_share"": 0.11072932097250203, ""text_to_graphic_ratio"": 0.12451700430918858}, ""predicted_score"": 5.537495136260986, ""gain"": -0.01050710678100586}, {""feature"": ""mean_text_height_frac"", ""current_value"": 0.01800537109375, ""suggested_value"": 0.0182004182235054, ""direction"": ""increase"", ""coupled_feature_updates"": {""text_area_frac"": 0.0455044731328168, ""background_area_frac"": 0.5752162842456554, ""text_share"": 0.10712386432236108, ""text_to_graphic_ratio"": 0.11997617591275474, ""mean_text_height_frac"": 0.0182004182235054, ""max_text_height_frac"": 0.03652422911293288, ""text_height_std_frac"": 0.006164386877125255}, ""predicted_score"": 5.490970134735107, ""gain"": -0.057032108306884766}]","{""feature"": ""graphic_area_frac"", ""current_value"": 0.3792792426215278, ""suggested_value"": 0.14488246548566117, ""direction"": ""decrease"", ""coupled_feature_updates"": {""graphic_area_frac"": 0.14488246548566117, ""background_area_frac"": 0.81010071593795, ""text_share"": 0.2370562838018887, ""text_to_graphic_ratio"": 0.31071267613708614}, ""predicted_score"": 5.808380126953125, ""gain"": 0.2603778839111328}",graphic_area_frac,0.2603778839111328,decrease,"['text_area_frac', 'graphic_area_frac', 'word_count', 'mean_text_height_frac']",The model suggests decreasing graphic coverage as the most promising change for this poster.,Largest estimated gain among tested feature-group changes; not a causal diagnosis.
overall_rating-00142,5.164320468902588,"[{""feature"": ""graphic_area_frac"", ""current_value"": 0.6334845882722702, ""suggested_value"": 0.14488246548566117, ""direction"": ""decrease"", ""coupled_feature_updates"": {""graphic_area_frac"": 0.14488246548566117, ""background_area_frac"": 0.8551175345143388}, ""predicted_score"": 5.847255706787109, ""gain"": 0.6829352378845215}]","{""feature"": ""graphic_area_frac"", ""current_value"": 0.6334845882722702, ""suggested_value"": 0.14488246548566117, ""direction"": ""decrease"", ""coupled_feature_updates"": {""graphic_area_frac"": 0.14488246548566117, ""background_area_frac"": 0.8551175345143388}, ""predicted_score"": 5.847255706787109, ""gain"": 0.6829352378845215}",graphic_area_frac,0.6829352378845215,decrease,"['text_area_frac', 'graphic_area_frac', 'word_count', 'mean_text_height_frac']",The model suggests decreasing graphic coverage as the most promising change for this poster.,Largest estimated gain among tested feature-group changes; not a causal diagnosis.
overall_rating-00143,4.105057239532471,"[{""feature"": ""text_area_frac"", ""current_value"": 0.10577392578125, ""suggested_value"": 0.0011603461371527204, ""direction"": ""decrease"", ""coupled_feature_updates"": {""text_area_frac"": 0.0011603461371527204, ""background_area_frac"": 0.7927124871148005, ""text_share"": 0.005597761876738549, ""text_to_graphic_ratio"": 0.005629273207694325}, ""predicted_score"": 4.649786472320557, ""gain"": 0.5447292327880859}, {""feature"": ""word_count"", ""current_value"": 24.0, ""suggested_value"": 1.0, ""direction"": ""decrease"", ""coupled_feature_updates"": {""word_count"": 1.0, ""char_count"": 4.0, ""text_block_count"": 1.0, ""text_area_frac"": 0.004407246907552083, ""background_area_frac"": 0.7894655863444011, ""text_share"": 0.02093361760211632, ""text_to_graphic_ratio"": 0.021381203540914846}, ""predicted_score"": 4.323049545288086, ""gain"": 0.21799230575561523}, {""feature"": ""graphic_area_frac"", ""current_value"": 0.2061271667480468, ""suggested_value"": 0.8306117266073996, ""direction"": ""increase"", ""coupled_feature_updates"": {""graphic_area_frac"": 0.8306117266073996, ""background_area_frac"": 0.06361434761135043, ""text_share"": 0.1129597890692031, ""text_to_graphic_ratio"": 0.12734460927162608}, ""predicted_score"": 4.28355073928833, ""gain"": 0.17849349975585938}]","{""feature"": ""text_area_frac"", ""current_value"": 0.10577392578125, ""suggested_value"": 0.0011603461371527204, ""direction"": ""decrease"", ""coupled_feature_updates"": {""text_area_frac"": 0.0011603461371527204, ""background_area_frac"": 0.7927124871148005, ""text_share"": 0.005597761876738549, ""text_to_graphic_ratio"": 0.005629273207694325}, ""predicted_score"": 4.649786472320557, ""gain"": 0.5447292327880859}",text_area_frac,0.5447292327880859,decrease,"['text_area_frac', 'graphic_area_frac', 'word_count', 'mean_text_height_frac']",The model suggests decreasing text coverage as the most promising change for this poster.,Largest estimated gain among tested feature-group changes; not a causal diagnosis.
overall_rating-00144,4.4661149978637695,"[{""feature"": ""word_count"", ""current_value"": 16.0, ""suggested_value"": 2.0, ""direction"": ""decrease"", ""coupled_feature_updates"": {""word_count"": 2.0, ""char_count"": 9.0, ""text_block_count"": 1.0, ""text_area_frac"": 0.005043468256106312, ""background_area_frac"": 0.5693590887661637, ""text_share"": 0.011711539996644049, ""text_to_graphic_ratio"": 0.011850325558394438}, ""predicted_score"": 5.400479316711426, ""gain"": 0.9343643188476562}, {""feature"": ""graphic_area_frac"", ""current_value"": 0.4255974429777299, ""suggested_value"": 0.14488246548566117, ""direction"": ""decrease"", ""coupled_feature_updates"": {""graphic_area_frac"": 0.14488246548566117, ""background_area_frac"": 0.8147697884654883, ""text_share"": 0.21782486622779135, ""text_to_graphic_ratio"": 0.27848605359938233}, ""predicted_score"": 5.348060131072998, ""gain"": 0.8819451332092285}, {""feature"": ""text_area_frac"", ""current_value"": 0.0403477460488505, ""suggested_value"": 0.0011603461371527204, ""direction"": ""decrease"", ""coupled_feature_updates"": {""text_area_frac"": 0.0011603461371527204, ""background_area_frac"": 0.5732422108851174, ""text_share"": 0.002718980571061954, ""text_to_graphic_ratio"": 0.0027263935822411356}, ""predicted_score"": 5.143298625946045, ""gain"": 0.6771836280822754}]","{""feature"": ""word_count"", ""current_value"": 16.0, ""suggested_value"": 2.0, ""direction"": ""decrease"", ""coupled_feature_updates"": {""word_count"": 2.0, ""char_count"": 9.0, ""text_block_count"": 1.0, ""text_area_frac"": 0.005043468256106312, ""background_area_frac"": 0.5693590887661637, ""text_share"": 0.011711539996644049, ""text_to_graphic_ratio"": 0.011850325558394438}, ""predicted_score"": 5.400479316711426, ""gain"": 0.9343643188476562}",word_count,0.9343643188476562,decrease,"['text_area_frac', 'graphic_area_frac', 'word_count', 'mean_text_height_frac']",The model suggests decreasing the amount of text as the most promising change for this poster.,Largest estimated gain among tested feature-group changes; not a causal diagnosis.
overall_rating-00145,4.493666172027588,"[{""feature"": ""word_count"", ""current_value"": 17.0, ""suggested_value"": 1.0, ""direction"": ""decrease"", ""coupled_feature_updates"": {""word_count"": 1.0, ""char_count"": 5.0, ""text_block_count"": 1.0, ""text_area_frac"": 0.008527624944142017, ""background_area_frac"": 0.45325425091911764, ""text_share"": 0.015597057605802236, ""text_to_graphic_ratio"": 0.015844180197052374}, ""predicted_score"": 5.432559967041016, ""gain"": 0.9388937950134277}, {""feature"": ""mean_text_height_frac"", ""current_value"": 0.0340073529411764, ""suggested_value"": 0.0123654277510124, ""direction"": ""decrease"", ""coupled_feature_updates"": {""text_area_frac"": 0.05271246531265061, ""background_area_frac"": 0.4090694105506091, ""text_share"": 0.08920246515206853, ""text_to_graphic_ratio"": 0.09793885220271478, ""mean_text_height_frac"": 0.0123654277510124, ""max_text_height_frac"": 0.04722674348824171, ""text_height_std_frac"": 0.009747526849022248}, ""predicted_score"": 5.323009490966797, ""gain"": 0.829343318939209}, {""feature"": ""text_area_frac"", ""current_value"": 0.1449696240504143, ""suggested_value"": 0.0011603461371527204, ""direction"": ""decrease"", ""coupled_feature_updates"": {""text_area_frac"": 0.0011603461371527204, ""background_area_frac"": 0.4606215297261069, ""text_share"": 0.0021512652082006606, ""text_to_graphic_ratio"": 0.002155903127591299}, ""predicted_score"": 5.115084648132324, ""gain"": 0.6214184761047363}]","{""feature"": ""word_count"", ""current_value"": 17.0, ""suggested_value"": 1.0, ""direction"": ""decrease"", ""coupled_feature_updates"": {""word_count"": 1.0, ""char_count"": 5.0, ""text_block_count"": 1.0, ""text_area_frac"": 0.008527624944142017, ""background_area_frac"": 0.45325425091911764, ""text_share"": 0.015597057605802236, ""text_to_graphic_ratio"": 0.015844180197052374}, ""predicted_score"": 5.432559967041016, ""gain"": 0.9388937950134277}",word_count,0.9388937950134277,decrease,"['text_area_frac', 'graphic_area_frac', 'word_count', 'mean_text_height_frac']",The model suggests decreasing the amount of text as the most promising change for this poster.,Largest estimated gain among tested feature-group changes; not a causal diagnosis.
overall_rating-00146,4.302988052368164,"[{""feature"": ""graphic_area_frac"", ""current_value"": 0.7248433430989584, ""suggested_value"": 0.14488246548566117, ""direction"": ""decrease"", ""coupled_feature_updates"": {""graphic_area_frac"": 0.14488246548566117, ""background_area_frac"": 0.8495514673485403, ""text_share"": 0.03699648688959542, ""text_to_graphic_ratio"": 0.03841781092791706}, ""predicted_score"": 5.1031904220581055, ""gain"": 0.8002023696899414}, {""feature"": ""word_count"", ""current_value"": 3.0, ""suggested_value"": 31.0, ""direction"": ""increase"", ""coupled_feature_updates"": {""word_count"": 31.0, ""char_count"": 83.0, ""text_block_count"": 31.0, ""text_area_frac"": 0.057516027379918865, ""background_area_frac"": 0.21764062952112273, ""text_share"": 0.07351612257767637, ""text_to_graphic_ratio"": 0.0793495972992147}, ""predicted_score"": 5.016277313232422, ""gain"": 0.7132892608642578}, {""feature"": ""mean_text_height_frac"", ""current_value"": 0.0198567708333333, ""suggested_value"": 0.00997266006842618, ""direction"": ""decrease"", ""coupled_feature_updates"": {""text_area_frac"": 0.002795444245615021, ""background_area_frac"": 0.27236121265542657, ""text_share"": 0.0038418021334687843, ""text_to_graphic_ratio"": 0.0038566184986448533, ""mean_text_height_frac"": 0.00997266006842618, ""max_text_height_frac"": 0.011280549913465696, ""text_height_std_frac"": 0.0015161089321286284}, ""predicted_score"": 4.644734859466553, ""gain"": 0.34174680709838867}]","{""feature"": ""graphic_area_frac"", ""current_value"": 0.7248433430989584, ""suggested_value"": 0.14488246548566117, ""direction"": ""decrease"", ""coupled_feature_updates"": {""graphic_area_frac"": 0.14488246548566117, ""background_area_frac"": 0.8495514673485403, ""text_share"": 0.03699648688959542, ""text_to_graphic_ratio"": 0.03841781092791706}, ""predicted_score"": 5.1031904220581055, ""gain"": 0.8002023696899414}",graphic_area_frac,0.8002023696899414,decrease,"['text_area_frac', 'graphic_area_frac', 'word_count', 'mean_text_height_frac']",The model suggests decreasing graphic coverage as the most promising change for this poster.,Largest estimated gain among tested feature-group changes; not a causal diagnosis.
overall_rating-00147,5.016269207000732,"[{""feature"": ""graphic_area_frac"", ""current_value"": 0.8518514554794521, ""suggested_value"": 0.14488246548566117, ""direction"": ""decrease"", ""coupled_feature_updates"": {""graphic_area_frac"": 0.14488246548566117, ""background_area_frac"": 0.8303195357985854, ""text_share"": 0.1461452786121425, ""text_to_graphic_ratio"": 0.17115941968980108}, ""predicted_score"": 5.742559432983398, ""gain"": 0.726290225982666}, {""feature"": ""word_count"", ""current_value"": 14.0, ""suggested_value"": 2.0, ""direction"": ""decrease"", ""coupled_feature_updates"": {""word_count"": 2.0, ""char_count"": 11.0, ""text_block_count"": 1.0, ""text_area_frac"": 0.003542571245107628, ""background_area_frac"": 0.14460597327544034, ""text_share"": 0.004141449594490038, ""text_to_graphic_ratio"": 0.0041586725271411835}, ""predicted_score"": 5.561728000640869, ""gain"": 0.5454587936401367}, {""feature"": ""text_area_frac"", ""current_value"": 0.0247979987157534, ""suggested_value"": 0.00529463026258678, ""direction"": ""decrease"", ""coupled_feature_updates"": {""text_area_frac"": 0.00529463026258678, ""background_area_frac"": 0.14285391425796112, ""text_share"": 0.006177045372613669, ""text_to_graphic_ratio"": 0.0062154384177306775}, ""predicted_score"": 5.2490949630737305, ""gain"": 0.23282575607299805}]","{""feature"": ""graphic_area_frac"", ""current_value"": 0.8518514554794521, ""suggested_value"": 0.14488246548566117, ""direction"": ""decrease"", ""coupled_feature_updates"": {""graphic_area_frac"": 0.14488246548566117, ""background_area_frac"": 0.8303195357985854, ""text_share"": 0.1461452786121425, ""text_to_graphic_ratio"": 0.17115941968980108}, ""predicted_score"": 5.742559432983398, ""gain"": 0.726290225982666}",graphic_area_frac,0.726290225982666,decrease,"['text_area_frac', 'graphic_area_frac', 'word_count', 'mean_text_height_frac']",The model suggests decreasing graphic coverage as the most promising change for this poster.,Largest estimated gain among tested feature-group changes; not a causal diagnosis.
overall_rating-00148,3.7226619720458984,"[{""feature"": ""word_count"", ""current_value"": 23.0, ""suggested_value"": 1.0, ""direction"": ""decrease"", ""coupled_feature_updates"": {""word_count"": 1.0, ""char_count"": 6.0, ""text_block_count"": 1.0, ""text_area_frac"": 0.007806510119823043, ""background_area_frac"": 0.2531478145524616, ""text_share"": 0.010452550413499996, ""text_to_graphic_ratio"": 0.010562960288430614}, ""predicted_score"": 5.67135763168335, ""gain"": 1.9486956596374512}, {""feature"": ""mean_text_height_frac"", ""current_value"": 0.0291270380434782, ""suggested_value"": 0.0123654277510124, ""direction"": ""decrease"", ""coupled_feature_updates"": {""text_area_frac"": 0.07622502654725516, ""background_area_frac"": 0.18472929812502947, ""text_share"": 0.09349658508756885, ""text_to_graphic_ratio"": 0.10313980460470817, ""mean_text_height_frac"": 0.0123654277510124, ""max_text_height_frac"": 0.040214678298117666, ""text_height_std_frac"": 0.00905230736514093}, ""predicted_score"": 4.954819679260254, ""gain"": 1.2321577072143555}, {""feature"": ""text_area_frac"", ""current_value"": 0.17954973275593, ""suggested_value"": 0.00529463026258678, ""direction"": ""decrease"", ""coupled_feature_updates"": {""text_area_frac"": 0.00529463026258678, ""background_area_frac"": 0.2556596944096978, ""text_share"": 0.007113184954276864, ""text_to_graphic_ratio"": 0.0071641448415742095}, ""predicted_score"": 4.928133964538574, ""gain"": 1.2054719924926758}]","{""feature"": ""word_count"", ""current_value"": 23.0, ""suggested_value"": 1.0, ""direction"": ""decrease"", ""coupled_feature_updates"": {""word_count"": 1.0, ""char_count"": 6.0, ""text_block_count"": 1.0, ""text_area_frac"": 0.007806510119823043, ""background_area_frac"": 0.2531478145524616, ""text_share"": 0.010452550413499996, ""text_to_graphic_ratio"": 0.010562960288430614}, ""predicted_score"": 5.67135763168335, ""gain"": 1.9486956596374512}",word_count,1.9486956596374512,decrease,"['text_area_frac', 'graphic_area_frac', 'word_count', 'mean_text_height_frac']",The model suggests decreasing the amount of text as the most promising change for this poster.,Largest estimated gain among tested feature-group changes; not a causal diagnosis.
overall_rating-00149,3.6191132068634033,"[{""feature"": ""mean_text_height_frac"", ""current_value"": 0.0927734375, ""suggested_value"": 0.00997266006842618, ""direction"": ""decrease"", ""coupled_feature_updates"": {""text_area_frac"": 0.0003727445724588541, ""background_area_frac"": 0.12633147143095913, ""text_share"": 0.0004266430119319541, ""text_to_graphic_ratio"": 0.0004268251138841098, ""mean_text_height_frac"": 0.00997266006842618, ""max_text_height_frac"": 0.00997266006842618}, ""predicted_score"": 4.602968215942383, ""gain"": 0.9838550090789795}, {""feature"": ""word_count"", ""current_value"": 1.0, ""suggested_value"": 12.0, ""direction"": ""increase"", ""coupled_feature_updates"": {""word_count"": 12.0, ""char_count"": 12.0, ""text_block_count"": 12.0, ""text_area_frac"": 0.041610717773437195, ""background_area_frac"": 0.0850934982299808, ""text_share"": 0.04548084169577463, ""text_to_graphic_ratio"": 0.047647908687945814}, ""predicted_score"": 4.215098857879639, ""gain"": 0.5959856510162354}, {""feature"": ""graphic_area_frac"", ""current_value"": 0.873295783996582, ""suggested_value"": 0.14488246548566117, ""direction"": ""decrease"", ""coupled_feature_updates"": {""graphic_area_frac"": 0.14488246548566117, ""background_area_frac"": 0.8516499746998857, ""text_share"": 0.023374177439054532, ""text_to_graphic_ratio"": 0.02393360578748765}, ""predicted_score"": 4.1524977684021, ""gain"": 0.5333845615386963}]","{""feature"": ""mean_text_height_frac"", ""current_value"": 0.0927734375, ""suggested_value"": 0.00997266006842618, ""direction"": ""decrease"", ""coupled_feature_updates"": {""text_area_frac"": 0.0003727445724588541, ""background_area_frac"": 0.12633147143095913, ""text_share"": 0.0004266430119319541, ""text_to_graphic_ratio"": 0.0004268251138841098, ""mean_text_height_frac"": 0.00997266006842618, ""max_text_height_frac"": 0.00997266006842618}, ""predicted_score"": 4.602968215942383, ""gain"": 0.9838550090789795}",mean_text_height_frac,0.9838550090789795,decrease,"['text_area_frac', 'graphic_area_frac', 'word_count', 'mean_text_height_frac']",The model suggests decreasing text size as the most promising change for this poster.,Largest estimated gain among tested feature-group changes; not a causal diagnosis.
overall_rating-00150,4.1772141456604,"[{""feature"": ""word_count"", ""current_value"": 20.0, ""suggested_value"": 1.0, ""direction"": ""decrease"", ""coupled_feature_updates"": {""word_count"": 1.0, ""char_count"": 5.0, ""text_block_count"": 1.0, ""text_area_frac"": 0.007547523235452586, ""background_area_frac"": 0.5503587043148348, ""text_share"": 0.016785654048860524, ""text_to_graphic_ratio"": 0.017072222469071544}, ""predicted_score"": 5.309245586395264, ""gain"": 1.1320314407348633}, {""feature"": ""mean_text_height_frac"", ""current_value"": 0.030029296875, ""suggested_value"": 0.07097372555865916, ""direction"": ""increase"", ""coupled_feature_updates"": {""text_area_frac"": 0.35676882145487465, ""background_area_frac"": 0.20113740609541275, ""text_share"": 0.44659597805312384, ""text_to_graphic_ratio"": 0.8069980707440444, ""mean_text_height_frac"": 0.07097372555865916, ""max_text_height_frac"": 0.15925811588772298, ""text_height_std_frac"": 0.038902592606857245}, ""predicted_score"": 5.222428321838379, ""gain"": 1.0452141761779785}, {""feature"": ""text_area_frac"", ""current_value"": 0.1509504647090517, ""suggested_value"": 0.0011603461371527204, ""direction"": ""decrease"", ""coupled_feature_updates"": {""text_area_frac"": 0.0011603461371527204, ""background_area_frac"": 0.5567458814131346, ""text_share"": 0.002617789860254452, ""text_to_graphic_ratio"": 0.0026246606703438868}, ""predicted_score"": 5.077380657196045, ""gain"": 0.9001665115356445}]","{""feature"": ""word_count"", ""current_value"": 20.0, ""suggested_value"": 1.0, ""direction"": ""decrease"", ""coupled_feature_updates"": {""word_count"": 1.0, ""char_count"": 5.0, ""text_block_count"": 1.0, ""text_area_frac"": 0.007547523235452586, ""background_area_frac"": 0.5503587043148348, ""text_share"": 0.016785654048860524, ""text_to_graphic_ratio"": 0.017072222469071544}, ""predicted_score"": 5.309245586395264, ""gain"": 1.1320314407348633}",word_count,1.1320314407348633,decrease,"['text_area_frac', 'graphic_area_frac', 'word_count', 'mean_text_height_frac']",The model suggests decreasing the amount of text as the most promising change for this poster.,Largest estimated gain among tested feature-group changes; not a causal diagnosis.
overall_rating-00151,4.680689811706543,"[{""feature"": ""word_count"", ""current_value"": 57.0, ""suggested_value"": 2.0, ""direction"": ""decrease"", ""coupled_feature_updates"": {""word_count"": 2.0, ""char_count"": 10.0, ""text_block_count"": 1.0, ""text_area_frac"": 0.004177952937605312, ""background_area_frac"": 0.6514610058371122, ""text_share"": 0.011987045947727641, ""text_to_graphic_ratio"": 0.01213247852526987}, ""predicted_score"": 5.803106784820557, ""gain"": 1.1224169731140137}, {""feature"": ""mean_text_height_frac"", ""current_value"": 0.0144599780701754, ""suggested_value"": 0.07097372555865916, ""direction"": ""increase"", ""coupled_feature_updates"": {""text_area_frac"": 0.584437900729776, ""background_area_frac"": 0.07120105804494153, ""text_share"": 0.6292404893351559, ""text_to_graphic_ratio"": 1.6971661447249318, ""mean_text_height_frac"": 0.07097372555865916, ""max_text_height_frac"": 0.3163544497057778, ""text_height_std_frac"": 0.04428213227268844}, ""predicted_score"": 5.653861999511719, ""gain"": 0.9731721878051758}, {""feature"": ""graphic_area_frac"", ""current_value"": 0.3443610412252825, ""suggested_value"": 0.6731167127402558, ""direction"": ""increase"", ""coupled_feature_updates"": {""graphic_area_frac"": 0.6731167127402558, ""background_area_frac"": 0.20781162853799284, ""text_share"": 0.15030725394517105, ""text_to_graphic_ratio"": 0.17689600698965133}, ""predicted_score"": 5.427642822265625, ""gain"": 0.746953010559082}]","{""feature"": ""word_count"", ""current_value"": 57.0, ""suggested_value"": 2.0, ""direction"": ""decrease"", ""coupled_feature_updates"": {""word_count"": 2.0, ""char_count"": 10.0, ""text_block_count"": 1.0, ""text_area_frac"": 0.004177952937605312, ""background_area_frac"": 0.6514610058371122, ""text_share"": 0.011987045947727641, ""text_to_graphic_ratio"": 0.01213247852526987}, ""predicted_score"": 5.803106784820557, ""gain"": 1.1224169731140137}",word_count,1.1224169731140137,decrease,"['text_area_frac', 'graphic_area_frac', 'word_count', 'mean_text_height_frac']",The model suggests decreasing the amount of text as the most promising change for this poster.,Largest estimated gain among tested feature-group changes; not a causal diagnosis.
overall_rating-00152,4.015701770782471,"[{""feature"": ""word_count"", ""current_value"": 9.0, ""suggested_value"": 1.0, ""direction"": ""decrease"", ""coupled_feature_updates"": {""word_count"": 1.0, ""char_count"": 7.0, ""text_block_count"": 1.0, ""text_area_frac"": 0.005834473503960499, ""background_area_frac"": 0.2986346350775825, ""text_share"": 0.008318736276071869, ""text_to_graphic_ratio"": 0.008388518146277796}, ""predicted_score"": 4.710119724273682, ""gain"": 0.6944179534912109}, {""feature"": ""text_area_frac"", ""current_value"": 0.0525102615356445, ""suggested_value"": 0.0011603461371527204, ""direction"": ""decrease"", ""coupled_feature_updates"": {""text_area_frac"": 0.0011603461371527204, ""background_area_frac"": 0.3033087624443902, ""text_share"": 0.0016655098766906794, ""text_to_graphic_ratio"": 0.0016682884275439226}, ""predicted_score"": 4.709810733795166, ""gain"": 0.6941089630126953}, {""feature"": ""mean_text_height_frac"", ""current_value"": 0.0296223958333333, ""suggested_value"": 0.00997266006842618, ""direction"": ""decrease"", ""coupled_feature_updates"": {""text_area_frac"": 0.017678076795188468, ""background_area_frac"": 0.28679103178635446, ""text_share"": 0.024786672045734717, ""text_to_graphic_ratio"": 0.025416666625886333, ""mean_text_height_frac"": 0.00997266006842618, ""max_text_height_frac"": 0.018739833754954707, ""text_height_std_frac"": 0.00602244850069133}, ""predicted_score"": 4.708313465118408, ""gain"": 0.6926116943359375}]","{""feature"": ""word_count"", ""current_value"": 9.0, ""suggested_value"": 1.0, ""direction"": ""decrease"", ""coupled_feature_updates"": {""word_count"": 1.0, ""char_count"": 7.0, ""text_block_count"": 1.0, ""text_area_frac"": 0.005834473503960499, ""background_area_frac"": 0.2986346350775825, ""text_share"": 0.008318736276071869, ""text_to_graphic_ratio"": 0.008388518146277796}, ""predicted_score"": 4.710119724273682, ""gain"": 0.6944179534912109}",word_count,0.6944179534912109,decrease,"['text_area_frac', 'graphic_area_frac', 'word_count', 'mean_text_height_frac']",The model suggests decreasing the amount of text as the most promising change for this poster.,Largest estimated gain among tested feature-group changes; not a causal diagnosis.
overall_rating-00153,4.550493240356445,"[{""feature"": ""word_count"", ""current_value"": 14.0, ""suggested_value"": 1.0, ""direction"": ""decrease"", ""coupled_feature_updates"": {""word_count"": 1.0, ""char_count"": 5.0, ""text_block_count"": 1.0, ""text_area_frac"": 0.006435751327740142, ""background_area_frac"": 0.6175778644229784, ""text_share"": 0.016828919481947584, ""text_to_graphic_ratio"": 0.017116979756036044}, ""predicted_score"": 5.341579914093018, ""gain"": 0.7910866737365723}, {""feature"": ""text_area_frac"", ""current_value"": 0.090100518588362, ""suggested_value"": 0.00529463026258678, ""direction"": ""decrease"", ""coupled_feature_updates"": {""text_area_frac"": 0.00529463026258678, ""background_area_frac"": 0.6187189854881316, ""text_share"": 0.013886425132825415, ""text_to_graphic_ratio"": 0.014081973402197467}, ""predicted_score"": 5.151754856109619, ""gain"": 0.6012616157531738}, {""feature"": ""mean_text_height_frac"", ""current_value"": 0.0240652901785714, ""suggested_value"": 0.0123654277510124, ""direction"": ""decrease"", ""coupled_feature_updates"": {""text_area_frac"": 0.04629619857753483, ""background_area_frac"": 0.5777174171731836, ""text_share"": 0.10963321827678009, ""text_to_graphic_ratio"": 0.12313264659828779, ""mean_text_height_frac"": 0.0123654277510124, ""max_text_height_frac"": 0.041648194338192536, ""text_height_std_frac"": 0.00861136544510841}, ""predicted_score"": 5.021411895751953, ""gain"": 0.4709186553955078}]","{""feature"": ""word_count"", ""current_value"": 14.0, ""suggested_value"": 1.0, ""direction"": ""decrease"", ""coupled_feature_updates"": {""word_count"": 1.0, ""char_count"": 5.0, ""text_block_count"": 1.0, ""text_area_frac"": 0.006435751327740142, ""background_area_frac"": 0.6175778644229784, ""text_share"": 0.016828919481947584, ""text_to_graphic_ratio"": 0.017116979756036044}, ""predicted_score"": 5.341579914093018, ""gain"": 0.7910866737365723}",word_count,0.7910866737365723,decrease,"['text_area_frac', 'graphic_area_frac', 'word_count', 'mean_text_height_frac']",The model suggests decreasing the amount of text as the most promising change for this poster.,Largest estimated gain among tested feature-group changes; not a causal diagnosis.
overall_rating-00154,4.489067077636719,"[{""feature"": ""graphic_area_frac"", ""current_value"": 0.4770711263020833, ""suggested_value"": 0.14488246548566117, ""direction"": ""decrease"", ""coupled_feature_updates"": {""graphic_area_frac"": 0.14488246548566117, ""background_area_frac"": 0.7818651744882972, ""text_share"": 0.3358123117397945, ""text_to_graphic_ratio"": 0.5055985193273185}, ""predicted_score"": 5.460134983062744, ""gain"": 0.9710679054260254}, {""feature"": ""word_count"", ""current_value"": 3.0, ""suggested_value"": 12.0, ""direction"": ""increase"", ""coupled_feature_updates"": {""word_count"": 12.0, ""char_count"": 44.0, ""text_block_count"": 8.0, ""text_area_frac"": 0.2930094401041664, ""background_area_frac"": 0.22991943359375028, ""text_share"": 0.38049192887902544, ""text_to_graphic_ratio"": 0.6141839737302225}, ""predicted_score"": 5.332910537719727, ""gain"": 0.8438434600830078}, {""feature"": ""text_area_frac"", ""current_value"": 0.0732523600260416, ""suggested_value"": 0.00529463026258678, ""direction"": ""decrease"", ""coupled_feature_updates"": {""text_area_frac"": 0.00529463026258678, ""background_area_frac"": 0.5176342434353298, ""text_share"": 0.010976380869766274, ""text_to_graphic_ratio"": 0.011098198928170303}, ""predicted_score"": 4.795793533325195, ""gain"": 0.30672645568847656}]","{""feature"": ""graphic_area_frac"", ""current_value"": 0.4770711263020833, ""suggested_value"": 0.14488246548566117, ""direction"": ""decrease"", ""coupled_feature_updates"": {""graphic_area_frac"": 0.14488246548566117, ""background_area_frac"": 0.7818651744882972, ""text_share"": 0.3358123117397945, ""text_to_graphic_ratio"": 0.5055985193273185}, ""predicted_score"": 5.460134983062744, ""gain"": 0.9710679054260254}",graphic_area_frac,0.9710679054260254,decrease,"['text_area_frac', 'graphic_area_frac', 'word_count', 'mean_text_height_frac']",The model suggests decreasing graphic coverage as the most promising change for this poster.,Largest estimated gain among tested feature-group changes; not a causal diagnosis.
overall_rating-00155,4.324824333190918,"[{""feature"": ""mean_text_height_frac"", ""current_value"": 0.0314275568181818, ""suggested_value"": 0.07097372555865916, ""direction"": ""increase"", ""coupled_feature_updates"": {""text_area_frac"": 0.4173633225156038, ""background_area_frac"": 0.39932347211503916, ""text_share"": 0.6948220933239722, ""text_to_graphic_ratio"": 2.276777178570743, ""mean_text_height_frac"": 0.07097372555865916, ""max_text_height_frac"": 0.3837392958171574, ""text_height_std_frac"": 0.07648006046908884}, ""predicted_score"": 5.700015544891357, ""gain"": 1.3751912117004395}, {""feature"": ""word_count"", ""current_value"": 22.0, ""suggested_value"": 1.0, ""direction"": ""decrease"", ""coupled_feature_updates"": {""word_count"": 1.0, ""char_count"": 4.0, ""text_block_count"": 1.0, ""text_area_frac"": 0.008400489969375695, ""background_area_frac"": 0.8082863046612673, ""text_share"": 0.043817891854481976, ""text_to_graphic_ratio"": 0.045825885551723254}, ""predicted_score"": 5.441226959228516, ""gain"": 1.1164026260375977}, {""feature"": ""text_area_frac"", ""current_value"": 0.1848107793262653, ""suggested_value"": 0.0011603461371527204, ""direction"": ""decrease"", ""coupled_feature_updates"": {""text_area_frac"": 0.0011603461371527204, ""background_area_frac"": 0.8155264484934902, ""text_share"": 0.006290040646351269, ""text_to_graphic_ratio"": 0.006329855695964423}, ""predicted_score"": 5.319830417633057, ""gain"": 0.9950060844421387}]","{""feature"": ""mean_text_height_frac"", ""current_value"": 0.0314275568181818, ""suggested_value"": 0.07097372555865916, ""direction"": ""increase"", ""coupled_feature_updates"": {""text_area_frac"": 0.4173633225156038, ""background_area_frac"": 0.39932347211503916, ""text_share"": 0.6948220933239722, ""text_to_graphic_ratio"": 2.276777178570743, ""mean_text_height_frac"": 0.07097372555865916, ""max_text_height_frac"": 0.3837392958171574, ""text_height_std_frac"": 0.07648006046908884}, ""predicted_score"": 5.700015544891357, ""gain"": 1.3751912117004395}",mean_text_height_frac,1.3751912117004395,increase,"['text_area_frac', 'graphic_area_frac', 'word_count', 'mean_text_height_frac']",The model suggests increasing text size as the most promising change for this poster.,Largest estimated gain among tested feature-group changes; not a causal diagnosis.
overall_rating-00156,5.531449794769287,"[{""feature"": ""word_count"", ""current_value"": 8.0, ""suggested_value"": 1.0, ""direction"": ""decrease"", ""coupled_feature_updates"": {""word_count"": 1.0, ""char_count"": 5.0, ""text_block_count"": 1.0, ""text_area_frac"": 0.01676427179844535, ""background_area_frac"": 0.37107090015507227, ""text_share"": 0.02665526496162897, ""text_to_graphic_ratio"": 0.027385225400719065}, ""predicted_score"": 5.864889621734619, ""gain"": 0.33343982696533203}, {""feature"": ""text_area_frac"", ""current_value"": 0.1341141743875628, ""suggested_value"": 0.00529463026258678, ""direction"": ""decrease"", ""coupled_feature_updates"": {""text_area_frac"": 0.00529463026258678, ""background_area_frac"": 0.38254054169093077, ""text_share"": 0.008574862999242542, ""text_to_graphic_ratio"": 0.00864902722275438}, ""predicted_score"": 5.844627857208252, ""gain"": 0.31317806243896484}, {""feature"": ""graphic_area_frac"", ""current_value"": 0.6121648280464824, ""suggested_value"": 0.14488246548566117, ""direction"": ""decrease"", ""coupled_feature_updates"": {""graphic_area_frac"": 0.14488246548566117, ""background_area_frac"": 0.721003360126776, ""text_share"": 0.48070175486165084, ""text_to_graphic_ratio"": 0.9256756774396271}, ""predicted_score"": 5.822576999664307, ""gain"": 0.29112720489501953}]","{""feature"": ""word_count"", ""current_value"": 8.0, ""suggested_value"": 1.0, ""direction"": ""decrease"", ""coupled_feature_updates"": {""word_count"": 1.0, ""char_count"": 5.0, ""text_block_count"": 1.0, ""text_area_frac"": 0.01676427179844535, ""background_area_frac"": 0.37107090015507227, ""text_share"": 0.02665526496162897, ""text_to_graphic_ratio"": 0.027385225400719065}, ""predicted_score"": 5.864889621734619, ""gain"": 0.33343982696533203}",word_count,0.33343982696533203,decrease,"['text_area_frac', 'graphic_area_frac', 'word_count', 'mean_text_height_frac']",The model suggests decreasing the amount of text as the most promising change for this poster.,Largest estimated gain among tested feature-group changes; not a causal diagnosis.
overall_rating-00157,4.9548163414001465,"[{""feature"": ""word_count"", ""current_value"": 21.0, ""suggested_value"": 1.0, ""direction"": ""decrease"", ""coupled_feature_updates"": {""word_count"": 1.0, ""char_count"": 7.0, ""text_block_count"": 1.0, ""text_area_frac"": 0.0095313684345461, ""background_area_frac"": 0.6224679390716962, ""text_share"": 0.025246513928140736, ""text_to_graphic_ratio"": 0.02590040896378959}, ""predicted_score"": 5.451133728027344, ""gain"": 0.49631738662719727}, {""feature"": ""mean_text_height_frac"", ""current_value"": 0.0432012648809523, ""suggested_value"": 0.0123654277510124, ""direction"": ""decrease"", ""coupled_feature_updates"": {""text_area_frac"": 0.0572911096348506, ""background_area_frac"": 0.5747081978713916, ""text_share"": 0.13471011984737422, ""text_to_graphic_ratio"": 0.1556820701793174, ""mean_text_height_frac"": 0.0123654277510124, ""max_text_height_frac"": 0.04192798430106472, ""text_height_std_frac"": 0.010019328449600087}, ""predicted_score"": 5.253305435180664, ""gain"": 0.2984890937805176}, {""feature"": ""graphic_area_frac"", ""current_value"": 0.3680006924937578, ""suggested_value"": 0.14488246548566117, ""direction"": ""decrease"", ""coupled_feature_updates"": {""graphic_area_frac"": 0.14488246548566117, ""background_area_frac"": 0.6549587973888708, ""text_share"": 0.5801009723208402, ""text_to_graphic_ratio"": 1.3815249240445702}, ""predicted_score"": 5.154485702514648, ""gain"": 0.19966936111450195}]","{""feature"": ""word_count"", ""current_value"": 21.0, ""suggested_value"": 1.0, ""direction"": ""decrease"", ""coupled_feature_updates"": {""word_count"": 1.0, ""char_count"": 7.0, ""text_block_count"": 1.0, ""text_area_frac"": 0.0095313684345461, ""background_area_frac"": 0.6224679390716962, ""text_share"": 0.025246513928140736, ""text_to_graphic_ratio"": 0.02590040896378959}, ""predicted_score"": 5.451133728027344, ""gain"": 0.49631738662719727}",word_count,0.49631738662719727,decrease,"['text_area_frac', 'graphic_area_frac', 'word_count', 'mean_text_height_frac']",The model suggests decreasing the amount of text as the most promising change for this poster.,Largest estimated gain among tested feature-group changes; not a causal diagnosis.
overall_rating-00158,4.9702534675598145,"[{""feature"": ""graphic_area_frac"", ""current_value"": 0.2511075647865853, ""suggested_value"": 0.14488246548566117, ""direction"": ""decrease"", ""coupled_feature_updates"": {""graphic_area_frac"": 0.14488246548566117, ""background_area_frac"": 0.8124293146633903, ""text_share"": 0.22758470906229983, ""text_to_graphic_ratio"": 0.2946403466275448}, ""predicted_score"": 6.011510372161865, ""gain"": 1.0412569046020508}, {""feature"": ""word_count"", ""current_value"": 12.0, ""suggested_value"": 1.0, ""direction"": ""decrease"", ""coupled_feature_updates"": {""word_count"": 1.0, ""char_count"": 4.0, ""text_block_count"": 1.0, ""text_area_frac"": 0.0035573516542457082, ""background_area_frac"": 0.745335083559169, ""text_share"": 0.01396875433005404, ""text_to_graphic_ratio"": 0.014166644709684786}, ""predicted_score"": 5.938294410705566, ""gain"": 0.968040943145752}, {""feature"": ""text_area_frac"", ""current_value"": 0.0426882198509485, ""suggested_value"": 0.0011603461371527204, ""direction"": ""decrease"", ""coupled_feature_updates"": {""text_area_frac"": 0.0011603461371527204, ""background_area_frac"": 0.747732089076262, ""text_share"": 0.004599658089306092, ""text_to_graphic_ratio"": 0.0046209127078226065}, ""predicted_score"": 5.656222343444824, ""gain"": 0.6859688758850098}]","{""feature"": ""graphic_area_frac"", ""current_value"": 0.2511075647865853, ""suggested_value"": 0.14488246548566117, ""direction"": ""decrease"", ""coupled_feature_updates"": {""graphic_area_frac"": 0.14488246548566117, ""background_area_frac"": 0.8124293146633903, ""text_share"": 0.22758470906229983, ""text_to_graphic_ratio"": 0.2946403466275448}, ""predicted_score"": 6.011510372161865, ""gain"": 1.0412569046020508}",graphic_area_frac,1.0412569046020508,decrease,"['text_area_frac', 'graphic_area_frac', 'word_count', 'mean_text_height_frac']",The model suggests decreasing graphic coverage as the most promising change for this poster.,Largest estimated gain among tested feature-group changes; not a causal diagnosis.
overall_rating-00159,5.656849384307861,"[{""feature"": ""graphic_area_frac"", ""current_value"": 0.8472982216142271, ""suggested_value"": 0.14488246548566117, ""direction"": ""decrease"", ""coupled_feature_updates"": {""graphic_area_frac"": 0.14488246548566117, ""background_area_frac"": 0.8513261742202212, ""text_share"": 0.025501195480995456, ""text_to_graphic_ratio"": 0.02616852413029116}, ""predicted_score"": 6.299093723297119, ""gain"": 0.6422443389892578}, {""feature"": ""mean_text_height_frac"", ""current_value"": 0.0263671875, ""suggested_value"": 0.00997266006842618, ""direction"": ""decrease"", ""coupled_feature_updates"": {""text_area_frac"": 0.0014339772647410014, ""background_area_frac"": 0.1512678011210319, ""text_share"": 0.0016895520950366242, ""text_to_graphic_ratio"": 0.0016924115124531537, ""mean_text_height_frac"": 0.00997266006842618, ""max_text_height_frac"": 0.00997266006842618}, ""predicted_score"": 5.916201114654541, ""gain"": 0.2593517303466797}, {""feature"": ""text_area_frac"", ""current_value"": 0.0037913602941176, ""suggested_value"": 0.00529463026258678, ""direction"": ""increase"", ""coupled_feature_updates"": {""text_area_frac"": 0.00529463026258678, ""background_area_frac"": 0.14740714812318612, ""text_share"": 0.00621003360623034, ""text_to_graphic_ratio"": 0.006248839107085266}, ""predicted_score"": 5.664657115936279, ""gain"": 0.007807731628417969}]","{""feature"": ""graphic_area_frac"", ""current_value"": 0.8472982216142271, ""suggested_value"": 0.14488246548566117, ""direction"": ""decrease"", ""coupled_feature_updates"": {""graphic_area_frac"": 0.14488246548566117, ""background_area_frac"": 0.8513261742202212, ""text_share"": 0.025501195480995456, ""text_to_graphic_ratio"": 0.02616852413029116}, ""predicted_score"": 6.299093723297119, ""gain"": 0.6422443389892578}",graphic_area_frac,0.6422443389892578,decrease,"['text_area_frac', 'graphic_area_frac', 'word_count', 'mean_text_height_frac']",The model suggests decreasing graphic coverage as the most promising change for this poster.,Largest estimated gain among tested feature-group changes; not a causal diagnosis.
overall_rating-00160,4.594171047210693,"[{""feature"": ""word_count"", ""current_value"": 3.0, ""suggested_value"": 31.0, ""direction"": ""increase"", ""coupled_feature_updates"": {""word_count"": 31.0, ""char_count"": 176.0, ""text_block_count"": 21.0, ""text_area_frac"": 0.13766705548321714, ""background_area_frac"": 0.2361291956018523, ""text_share"": 0.1802229574563787, ""text_to_graphic_ratio"": 0.21984386986146762}, ""predicted_score"": 5.263981819152832, ""gain"": 0.6698107719421387}, {""feature"": ""graphic_area_frac"", ""current_value"": 0.6262037489149306, ""suggested_value"": 0.14488246548566117, ""direction"": ""decrease"", ""coupled_feature_updates"": {""graphic_area_frac"": 0.14488246548566117, ""background_area_frac"": 0.8417949162417694, ""text_share"": 0.08421106298283727, ""text_to_graphic_ratio"": 0.0919546628911276}, ""predicted_score"": 5.0442094802856445, ""gain"": 0.45003843307495117}, {""feature"": ""mean_text_height_frac"", ""current_value"": 0.0240885416666666, ""suggested_value"": 0.00997266006842618, ""direction"": ""decrease"", ""coupled_feature_updates"": {""text_area_frac"": 0.0055155660766957266, ""background_area_frac"": 0.36828068500837374, ""text_share"": 0.00873103915901137, ""text_to_graphic_ratio"": 0.008807941642401462, ""mean_text_height_frac"": 0.00997266006842618, ""max_text_height_frac"": 0.021023445549655247, ""text_height_std_frac"": 0.007841926598624852}, ""predicted_score"": 4.73630428314209, ""gain"": 0.14213323593139648}]","{""feature"": ""word_count"", ""current_value"": 3.0, ""suggested_value"": 31.0, ""direction"": ""increase"", ""coupled_feature_updates"": {""word_count"": 31.0, ""char_count"": 176.0, ""text_block_count"": 21.0, ""text_area_frac"": 0.13766705548321714, ""background_area_frac"": 0.2361291956018523, ""text_share"": 0.1802229574563787, ""text_to_graphic_ratio"": 0.21984386986146762}, ""predicted_score"": 5.263981819152832, ""gain"": 0.6698107719421387}",word_count,0.6698107719421387,increase,"['text_area_frac', 'graphic_area_frac', 'word_count', 'mean_text_height_frac']",The model suggests increasing the amount of text as the most promising change for this poster.,Largest estimated gain among tested feature-group changes; not a causal diagnosis.
overall_rating-00161,3.854518413543701,"[{""feature"": ""graphic_area_frac"", ""current_value"": 0.3248138427734375, ""suggested_value"": 0.14488246548566117, ""direction"": ""decrease"", ""coupled_feature_updates"": {""graphic_area_frac"": 0.14488246548566117, ""background_area_frac"": 0.8300100448224986, ""text_share"": 0.14769984300321318, ""text_to_graphic_ratio"": 0.1732955717427728}, ""predicted_score"": 5.040894508361816, ""gain"": 1.1863760948181152}, {""feature"": ""word_count"", ""current_value"": 6.0, ""suggested_value"": 31.0, ""direction"": ""increase"", ""coupled_feature_updates"": {""word_count"": 31.0, ""char_count"": 119.0, ""text_block_count"": 26.0, ""text_area_frac"": 0.1297220300745077, ""background_area_frac"": 0.5454641271520548, ""text_share"": 0.28539448220383545, ""text_to_graphic_ratio"": 0.3993734656345627}, ""predicted_score"": 4.671621322631836, ""gain"": 0.8171029090881348}, {""feature"": ""mean_text_height_frac"", ""current_value"": 0.02587890625, ""suggested_value"": 0.0153718171296296, ""direction"": ""decrease"", ""coupled_feature_updates"": {""text_area_frac"": 0.01491360324113496, ""background_area_frac"": 0.6602725539854275, ""text_share"": 0.043898729455303556, ""text_to_graphic_ratio"": 0.04591430929727161, ""mean_text_height_frac"": 0.0153718171296296, ""max_text_height_frac"": 0.03248383997204746, ""text_height_std_frac"": 0.008953560859680776}, ""predicted_score"": 4.666176795959473, ""gain"": 0.8116583824157715}]","{""feature"": ""graphic_area_frac"", ""current_value"": 0.3248138427734375, ""suggested_value"": 0.14488246548566117, ""direction"": ""decrease"", ""coupled_feature_updates"": {""graphic_area_frac"": 0.14488246548566117, ""background_area_frac"": 0.8300100448224986, ""text_share"": 0.14769984300321318, ""text_to_graphic_ratio"": 0.1732955717427728}, ""predicted_score"": 5.040894508361816, ""gain"": 1.1863760948181152}",graphic_area_frac,1.1863760948181152,decrease,"['text_area_frac', 'graphic_area_frac', 'word_count', 'mean_text_height_frac']",The model suggests decreasing graphic coverage as the most promising change for this poster.,Largest estimated gain among tested feature-group changes; not a causal diagnosis.
overall_rating-00162,4.280108451843262,"[{""feature"": ""mean_text_height_frac"", ""current_value"": 0.1186915887850467, ""suggested_value"": 0.00997266006842618, ""direction"": ""decrease"", ""coupled_feature_updates"": {""text_area_frac"": 0.0037581517949790027, ""background_area_frac"": 0.08558727752745099, ""text_share"": 0.004109907597104571, ""text_to_graphic_ratio"": 0.004126868645904626, ""mean_text_height_frac"": 0.00997266006842618, ""max_text_height_frac"": 0.01539087695599631, ""text_height_std_frac"": 0.005418216887570129}, ""predicted_score"": 5.470788478851318, ""gain"": 1.1906800270080566}, {""feature"": ""text_area_frac"", ""current_value"": 0.0447283878504672, ""suggested_value"": 0.0011603461371527204, ""direction"": ""decrease"", ""coupled_feature_updates"": {""text_area_frac"": 0.0011603461371527204, ""background_area_frac"": 0.08818508318527718, ""text_share"": 0.0012725676184441037, ""text_to_graphic_ratio"": 0.0012741891102455766}, ""predicted_score"": 4.994129657745361, ""gain"": 0.7140212059020996}, {""feature"": ""word_count"", ""current_value"": 2.0, ""suggested_value"": 1.0, ""direction"": ""decrease"", ""coupled_feature_updates"": {""word_count"": 1.0, ""char_count"": 4.0, ""text_area_frac"": 0.0223641939252336, ""background_area_frac"": 0.06698123539719636, ""text_share"": 0.023969715051501972, ""text_to_graphic_ratio"": 0.024558372236130745}, ""predicted_score"": 4.5801897048950195, ""gain"": 0.3000812530517578}]","{""feature"": ""mean_text_height_frac"", ""current_value"": 0.1186915887850467, ""suggested_value"": 0.00997266006842618, ""direction"": ""decrease"", ""coupled_feature_updates"": {""text_area_frac"": 0.0037581517949790027, ""background_area_frac"": 0.08558727752745099, ""text_share"": 0.004109907597104571, ""text_to_graphic_ratio"": 0.004126868645904626, ""mean_text_height_frac"": 0.00997266006842618, ""max_text_height_frac"": 0.01539087695599631, ""text_height_std_frac"": 0.005418216887570129}, ""predicted_score"": 5.470788478851318, ""gain"": 1.1906800270080566}",mean_text_height_frac,1.1906800270080566,decrease,"['text_area_frac', 'graphic_area_frac', 'word_count', 'mean_text_height_frac']",The model suggests decreasing text size as the most promising change for this poster.,Largest estimated gain among tested feature-group changes; not a causal diagnosis.
overall_rating-00163,4.4381818771362305,"[{""feature"": ""graphic_area_frac"", ""current_value"": 0.8901748657226562, ""suggested_value"": 0.4408856731721724, ""direction"": ""decrease"", ""coupled_feature_updates"": {""graphic_area_frac"": 0.4408856731721724, ""background_area_frac"": 0.5591143268278276}, ""predicted_score"": 5.210250377655029, ""gain"": 0.7720685005187988}]","{""feature"": ""graphic_area_frac"", ""current_value"": 0.8901748657226562, ""suggested_value"": 0.4408856731721724, ""direction"": ""decrease"", ""coupled_feature_updates"": {""graphic_area_frac"": 0.4408856731721724, ""background_area_frac"": 0.5591143268278276}, ""predicted_score"": 5.210250377655029, ""gain"": 0.7720685005187988}",graphic_area_frac,0.7720685005187988,decrease,"['text_area_frac', 'graphic_area_frac', 'word_count', 'mean_text_height_frac']",The model suggests decreasing graphic coverage as the most promising change for this poster.,Largest estimated gain among tested feature-group changes; not a causal diagnosis.
overall_rating-00164,4.593630313873291,"[{""feature"": ""word_count"", ""current_value"": 29.0, ""suggested_value"": 1.0, ""direction"": ""decrease"", ""coupled_feature_updates"": {""word_count"": 1.0, ""char_count"": 4.0, ""text_block_count"": 1.0, ""text_area_frac"": 0.0033410974024925726, ""background_area_frac"": 0.5433437106499419, ""text_share"": 0.007316437943399034, ""text_to_graphic_ratio"": 0.0073703627450434845}, ""predicted_score"": 5.792178153991699, ""gain"": 1.1985478401184082}, {""feature"": ""mean_text_height_frac"", ""current_value"": 0.02734375, ""suggested_value"": 0.0123654277510124, ""direction"": ""decrease"", ""coupled_feature_updates"": {""text_area_frac"": 0.04381655250830248, ""background_area_frac"": 0.502868255544132, ""text_share"": 0.08813871372519487, ""text_to_graphic_ratio"": 0.09665802798281399, ""mean_text_height_frac"": 0.0123654277510124, ""max_text_height_frac"": 0.04769522132533354, ""text_height_std_frac"": 0.011207120631396193}, ""predicted_score"": 5.117654323577881, ""gain"": 0.5240240097045898}, {""feature"": ""text_area_frac"", ""current_value"": 0.0968918246722846, ""suggested_value"": 0.0011603461371527204, ""direction"": ""decrease"", ""coupled_feature_updates"": {""text_area_frac"": 0.0011603461371527204, ""background_area_frac"": 0.5455244619152817, ""text_share"": 0.002553154218250624, ""text_to_graphic_ratio"": 0.002559689500295716}, ""predicted_score"": 5.11186408996582, ""gain"": 0.5182337760925293}]","{""feature"": ""word_count"", ""current_value"": 29.0, ""suggested_value"": 1.0, ""direction"": ""decrease"", ""coupled_feature_updates"": {""word_count"": 1.0, ""char_count"": 4.0, ""text_block_count"": 1.0, ""text_area_frac"": 0.0033410974024925726, ""background_area_frac"": 0.5433437106499419, ""text_share"": 0.007316437943399034, ""text_to_graphic_ratio"": 0.0073703627450434845}, ""predicted_score"": 5.792178153991699, ""gain"": 1.1985478401184082}",word_count,1.1985478401184082,decrease,"['text_area_frac', 'graphic_area_frac', 'word_count', 'mean_text_height_frac']",The model suggests decreasing the amount of text as the most promising change for this poster.,Largest estimated gain among tested feature-group changes; not a causal diagnosis.
overall_rating-00165,5.974550724029541,"[{""feature"": ""graphic_area_frac"", ""current_value"": 0.6754462742047026, ""suggested_value"": 0.6731167127402558, ""direction"": ""decrease"", ""coupled_feature_updates"": {""graphic_area_frac"": 0.6731167127402558, ""background_area_frac"": 0.2420614727715008, ""text_share"": 0.11191120577866044, ""text_to_graphic_ratio"": 0.12601353210044972}, ""predicted_score"": 5.9764580726623535, ""gain"": 0.0019073486328125}, {""feature"": ""text_area_frac"", ""current_value"": 0.0848218144882434, ""suggested_value"": 0.08277534477593322, ""direction"": ""decrease"", ""coupled_feature_updates"": {""text_area_frac"": 0.08277534477593322, ""background_area_frac"": 0.24177838101936422, ""text_share"": 0.10917038330721511, ""text_to_graphic_ratio"": 0.1225491174311328}, ""predicted_score"": 5.9492998123168945, ""gain"": -0.025250911712646484}, {""feature"": ""word_count"", ""current_value"": 29.0, ""suggested_value"": 31.0, ""direction"": ""increase"", ""coupled_feature_updates"": {""word_count"": 31.0, ""char_count"": 158.0, ""text_block_count"": 12.0, ""text_area_frac"": 0.09067159479777742, ""background_area_frac"": 0.23388213099751998, ""text_share"": 0.11835201666270481, ""text_to_graphic_ratio"": 0.13423953652648063}, ""predicted_score"": 5.90449333190918, ""gain"": -0.07005739212036133}]","{""feature"": ""graphic_area_frac"", ""current_value"": 0.6754462742047026, ""suggested_value"": 0.6731167127402558, ""direction"": ""decrease"", ""coupled_feature_updates"": {""graphic_area_frac"": 0.6731167127402558, ""background_area_frac"": 0.2420614727715008, ""text_share"": 0.11191120577866044, ""text_to_graphic_ratio"": 0.12601353210044972}, ""predicted_score"": 5.9764580726623535, ""gain"": 0.0019073486328125}",graphic_area_frac,0.0019073486328125,decrease,"['text_area_frac', 'graphic_area_frac', 'word_count', 'mean_text_height_frac']",The model suggests decreasing graphic coverage as the most promising change for this poster.,Largest estimated gain among tested feature-group changes; not a causal diagnosis.
overall_rating-00166,4.50071382522583,"[{""feature"": ""word_count"", ""current_value"": 15.0, ""suggested_value"": 1.0, ""direction"": ""decrease"", ""coupled_feature_updates"": {""word_count"": 1.0, ""char_count"": 6.0, ""text_block_count"": 1.0, ""text_area_frac"": 0.008527991050047893, ""background_area_frac"": 0.8158984187919063, ""text_share"": 0.046322204264006454, ""text_to_graphic_ratio"": 0.048572174450447016}, ""predicted_score"": 5.458143711090088, ""gain"": 0.9574298858642578}, {""feature"": ""text_area_frac"", ""current_value"": 0.1279198657507184, ""suggested_value"": 0.0011603461371527204, ""direction"": ""decrease"", ""coupled_feature_updates"": {""text_area_frac"": 0.0011603461371527204, ""background_area_frac"": 0.8232660637048013, ""text_share"": 0.006565497048708261, ""text_to_graphic_ratio"": 0.006608887681274916}, ""predicted_score"": 5.425890922546387, ""gain"": 0.9251770973205566}, {""feature"": ""mean_text_height_frac"", ""current_value"": 0.0330078125, ""suggested_value"": 0.07097372555865916, ""direction"": ""increase"", ""coupled_feature_updates"": {""text_area_frac"": 0.2750545630763024, ""background_area_frac"": 0.5493718467656517, ""text_share"": 0.6103803348772592, ""text_to_graphic_ratio"": 1.5666055631072235, ""mean_text_height_frac"": 0.07097372555865916, ""max_text_height_frac"": 0.321271597943043, ""text_height_std_frac"": 0.08838597333864462}, ""predicted_score"": 5.328524112701416, ""gain"": 0.8278102874755859}]","{""feature"": ""word_count"", ""current_value"": 15.0, ""suggested_value"": 1.0, ""direction"": ""decrease"", ""coupled_feature_updates"": {""word_count"": 1.0, ""char_count"": 6.0, ""text_block_count"": 1.0, ""text_area_frac"": 0.008527991050047893, ""background_area_frac"": 0.8158984187919063, ""text_share"": 0.046322204264006454, ""text_to_graphic_ratio"": 0.048572174450447016}, ""predicted_score"": 5.458143711090088, ""gain"": 0.9574298858642578}",word_count,0.9574298858642578,decrease,"['text_area_frac', 'graphic_area_frac', 'word_count', 'mean_text_height_frac']",The model suggests decreasing the amount of text as the most promising change for this poster.,Largest estimated gain among tested feature-group changes; not a causal diagnosis.
overall_rating-00167,4.654652118682861,"[{""feature"": ""word_count"", ""current_value"": 19.0, ""suggested_value"": 1.0, ""direction"": ""decrease"", ""coupled_feature_updates"": {""word_count"": 1.0, ""char_count"": 5.0, ""text_block_count"": 1.0, ""text_area_frac"": 0.0040283818354453155, ""background_area_frac"": 0.652482123893009, ""text_share"": 0.011591869404165813, ""text_to_graphic_ratio"": 0.01172781672402672}, ""predicted_score"": 5.727063179016113, ""gain"": 1.072411060333252}, {""feature"": ""graphic_area_frac"", ""current_value"": 0.3434894942715458, ""suggested_value"": 0.14488246548566117, ""direction"": ""decrease"", ""coupled_feature_updates"": {""graphic_area_frac"": 0.14488246548566117, ""background_area_frac"": 0.7785782796408778, ""text_share"": 0.3456718462367765, ""text_to_graphic_ratio"": 0.5282851490474946}, ""predicted_score"": 5.237375259399414, ""gain"": 0.5827231407165527}, {""feature"": ""text_area_frac"", ""current_value"": 0.076539254873461, ""suggested_value"": 0.0011603461371527204, ""direction"": ""decrease"", ""coupled_feature_updates"": {""text_area_frac"": 0.0011603461371527204, ""background_area_frac"": 0.6553501595913014, ""text_share"": 0.0033667392266212544, ""text_to_graphic_ratio"": 0.0033781124503196834}, ""predicted_score"": 5.195078372955322, ""gain"": 0.5404262542724609}]","{""feature"": ""word_count"", ""current_value"": 19.0, ""suggested_value"": 1.0, ""direction"": ""decrease"", ""coupled_feature_updates"": {""word_count"": 1.0, ""char_count"": 5.0, ""text_block_count"": 1.0, ""text_area_frac"": 0.0040283818354453155, ""background_area_frac"": 0.652482123893009, ""text_share"": 0.011591869404165813, ""text_to_graphic_ratio"": 0.01172781672402672}, ""predicted_score"": 5.727063179016113, ""gain"": 1.072411060333252}",word_count,1.072411060333252,decrease,"['text_area_frac', 'graphic_area_frac', 'word_count', 'mean_text_height_frac']",The model suggests decreasing the amount of text as the most promising change for this poster.,Largest estimated gain among tested feature-group changes; not a causal diagnosis.
overall_rating-00168,4.498559474945068,"[{""feature"": ""graphic_area_frac"", ""current_value"": 0.6634359503248974, ""suggested_value"": 0.14488246548566117, ""direction"": ""decrease"", ""coupled_feature_updates"": {""graphic_area_frac"": 0.14488246548566117, ""background_area_frac"": 0.829307428495187, ""text_share"": 0.15120813865308744, ""text_to_graphic_ratio"": 0.1781451325571637}, ""predicted_score"": 5.890668869018555, ""gain"": 1.3921093940734863}, {""feature"": ""word_count"", ""current_value"": 9.0, ""suggested_value"": 2.0, ""direction"": ""decrease"", ""coupled_feature_updates"": {""word_count"": 2.0, ""char_count"": 9.0, ""text_block_count"": 1.0, ""text_area_frac"": 0.005735579115367067, ""background_area_frac"": 0.3308284705597355, ""text_share"": 0.00857116428752528, ""text_to_graphic_ratio"": 0.008645264267874302}, ""predicted_score"": 5.464483737945557, ""gain"": 0.9659242630004883}, {""feature"": ""mean_text_height_frac"", ""current_value"": 0.0218098958333333, ""suggested_value"": 0.0123654277510124, ""direction"": ""decrease"", ""coupled_feature_updates"": {""text_area_frac"": 0.014633403280084091, ""background_area_frac"": 0.32193064639501845, ""text_share"": 0.021580983128473577, ""text_to_graphic_ratio"": 0.02205699476025957, ""mean_text_height_frac"": 0.0123654277510124, ""max_text_height_frac"": 0.029344821080760815, ""text_height_std_frac"": 0.006371951614030756}, ""predicted_score"": 5.328685760498047, ""gain"": 0.8301262855529785}]","{""feature"": ""graphic_area_frac"", ""current_value"": 0.6634359503248974, ""suggested_value"": 0.14488246548566117, ""direction"": ""decrease"", ""coupled_feature_updates"": {""graphic_area_frac"": 0.14488246548566117, ""background_area_frac"": 0.829307428495187, ""text_share"": 0.15120813865308744, ""text_to_graphic_ratio"": 0.1781451325571637}, ""predicted_score"": 5.890668869018555, ""gain"": 1.3921093940734863}",graphic_area_frac,1.3921093940734863,decrease,"['text_area_frac', 'graphic_area_frac', 'word_count', 'mean_text_height_frac']",The model suggests decreasing graphic coverage as the most promising change for this poster.,Largest estimated gain among tested feature-group changes; not a causal diagnosis.
overall_rating-00169,5.820214748382568,"[{""feature"": ""graphic_area_frac"", ""current_value"": 0.7953108791493776, ""suggested_value"": 0.6731167127402558, ""direction"": ""decrease"", ""coupled_feature_updates"": {""graphic_area_frac"": 0.6731167127402558, ""background_area_frac"": 0.22464273141603752, ""text_share"": 0.1318625103372397, ""text_to_graphic_ratio"": 0.15189127518092035}, ""predicted_score"": 5.85054874420166, ""gain"": 0.030333995819091797}, {""feature"": ""text_area_frac"", ""current_value"": 0.1022405558437067, ""suggested_value"": 0.00529463026258678, ""direction"": ""decrease"", ""coupled_feature_updates"": {""text_area_frac"": 0.00529463026258678, ""background_area_frac"": 0.1993944905880356, ""text_share"": 0.006613282322370758, ""text_to_graphic_ratio"": 0.006657308986203781}, ""predicted_score"": 5.837677478790283, ""gain"": 0.017462730407714844}, {""feature"": ""mean_text_height_frac"", ""current_value"": 0.0191532258064516, ""suggested_value"": 0.01905924479166666, ""direction"": ""decrease"", ""coupled_feature_updates"": {""text_area_frac"": 0.10173888206366222, ""background_area_frac"": 0.10295023878696019, ""text_share"": 0.11341498149008515, ""text_to_graphic_ratio"": 0.12792341300860455, ""mean_text_height_frac"": 0.01905924479166666, ""max_text_height_frac"": 0.0932899876644737, ""text_height_std_frac"": 0.017907814478393628}, ""predicted_score"": 5.8201069831848145, ""gain"": -0.00010776519775390625}]","{""feature"": ""graphic_area_frac"", ""current_value"": 0.7953108791493776, ""suggested_value"": 0.6731167127402558, ""direction"": ""decrease"", ""coupled_feature_updates"": {""graphic_area_frac"": 0.6731167127402558, ""background_area_frac"": 0.22464273141603752, ""text_share"": 0.1318625103372397, ""text_to_graphic_ratio"": 0.15189127518092035}, ""predicted_score"": 5.85054874420166, ""gain"": 0.030333995819091797}",graphic_area_frac,0.030333995819091797,decrease,"['text_area_frac', 'graphic_area_frac', 'word_count', 'mean_text_height_frac']",The model suggests decreasing graphic coverage as the most promising change for this poster.,Largest estimated gain among tested feature-group changes; not a causal diagnosis.
overall_rating-00170,4.815187931060791,"[{""feature"": ""graphic_area_frac"", ""current_value"": 0.3939994724317529, ""suggested_value"": 0.14488246548566117, ""direction"": ""decrease"", ""coupled_feature_updates"": {""graphic_area_frac"": 0.14488246548566117, ""background_area_frac"": 0.7911554969784192, ""text_share"": 0.3062663206860181, ""text_to_graphic_ratio"": 0.44147535260055154}, ""predicted_score"": 5.41450309753418, ""gain"": 0.5993151664733887}, {""feature"": ""word_count"", ""current_value"": 7.0, ""suggested_value"": 1.0, ""direction"": ""decrease"", ""coupled_feature_updates"": {""word_count"": 1.0, ""char_count"": 4.0, ""text_block_count"": 1.0, ""text_area_frac"": 0.009137433933702786, ""background_area_frac"": 0.5968630936345443, ""text_share"": 0.0226658333420345, ""text_to_graphic_ratio"": 0.023191487738059187}, ""predicted_score"": 5.330151557922363, ""gain"": 0.5149636268615723}, {""feature"": ""text_area_frac"", ""current_value"": 0.0639620375359195, ""suggested_value"": 0.00529463026258678, ""direction"": ""decrease"", ""coupled_feature_updates"": {""text_area_frac"": 0.00529463026258678, ""background_area_frac"": 0.6007058973056603, ""text_share"": 0.013259976109989857, ""text_to_graphic_ratio"": 0.013438165868366478}, ""predicted_score"": 5.2882914543151855, ""gain"": 0.47310352325439453}]","{""feature"": ""graphic_area_frac"", ""current_value"": 0.3939994724317529, ""suggested_value"": 0.14488246548566117, ""direction"": ""decrease"", ""coupled_feature_updates"": {""graphic_area_frac"": 0.14488246548566117, ""background_area_frac"": 0.7911554969784192, ""text_share"": 0.3062663206860181, ""text_to_graphic_ratio"": 0.44147535260055154}, ""predicted_score"": 5.41450309753418, ""gain"": 0.5993151664733887}",graphic_area_frac,0.5993151664733887,decrease,"['text_area_frac', 'graphic_area_frac', 'word_count', 'mean_text_height_frac']",The model suggests decreasing graphic coverage as the most promising change for this poster.,Largest estimated gain among tested feature-group changes; not a causal diagnosis.
overall_rating-00171,4.830282688140869,"[{""feature"": ""word_count"", ""current_value"": 30.0, ""suggested_value"": 1.0, ""direction"": ""decrease"", ""coupled_feature_updates"": {""word_count"": 1.0, ""char_count"": 4.0, ""text_block_count"": 1.0, ""text_area_frac"": 0.004011521032831737, ""background_area_frac"": 0.8487746879274966, ""text_share"": 0.02652678296943077, ""text_to_graphic_ratio"": 0.02724962793567824}, ""predicted_score"": 5.94310188293457, ""gain"": 1.1128191947937012}, {""feature"": ""mean_text_height_frac"", ""current_value"": 0.0206705729166666, ""suggested_value"": 0.07097372555865916, ""direction"": ""increase"", ""coupled_feature_updates"": {""text_area_frac"": 0.41321437098740404, ""background_area_frac"": 0.4395718379729242, ""text_share"": 0.7373190695713836, ""text_to_graphic_ratio"": 2.806899870380008, ""mean_text_height_frac"": 0.07097372555865916, ""max_text_height_frac"": 0.3587805654225144, ""text_height_std_frac"": 0.07814488961304213}, ""predicted_score"": 5.667364120483398, ""gain"": 0.8370814323425293}, {""feature"": ""text_area_frac"", ""current_value"": 0.1203456309849521, ""suggested_value"": 0.0011603461371527204, ""direction"": ""decrease"", ""coupled_feature_updates"": {""text_area_frac"": 0.0011603461371527204, ""background_area_frac"": 0.8516258628231755, ""text_share"": 0.007820406974093346, ""text_to_graphic_ratio"": 0.007882047795644541}, ""predicted_score"": 5.606173515319824, ""gain"": 0.7758908271789551}]","{""feature"": ""word_count"", ""current_value"": 30.0, ""suggested_value"": 1.0, ""direction"": ""decrease"", ""coupled_feature_updates"": {""word_count"": 1.0, ""char_count"": 4.0, ""text_block_count"": 1.0, ""text_area_frac"": 0.004011521032831737, ""background_area_frac"": 0.8487746879274966, ""text_share"": 0.02652678296943077, ""text_to_graphic_ratio"": 0.02724962793567824}, ""predicted_score"": 5.94310188293457, ""gain"": 1.1128191947937012}",word_count,1.1128191947937012,decrease,"['text_area_frac', 'graphic_area_frac', 'word_count', 'mean_text_height_frac']",The model suggests decreasing the amount of text as the most promising change for this poster.,Largest estimated gain among tested feature-group changes; not a causal diagnosis.
overall_rating-00172,4.826922416687012,"[{""feature"": ""word_count"", ""current_value"": 19.0, ""suggested_value"": 2.0, ""direction"": ""decrease"", ""coupled_feature_updates"": {""word_count"": 2.0, ""char_count"": 9.0, ""text_block_count"": 1.0, ""text_area_frac"": 0.005093600580601084, ""background_area_frac"": 0.2001726327698088, ""text_share"": 0.00636837496351277, ""text_to_graphic_ratio"": 0.006409191095622501}, ""predicted_score"": 5.465743064880371, ""gain"": 0.6388206481933594}, {""feature"": ""graphic_area_frac"", ""current_value"": 0.7947337666495902, ""suggested_value"": 0.14488246548566117, ""direction"": ""decrease"", ""coupled_feature_updates"": {""graphic_area_frac"": 0.14488246548566117, ""background_area_frac"": 0.8067283289986286, ""text_share"": 0.2503688474622177, ""text_to_graphic_ratio"": 0.33398938479894463}, ""predicted_score"": 5.344367504119873, ""gain"": 0.5174450874328613}, {""feature"": ""text_area_frac"", ""current_value"": 0.0483892055157103, ""suggested_value"": 0.00529463026258678, ""direction"": ""decrease"", ""coupled_feature_updates"": {""text_area_frac"": 0.00529463026258678, ""background_area_frac"": 0.19997160308782302, ""text_share"": 0.0066180529128992876, ""text_to_graphic_ratio"": 0.006662143329970351}, ""predicted_score"": 5.124026775360107, ""gain"": 0.2971043586730957}]","{""feature"": ""word_count"", ""current_value"": 19.0, ""suggested_value"": 2.0, ""direction"": ""decrease"", ""coupled_feature_updates"": {""word_count"": 2.0, ""char_count"": 9.0, ""text_block_count"": 1.0, ""text_area_frac"": 0.005093600580601084, ""background_area_frac"": 0.2001726327698088, ""text_share"": 0.00636837496351277, ""text_to_graphic_ratio"": 0.006409191095622501}, ""predicted_score"": 5.465743064880371, ""gain"": 0.6388206481933594}",word_count,0.6388206481933594,decrease,"['text_area_frac', 'graphic_area_frac', 'word_count', 'mean_text_height_frac']",The model suggests decreasing the amount of text as the most promising change for this poster.,Largest estimated gain among tested feature-group changes; not a causal diagnosis.
overall_rating-00173,4.8291544914245605,"[{""feature"": ""graphic_area_frac"", ""current_value"": 0.5400124034662356, ""suggested_value"": 0.14488246548566117, ""direction"": ""decrease"", ""coupled_feature_updates"": {""graphic_area_frac"": 0.14488246548566117, ""background_area_frac"": 0.7744501045574423, ""text_share"": 0.35764782687492147, ""text_to_graphic_ratio"": 0.5567784181922281}, ""predicted_score"": 5.544753551483154, ""gain"": 0.7155990600585938}, {""feature"": ""text_area_frac"", ""current_value"": 0.0806674299568965, ""suggested_value"": 0.0011603461371527204, ""direction"": ""decrease"", ""coupled_feature_updates"": {""text_area_frac"": 0.0011603461371527204, ""background_area_frac"": 0.45882725039661165, ""text_share"": 0.0021441326046130527, ""text_to_graphic_ratio"": 0.002148739787650584}, ""predicted_score"": 5.26553201675415, ""gain"": 0.43637752532958984}, {""feature"": ""mean_text_height_frac"", ""current_value"": 0.034423828125, ""suggested_value"": 0.00997266006842618, ""direction"": ""decrease"", ""coupled_feature_updates"": {""text_area_frac"": 0.02336953503929068, ""background_area_frac"": 0.4366180614944738, ""text_share"": 0.04148080270603393, ""text_to_graphic_ratio"": 0.04327592271823043, ""mean_text_height_frac"": 0.00997266006842618, ""max_text_height_frac"": 0.017823477569102106, ""text_height_std_frac"": 0.0040475997022361675}, ""predicted_score"": 5.174681663513184, ""gain"": 0.34552717208862305}]","{""feature"": ""graphic_area_frac"", ""current_value"": 0.5400124034662356, ""suggested_value"": 0.14488246548566117, ""direction"": ""decrease"", ""coupled_feature_updates"": {""graphic_area_frac"": 0.14488246548566117, ""background_area_frac"": 0.7744501045574423, ""text_share"": 0.35764782687492147, ""text_to_graphic_ratio"": 0.5567784181922281}, ""predicted_score"": 5.544753551483154, ""gain"": 0.7155990600585938}",graphic_area_frac,0.7155990600585938,decrease,"['text_area_frac', 'graphic_area_frac', 'word_count', 'mean_text_height_frac']",The model suggests decreasing graphic coverage as the most promising change for this poster.,Largest estimated gain among tested feature-group changes; not a causal diagnosis.
overall_rating-00174,5.202023029327393,"[{""feature"": ""graphic_area_frac"", ""current_value"": 0.7150977123742817, ""suggested_value"": 0.14488246548566117, ""direction"": ""decrease"", ""coupled_feature_updates"": {""graphic_area_frac"": 0.14488246548566117, ""background_area_frac"": 0.7920801445179309, ""text_share"": 0.30318119378379565, ""text_to_graphic_ratio"": 0.4350932998351462}, ""predicted_score"": 5.607019424438477, ""gain"": 0.404996395111084}, {""feature"": ""word_count"", ""current_value"": 19.0, ""suggested_value"": 31.0, ""direction"": ""increase"", ""coupled_feature_updates"": {""word_count"": 31.0, ""char_count"": 153.0, ""text_block_count"": 11.0, ""text_area_frac"": 0.10285047841519199, ""background_area_frac"": 0.18205180921052633, ""text_share"": 0.12574204524607108, ""text_to_graphic_ratio"": 0.1438271674422028}, ""predicted_score"": 5.477231502532959, ""gain"": 0.2752084732055664}, {""feature"": ""text_area_frac"", ""current_value"": 0.063037389996408, ""suggested_value"": 0.00529463026258678, ""direction"": ""decrease"", ""coupled_feature_updates"": {""text_area_frac"": 0.00529463026258678, ""background_area_frac"": 0.27960765736313153, ""text_share"": 0.007349648169783045, ""text_to_graphic_ratio"": 0.0074040654458359875}, ""predicted_score"": 5.261996746063232, ""gain"": 0.059973716735839844}]","{""feature"": ""graphic_area_frac"", ""current_value"": 0.7150977123742817, ""suggested_value"": 0.14488246548566117, ""direction"": ""decrease"", ""coupled_feature_updates"": {""graphic_area_frac"": 0.14488246548566117, ""background_area_frac"": 0.7920801445179309, ""text_share"": 0.30318119378379565, ""text_to_graphic_ratio"": 0.4350932998351462}, ""predicted_score"": 5.607019424438477, ""gain"": 0.404996395111084}",graphic_area_frac,0.404996395111084,decrease,"['text_area_frac', 'graphic_area_frac', 'word_count', 'mean_text_height_frac']",The model suggests decreasing graphic coverage as the most promising change for this poster.,Largest estimated gain among tested feature-group changes; not a causal diagnosis.
overall_rating-00175,5.1625213623046875,"[{""feature"": ""mean_text_height_frac"", ""current_value"": 0.02099609375, ""suggested_value"": 0.05371093750000003, ""direction"": ""increase"", ""coupled_feature_updates"": {""text_area_frac"": 0.47496348006047856, ""background_area_frac"": 0.2541667058231422, ""text_share"": 0.6368225765312262, ""text_to_graphic_ratio"": 1.7534751209169819, ""mean_text_height_frac"": 0.05371093750000003, ""max_text_height_frac"": 0.26730559593023273, ""text_height_std_frac"": 0.0524925685523524}, ""predicted_score"": 5.70278787612915, ""gain"": 0.5402665138244629}, {""feature"": ""word_count"", ""current_value"": 30.0, ""suggested_value"": 1.0, ""direction"": ""decrease"", ""coupled_feature_updates"": {""word_count"": 1.0, ""char_count"": 5.0, ""text_block_count"": 1.0, ""text_area_frac"": 0.006188918073515323, ""background_area_frac"": 0.7229412678101055, ""text_share"": 0.022337928224090302, ""text_to_graphic_ratio"": 0.022848312181645507}, ""predicted_score"": 5.569980621337891, ""gain"": 0.4074592590332031}, {""feature"": ""text_area_frac"", ""current_value"": 0.1856675422054597, ""suggested_value"": 0.0011603461371527204, ""direction"": ""decrease"", ""coupled_feature_updates"": {""text_area_frac"": 0.0011603461371527204, ""background_area_frac"": 0.727969839746468, ""text_share"": 0.004265505472155287, ""text_to_graphic_ratio"": 0.004283777950444406}, ""predicted_score"": 5.426354885101318, ""gain"": 0.26383352279663086}]","{""feature"": ""mean_text_height_frac"", ""current_value"": 0.02099609375, ""suggested_value"": 0.05371093750000003, ""direction"": ""increase"", ""coupled_feature_updates"": {""text_area_frac"": 0.47496348006047856, ""background_area_frac"": 0.2541667058231422, ""text_share"": 0.6368225765312262, ""text_to_graphic_ratio"": 1.7534751209169819, ""mean_text_height_frac"": 0.05371093750000003, ""max_text_height_frac"": 0.26730559593023273, ""text_height_std_frac"": 0.0524925685523524}, ""predicted_score"": 5.70278787612915, ""gain"": 0.5402665138244629}",mean_text_height_frac,0.5402665138244629,increase,"['text_area_frac', 'graphic_area_frac', 'word_count', 'mean_text_height_frac']",The model suggests increasing text size as the most promising change for this poster.,Largest estimated gain among tested feature-group changes; not a causal diagnosis.
overall_rating-00176,5.3582048416137695,"[{""feature"": ""word_count"", ""current_value"": 32.0, ""suggested_value"": 1.0, ""direction"": ""decrease"", ""coupled_feature_updates"": {""word_count"": 1.0, ""char_count"": 5.0, ""text_block_count"": 1.0, ""text_area_frac"": 0.004902313359050828, ""background_area_frac"": 0.6525390118484181, ""text_share"": 0.014108960505552251, ""text_to_graphic_ratio"": 0.014310872033878251}, ""predicted_score"": 5.945319652557373, ""gain"": 0.5871148109436035}, {""feature"": ""graphic_area_frac"", ""current_value"": 0.3425586747925311, ""suggested_value"": 0.6125476270191077, ""direction"": ""increase"", ""coupled_feature_updates"": {""graphic_area_frac"": 0.6125476270191077, ""background_area_frac"": 0.23057834549126577, ""text_share"": 0.20388564133899836, ""text_to_graphic_ratio"": 0.25610094720803317}, ""predicted_score"": 5.6590447425842285, ""gain"": 0.300839900970459}, {""feature"": ""text_area_frac"", ""current_value"": 0.1568740274896265, ""suggested_value"": 0.0011603461371527204, ""direction"": ""decrease"", ""coupled_feature_updates"": {""text_area_frac"": 0.0011603461371527204, ""background_area_frac"": 0.6562809790703161, ""text_share"": 0.003375856634335339, ""text_to_graphic_ratio"": 0.003387291645308583}, ""predicted_score"": 5.657657623291016, ""gain"": 0.2994527816772461}]","{""feature"": ""word_count"", ""current_value"": 32.0, ""suggested_value"": 1.0, ""direction"": ""decrease"", ""coupled_feature_updates"": {""word_count"": 1.0, ""char_count"": 5.0, ""text_block_count"": 1.0, ""text_area_frac"": 0.004902313359050828, ""background_area_frac"": 0.6525390118484181, ""text_share"": 0.014108960505552251, ""text_to_graphic_ratio"": 0.014310872033878251}, ""predicted_score"": 5.945319652557373, ""gain"": 0.5871148109436035}",word_count,0.5871148109436035,decrease,"['text_area_frac', 'graphic_area_frac', 'word_count', 'mean_text_height_frac']",The model suggests decreasing the amount of text as the most promising change for this poster.,Largest estimated gain among tested feature-group changes; not a causal diagnosis.
overall_rating-00177,4.952240943908691,"[{""feature"": ""mean_text_height_frac"", ""current_value"": 0.022216796875, ""suggested_value"": 0.00997266006842618, ""direction"": ""decrease"", ""coupled_feature_updates"": {""text_area_frac"": 0.010932853944348215, ""background_area_frac"": 0.2193346707748901, ""text_share"": 0.014004533742007205, ""text_to_graphic_ratio"": 0.014203446386175185, ""mean_text_height_frac"": 0.00997266006842618, ""max_text_height_frac"": 0.014027477898445615, ""text_height_std_frac"": 0.0026671823588333347}, ""predicted_score"": 5.2074737548828125, ""gain"": 0.2552328109741211}, {""feature"": ""text_area_frac"", ""current_value"": 0.0243558883666992, ""suggested_value"": 0.0011603461371527204, ""direction"": ""decrease"", ""coupled_feature_updates"": {""text_area_frac"": 0.0011603461371527204, ""background_area_frac"": 0.2291071785820855, ""text_share"": 0.0015051977459311125, ""text_to_graphic_ratio"": 0.0015074667815327416}, ""predicted_score"": 5.12813663482666, ""gain"": 0.17589569091796875}, {""feature"": ""graphic_area_frac"", ""current_value"": 0.7697324752807617, ""suggested_value"": 0.7910785671149975, ""direction"": ""increase"", ""coupled_feature_updates"": {""graphic_area_frac"": 0.7910785671149975, ""background_area_frac"": 0.18456554451830331, ""text_share"": 0.02986860342111935, ""text_to_graphic_ratio"": 0.030788204078797444}, ""predicted_score"": 4.901425838470459, ""gain"": -0.05081510543823242}]","{""feature"": ""mean_text_height_frac"", ""current_value"": 0.022216796875, ""suggested_value"": 0.00997266006842618, ""direction"": ""decrease"", ""coupled_feature_updates"": {""text_area_frac"": 0.010932853944348215, ""background_area_frac"": 0.2193346707748901, ""text_share"": 0.014004533742007205, ""text_to_graphic_ratio"": 0.014203446386175185, ""mean_text_height_frac"": 0.00997266006842618, ""max_text_height_frac"": 0.014027477898445615, ""text_height_std_frac"": 0.0026671823588333347}, ""predicted_score"": 5.2074737548828125, ""gain"": 0.2552328109741211}",mean_text_height_frac,0.2552328109741211,decrease,"['text_area_frac', 'graphic_area_frac', 'word_count', 'mean_text_height_frac']",The model suggests decreasing text size as the most promising change for this poster.,Largest estimated gain among tested feature-group changes; not a causal diagnosis.
overall_rating-00178,5.287117004394531,"[{""feature"": ""word_count"", ""current_value"": 17.0, ""suggested_value"": 1.0, ""direction"": ""decrease"", ""coupled_feature_updates"": {""word_count"": 1.0, ""char_count"": 6.0, ""text_block_count"": 1.0, ""text_area_frac"": 0.003441078748309665, ""background_area_frac"": 0.7549102143551386, ""text_share"": 0.01404007408654654, ""text_to_graphic_ratio"": 0.014240004809058503}, ""predicted_score"": 5.987960338592529, ""gain"": 0.700843334197998}, {""feature"": ""graphic_area_frac"", ""current_value"": 0.2416487068965517, ""suggested_value"": 0.14488246548566117, ""direction"": ""decrease"", ""coupled_feature_updates"": {""graphic_area_frac"": 0.14488246548566117, ""background_area_frac"": 0.7966191957930745, ""text_share"": 0.2876295968509713, ""text_to_graphic_ratio"": 0.40376410302773186}, ""predicted_score"": 5.617847442626953, ""gain"": 0.3307304382324219}, {""feature"": ""text_area_frac"", ""current_value"": 0.0584983387212643, ""suggested_value"": 0.0011603461371527204, ""direction"": ""decrease"", ""coupled_feature_updates"": {""text_area_frac"": 0.0011603461371527204, ""background_area_frac"": 0.7571909469662955, ""text_share"": 0.004778842150468139, ""text_to_graphic_ratio"": 0.004801789142821514}, ""predicted_score"": 5.521097183227539, ""gain"": 0.2339801788330078}]","{""feature"": ""word_count"", ""current_value"": 17.0, ""suggested_value"": 1.0, ""direction"": ""decrease"", ""coupled_feature_updates"": {""word_count"": 1.0, ""char_count"": 6.0, ""text_block_count"": 1.0, ""text_area_frac"": 0.003441078748309665, ""background_area_frac"": 0.7549102143551386, ""text_share"": 0.01404007408654654, ""text_to_graphic_ratio"": 0.014240004809058503}, ""predicted_score"": 5.987960338592529, ""gain"": 0.700843334197998}",word_count,0.700843334197998,decrease,"['text_area_frac', 'graphic_area_frac', 'word_count', 'mean_text_height_frac']",The model suggests decreasing the amount of text as the most promising change for this poster.,Largest estimated gain among tested feature-group changes; not a causal diagnosis.
overall_rating-00179,4.758549690246582,"[{""feature"": ""word_count"", ""current_value"": 22.0, ""suggested_value"": 31.0, ""direction"": ""increase"", ""coupled_feature_updates"": {""word_count"": 31.0, ""char_count"": 161.0, ""text_block_count"": 14.0, ""text_area_frac"": 0.37103545728023773, ""background_area_frac"": 0.2056948543217738, ""text_share"": 0.4671195437912278, ""text_to_graphic_ratio"": 0.8765934992523339}, ""predicted_score"": 5.373664855957031, ""gain"": 0.6151151657104492}, {""feature"": ""mean_text_height_frac"", ""current_value"": 0.0514914772727272, ""suggested_value"": 0.07097372555865916, ""direction"": ""increase"", ""coupled_feature_updates"": {""text_area_frac"": 0.3629431901199089, ""background_area_frac"": 0.21378712148210255, ""text_share"": 0.46163475572175683, ""text_to_graphic_ratio"": 0.8574750332195857, ""mean_text_height_frac"": 0.07097372555865916, ""max_text_height_frac"": 0.26651857632199977, ""text_height_std_frac"": 0.05221006279514972}, ""predicted_score"": 5.242411136627197, ""gain"": 0.48386144638061523}, {""feature"": ""graphic_area_frac"", ""current_value"": 0.4232696883979885, ""suggested_value"": 0.14488246548566117, ""direction"": ""decrease"", ""coupled_feature_updates"": {""graphic_area_frac"": 0.14488246548566117, ""background_area_frac"": 0.5918020487025571, ""text_share"": 0.6450681219120347, ""text_to_graphic_ratio"": 1.8174420550417925}, ""predicted_score"": 5.212777614593506, ""gain"": 0.45422792434692383}]","{""feature"": ""word_count"", ""current_value"": 22.0, ""suggested_value"": 31.0, ""direction"": ""increase"", ""coupled_feature_updates"": {""word_count"": 31.0, ""char_count"": 161.0, ""text_block_count"": 14.0, ""text_area_frac"": 0.37103545728023773, ""background_area_frac"": 0.2056948543217738, ""text_share"": 0.4671195437912278, ""text_to_graphic_ratio"": 0.8765934992523339}, ""predicted_score"": 5.373664855957031, ""gain"": 0.6151151657104492}",word_count,0.6151151657104492,increase,"['text_area_frac', 'graphic_area_frac', 'word_count', 'mean_text_height_frac']",The model suggests increasing the amount of text as the most promising change for this poster.,Largest estimated gain among tested feature-group changes; not a causal diagnosis.
overall_rating-00180,4.21324348449707,"[{""feature"": ""graphic_area_frac"", ""current_value"": 0.8133685232579023, ""suggested_value"": 0.14488246548566117, ""direction"": ""decrease"", ""coupled_feature_updates"": {""graphic_area_frac"": 0.14488246548566117, ""background_area_frac"": 0.7857731783720975, ""text_share"": 0.32369595746833124, ""text_to_graphic_ratio"": 0.47862490405441244}, ""predicted_score"": 5.2125959396362305, ""gain"": 0.9993524551391602}, {""feature"": ""word_count"", ""current_value"": 19.0, ""suggested_value"": 1.0, ""direction"": ""decrease"", ""coupled_feature_updates"": {""word_count"": 1.0, ""char_count"": 5.0, ""text_block_count"": 1.0, ""text_area_frac"": 0.003649702954854805, ""background_area_frac"": 0.1829817737872429, ""text_share"": 0.004467101023893679, ""text_to_graphic_ratio"": 0.0044871455564030474}, ""predicted_score"": 4.9575982093811035, ""gain"": 0.7443547248840332}, {""feature"": ""text_area_frac"", ""current_value"": 0.0693443561422413, ""suggested_value"": 0.00529463026258678, ""direction"": ""decrease"", ""coupled_feature_updates"": {""text_area_frac"": 0.00529463026258678, ""background_area_frac"": 0.18133684647951087, ""text_share"": 0.006467409996185041, ""text_to_graphic_ratio"": 0.006509509664056624}, ""predicted_score"": 4.829584121704102, ""gain"": 0.6163406372070312}]","{""feature"": ""graphic_area_frac"", ""current_value"": 0.8133685232579023, ""suggested_value"": 0.14488246548566117, ""direction"": ""decrease"", ""coupled_feature_updates"": {""graphic_area_frac"": 0.14488246548566117, ""background_area_frac"": 0.7857731783720975, ""text_share"": 0.32369595746833124, ""text_to_graphic_ratio"": 0.47862490405441244}, ""predicted_score"": 5.2125959396362305, ""gain"": 0.9993524551391602}",graphic_area_frac,0.9993524551391602,decrease,"['text_area_frac', 'graphic_area_frac', 'word_count', 'mean_text_height_frac']",The model suggests decreasing graphic coverage as the most promising change for this poster.,Largest estimated gain among tested feature-group changes; not a causal diagnosis.
overall_rating-00181,4.2952680587768555,"[{""feature"": ""word_count"", ""current_value"": 16.0, ""suggested_value"": 1.0, ""direction"": ""decrease"", ""coupled_feature_updates"": {""word_count"": 1.0, ""char_count"": 4.0, ""text_block_count"": 1.0, ""text_area_frac"": 0.002304035343535956, ""background_area_frac"": 0.6584180858037243, ""text_share"": 0.006745191263879502, ""text_to_graphic_ratio"": 0.00679099784320451}, ""predicted_score"": 5.548935890197754, ""gain"": 1.2536678314208984}, {""feature"": ""graphic_area_frac"", ""current_value"": 0.3392778788527397, ""suggested_value"": 0.14488246548566117, ""direction"": ""decrease"", ""coupled_feature_updates"": {""graphic_area_frac"": 0.14488246548566117, ""background_area_frac"": 0.8182529690177635, ""text_share"": 0.20283448536872306, ""text_to_graphic_ratio"": 0.2544446311912309}, ""predicted_score"": 5.377118110656738, ""gain"": 1.0818500518798828}, {""feature"": ""text_area_frac"", ""current_value"": 0.0368645654965753, ""suggested_value"": 0.0011603461371527204, ""direction"": ""decrease"", ""coupled_feature_updates"": {""text_area_frac"": 0.0011603461371527204, ""background_area_frac"": 0.6595617750101075, ""text_share"": 0.0034083896929822466, ""text_to_graphic_ratio"": 0.003420046544373609}, ""predicted_score"": 4.951519966125488, ""gain"": 0.6562519073486328}]","{""feature"": ""word_count"", ""current_value"": 16.0, ""suggested_value"": 1.0, ""direction"": ""decrease"", ""coupled_feature_updates"": {""word_count"": 1.0, ""char_count"": 4.0, ""text_block_count"": 1.0, ""text_area_frac"": 0.002304035343535956, ""background_area_frac"": 0.6584180858037243, ""text_share"": 0.006745191263879502, ""text_to_graphic_ratio"": 0.00679099784320451}, ""predicted_score"": 5.548935890197754, ""gain"": 1.2536678314208984}",word_count,1.2536678314208984,decrease,"['text_area_frac', 'graphic_area_frac', 'word_count', 'mean_text_height_frac']",The model suggests decreasing the amount of text as the most promising change for this poster.,Largest estimated gain among tested feature-group changes; not a causal diagnosis.
overall_rating-00182,4.936625957489014,"[{""feature"": ""graphic_area_frac"", ""current_value"": 0.878993085242818, ""suggested_value"": 0.14488246548566117, ""direction"": ""decrease"", ""coupled_feature_updates"": {""graphic_area_frac"": 0.14488246548566117, ""background_area_frac"": 0.8411677867373211, ""text_share"": 0.08782694322811845, ""text_to_graphic_ratio"": 0.0962832025963714}, ""predicted_score"": 6.122564315795898, ""gain"": 1.1859383583068848}, {""feature"": ""mean_text_height_frac"", ""current_value"": 0.027587890625, ""suggested_value"": 0.00997266006842618, ""direction"": ""decrease"", ""coupled_feature_updates"": {""text_area_frac"": 0.005042650578526472, ""background_area_frac"": 0.11596426417865546, ""text_share"": 0.005704125268014669, ""text_to_graphic_ratio"": 0.005736848973201491, ""mean_text_height_frac"": 0.00997266006842618, ""max_text_height_frac"": 0.013767566112163574, ""text_height_std_frac"": 0.0026343375617572094}, ""predicted_score"": 5.691673755645752, ""gain"": 0.7550477981567383}, {""feature"": ""word_count"", ""current_value"": 4.0, ""suggested_value"": 1.0, ""direction"": ""decrease"", ""coupled_feature_updates"": {""word_count"": 1.0, ""char_count"": 4.0, ""text_block_count"": 1.0, ""text_area_frac"": 0.003487436944254425, ""background_area_frac"": 0.11751947781292749, ""text_share"": 0.0039518571306383365, ""text_to_graphic_ratio"": 0.003967536267126647}, ""predicted_score"": 5.340566158294678, ""gain"": 0.40394020080566406}]","{""feature"": ""graphic_area_frac"", ""current_value"": 0.878993085242818, ""suggested_value"": 0.14488246548566117, ""direction"": ""decrease"", ""coupled_feature_updates"": {""graphic_area_frac"": 0.14488246548566117, ""background_area_frac"": 0.8411677867373211, ""text_share"": 0.08782694322811845, ""text_to_graphic_ratio"": 0.0962832025963714}, ""predicted_score"": 6.122564315795898, ""gain"": 1.1859383583068848}",graphic_area_frac,1.1859383583068848,decrease,"['text_area_frac', 'graphic_area_frac', 'word_count', 'mean_text_height_frac']",The model suggests decreasing graphic coverage as the most promising change for this poster.,Largest estimated gain among tested feature-group changes; not a causal diagnosis.
overall_rating-00183,4.799829006195068,"[{""feature"": ""word_count"", ""current_value"": 36.0, ""suggested_value"": 1.0, ""direction"": ""decrease"", ""coupled_feature_updates"": {""word_count"": 1.0, ""char_count"": 5.0, ""text_block_count"": 1.0, ""text_area_frac"": 0.0022666803415144583, ""background_area_frac"": 0.6477801411482116, ""text_share"": 0.0064354132356525115, ""text_to_graphic_ratio"": 0.006477096025141298}, ""predicted_score"": 5.984351634979248, ""gain"": 1.1845226287841797}, {""feature"": ""graphic_area_frac"", ""current_value"": 0.3499531785102739, ""suggested_value"": 0.7150977123742817, ""direction"": ""increase"", ""coupled_feature_updates"": {""graphic_area_frac"": 0.7150977123742817, ""background_area_frac"": 0.20330179533119785, ""text_share"": 0.10242334150664102, ""text_to_graphic_ratio"": 0.11411096816907569}, ""predicted_score"": 5.476490497589111, ""gain"": 0.676661491394043}, {""feature"": ""text_area_frac"", ""current_value"": 0.0816004922945205, ""suggested_value"": 0.0011603461371527204, ""direction"": ""decrease"", ""coupled_feature_updates"": {""text_area_frac"": 0.0011603461371527204, ""background_area_frac"": 0.6488864753525734, ""text_share"": 0.003304760585106743, ""text_to_graphic_ratio"": 0.0033157182400578053}, ""predicted_score"": 5.329385280609131, ""gain"": 0.5295562744140625}]","{""feature"": ""word_count"", ""current_value"": 36.0, ""suggested_value"": 1.0, ""direction"": ""decrease"", ""coupled_feature_updates"": {""word_count"": 1.0, ""char_count"": 5.0, ""text_block_count"": 1.0, ""text_area_frac"": 0.0022666803415144583, ""background_area_frac"": 0.6477801411482116, ""text_share"": 0.0064354132356525115, ""text_to_graphic_ratio"": 0.006477096025141298}, ""predicted_score"": 5.984351634979248, ""gain"": 1.1845226287841797}",word_count,1.1845226287841797,decrease,"['text_area_frac', 'graphic_area_frac', 'word_count', 'mean_text_height_frac']",The model suggests decreasing the amount of text as the most promising change for this poster.,Largest estimated gain among tested feature-group changes; not a causal diagnosis.
overall_rating-00184,4.449881076812744,"[{""feature"": ""word_count"", ""current_value"": 14.0, ""suggested_value"": 1.0, ""direction"": ""decrease"", ""coupled_feature_updates"": {""word_count"": 1.0, ""char_count"": 6.0, ""text_block_count"": 1.0, ""text_area_frac"": 0.004902455998563214, ""background_area_frac"": 0.5450818292025863, ""text_share"": 0.010776566673452134, ""text_to_graphic_ratio"": 0.010893966226833945}, ""predicted_score"": 5.204127311706543, ""gain"": 0.7542462348937988}, {""feature"": ""mean_text_height_frac"", ""current_value"": 0.0388532366071428, ""suggested_value"": 0.00997266006842618, ""direction"": ""decrease"", ""coupled_feature_updates"": {""text_area_frac"": 0.01761674033383864, ""background_area_frac"": 0.5323675448673109, ""text_share"": 0.03767219349401219, ""text_to_graphic_ratio"": 0.03914694477216874, ""mean_text_height_frac"": 0.00997266006842618, ""max_text_height_frac"": 0.028825821741770504, ""text_height_std_frac"": 0.007343553315755952}, ""predicted_score"": 5.135087490081787, ""gain"": 0.685206413269043}, {""feature"": ""text_area_frac"", ""current_value"": 0.068634383979885, ""suggested_value"": 0.0011603461371527204, ""direction"": ""decrease"", ""coupled_feature_updates"": {""text_area_frac"": 0.0011603461371527204, ""background_area_frac"": 0.5488239390639967, ""text_share"": 0.00257182558566047, ""text_to_graphic_ratio"": 0.0025784569271572566}, ""predicted_score"": 5.084063529968262, ""gain"": 0.6341824531555176}]","{""feature"": ""word_count"", ""current_value"": 14.0, ""suggested_value"": 1.0, ""direction"": ""decrease"", ""coupled_feature_updates"": {""word_count"": 1.0, ""char_count"": 6.0, ""text_block_count"": 1.0, ""text_area_frac"": 0.004902455998563214, ""background_area_frac"": 0.5450818292025863, ""text_share"": 0.010776566673452134, ""text_to_graphic_ratio"": 0.010893966226833945}, ""predicted_score"": 5.204127311706543, ""gain"": 0.7542462348937988}",word_count,0.7542462348937988,decrease,"['text_area_frac', 'graphic_area_frac', 'word_count', 'mean_text_height_frac']",The model suggests decreasing the amount of text as the most promising change for this poster.,Largest estimated gain among tested feature-group changes; not a causal diagnosis.
overall_rating-00185,5.1099419593811035,"[{""feature"": ""graphic_area_frac"", ""current_value"": 0.3649681651659605, ""suggested_value"": 0.14488246548566117, ""direction"": ""decrease"", ""coupled_feature_updates"": {""graphic_area_frac"": 0.14488246548566117, ""background_area_frac"": 0.8111267042706948, ""text_share"": 0.23291185804631714, ""text_to_graphic_ratio"": 0.3036311543718016}, ""predicted_score"": 5.710658550262451, ""gain"": 0.6007165908813477}, {""feature"": ""word_count"", ""current_value"": 12.0, ""suggested_value"": 1.0, ""direction"": ""decrease"", ""coupled_feature_updates"": {""word_count"": 1.0, ""char_count"": 6.0, ""text_block_count"": 1.0, ""text_area_frac"": 0.003665902520303667, ""background_area_frac"": 0.631365932313736, ""text_share"": 0.009944557059831027, ""text_to_graphic_ratio"": 0.010044444612413486}, ""predicted_score"": 5.704792022705078, ""gain"": 0.5948500633239746}, {""feature"": ""text_area_frac"", ""current_value"": 0.043990830243644, ""suggested_value"": 0.0011603461371527204, ""direction"": ""decrease"", ""coupled_feature_updates"": {""text_area_frac"": 0.0011603461371527204, ""background_area_frac"": 0.6338714886968868, ""text_share"": 0.003169231844367576, ""text_to_graphic_ratio"": 0.0031793078079154686}, ""predicted_score"": 5.39337682723999, ""gain"": 0.2834348678588867}]","{""feature"": ""graphic_area_frac"", ""current_value"": 0.3649681651659605, ""suggested_value"": 0.14488246548566117, ""direction"": ""decrease"", ""coupled_feature_updates"": {""graphic_area_frac"": 0.14488246548566117, ""background_area_frac"": 0.8111267042706948, ""text_share"": 0.23291185804631714, ""text_to_graphic_ratio"": 0.3036311543718016}, ""predicted_score"": 5.710658550262451, ""gain"": 0.6007165908813477}",graphic_area_frac,0.6007165908813477,decrease,"['text_area_frac', 'graphic_area_frac', 'word_count', 'mean_text_height_frac']",The model suggests decreasing graphic coverage as the most promising change for this poster.,Largest estimated gain among tested feature-group changes; not a causal diagnosis.
overall_rating-00186,4.555189609527588,"[{""feature"": ""word_count"", ""current_value"": 14.0, ""suggested_value"": 1.0, ""direction"": ""decrease"", ""coupled_feature_updates"": {""word_count"": 1.0, ""char_count"": 4.0, ""text_block_count"": 1.0, ""text_area_frac"": 0.00802759803593722, ""background_area_frac"": 0.36008282058141605, ""text_share"": 0.01254474531099624, ""text_to_graphic_ratio"": 0.012704115200589188}, ""predicted_score"": 5.75707483291626, ""gain"": 1.2018852233886719}, {""feature"": ""mean_text_height_frac"", ""current_value"": 0.0404575892857142, ""suggested_value"": 0.0123654277510124, ""direction"": ""decrease"", ""coupled_feature_updates"": {""text_area_frac"": 0.0343496880046786, ""background_area_frac"": 0.33376073061267464, ""text_share"": 0.05155758536458925, ""text_to_graphic_ratio"": 0.05436026960520152, ""mean_text_height_frac"": 0.0123654277510124, ""max_text_height_frac"": 0.028355205015252634, ""text_height_std_frac"": 0.006935689663393358}, ""predicted_score"": 5.085748195648193, ""gain"": 0.5305585861206055}, {""feature"": ""text_area_frac"", ""current_value"": 0.1123863725031211, ""suggested_value"": 0.00529463026258678, ""direction"": ""decrease"", ""coupled_feature_updates"": {""text_area_frac"": 0.00529463026258678, ""background_area_frac"": 0.36281578835476647, ""text_share"": 0.008309418478709392, ""text_to_graphic_ratio"": 0.00837904345724695}, ""predicted_score"": 5.085050106048584, ""gain"": 0.5298604965209961}]","{""feature"": ""word_count"", ""current_value"": 14.0, ""suggested_value"": 1.0, ""direction"": ""decrease"", ""coupled_feature_updates"": {""word_count"": 1.0, ""char_count"": 4.0, ""text_block_count"": 1.0, ""text_area_frac"": 0.00802759803593722, ""background_area_frac"": 0.36008282058141605, ""text_share"": 0.01254474531099624, ""text_to_graphic_ratio"": 0.012704115200589188}, ""predicted_score"": 5.75707483291626, ""gain"": 1.2018852233886719}",word_count,1.2018852233886719,decrease,"['text_area_frac', 'graphic_area_frac', 'word_count', 'mean_text_height_frac']",The model suggests decreasing the amount of text as the most promising change for this poster.,Largest estimated gain among tested feature-group changes; not a causal diagnosis.
overall_rating-00187,4.578632354736328,"[{""feature"": ""word_count"", ""current_value"": 1.0, ""suggested_value"": 12.0, ""direction"": ""increase"", ""coupled_feature_updates"": {""word_count"": 12.0, ""char_count"": 24.0, ""text_block_count"": 12.0, ""text_area_frac"": 0.007438659667968001, ""background_area_frac"": 0.23701477050781328, ""text_share"": 0.009749415035096921, ""text_to_graphic_ratio"": 0.009845401944844562}, ""predicted_score"": 5.042062282562256, ""gain"": 0.46342992782592773}, {""feature"": ""graphic_area_frac"", ""current_value"": 0.7555465698242188, ""suggested_value"": 0.584478586189439, ""direction"": ""decrease"", ""coupled_feature_updates"": {""graphic_area_frac"": 0.584478586189439, ""background_area_frac"": 0.414901525504897, ""text_share"": 0.0010594597878569383, ""text_to_graphic_ratio"": 0.0010605834333562464}, ""predicted_score"": 4.961888790130615, ""gain"": 0.3832564353942871}, {""feature"": ""mean_text_height_frac"", ""current_value"": 0.0185546875, ""suggested_value"": 0.00997266006842618, ""direction"": ""decrease"", ""coupled_feature_updates"": {""text_area_frac"": 0.00033317377901297097, ""background_area_frac"": 0.24412025639676826, ""text_share"": 0.0004407761708558987, ""text_to_graphic_ratio"": 0.0004409705401620516, ""mean_text_height_frac"": 0.00997266006842618, ""max_text_height_frac"": 0.00997266006842618}, ""predicted_score"": 4.879147529602051, ""gain"": 0.30051517486572266}]","{""feature"": ""word_count"", ""current_value"": 1.0, ""suggested_value"": 12.0, ""direction"": ""increase"", ""coupled_feature_updates"": {""word_count"": 12.0, ""char_count"": 24.0, ""text_block_count"": 12.0, ""text_area_frac"": 0.007438659667968001, ""background_area_frac"": 0.23701477050781328, ""text_share"": 0.009749415035096921, ""text_to_graphic_ratio"": 0.009845401944844562}, ""predicted_score"": 5.042062282562256, ""gain"": 0.46342992782592773}",word_count,0.46342992782592773,increase,"['text_area_frac', 'graphic_area_frac', 'word_count', 'mean_text_height_frac']",The model suggests increasing the amount of text as the most promising change for this poster.,Largest estimated gain among tested feature-group changes; not a causal diagnosis.
overall_rating-00188,5.655595779418945,"[{""feature"": ""graphic_area_frac"", ""current_value"": 0.7513605625785176, ""suggested_value"": 0.14488246548566117, ""direction"": ""decrease"", ""coupled_feature_updates"": {""graphic_area_frac"": 0.14488246548566117, ""background_area_frac"": 0.8234062436851931, ""text_share"": 0.17957198199360574, ""text_to_graphic_ratio"": 0.21887597455527927}, ""predicted_score"": 6.494204521179199, ""gain"": 0.8386087417602539}, {""feature"": ""mean_text_height_frac"", ""current_value"": 0.04736328125, ""suggested_value"": 0.00997266006842618, ""direction"": ""decrease"", ""coupled_feature_updates"": {""text_area_frac"": 0.00667702733898046, ""background_area_frac"": 0.24196241008250197, ""text_share"": 0.008808306379248506, ""text_to_graphic_ratio"": 0.008886582117201164, ""mean_text_height_frac"": 0.00997266006842618, ""max_text_height_frac"": 0.011926067710695225, ""text_height_std_frac"": 0.0019534076422690456}, ""predicted_score"": 6.474428653717041, ""gain"": 0.8188328742980957}, {""feature"": ""text_area_frac"", ""current_value"": 0.0317112908291457, ""suggested_value"": 0.00529463026258678, ""direction"": ""decrease"", ""coupled_feature_updates"": {""text_area_frac"": 0.00529463026258678, ""background_area_frac"": 0.24334480715889562, ""text_share"": 0.00699741482339716, ""text_to_graphic_ratio"": 0.007046723672076532}, ""predicted_score"": 5.956182956695557, ""gain"": 0.30058717727661133}]","{""feature"": ""graphic_area_frac"", ""current_value"": 0.7513605625785176, ""suggested_value"": 0.14488246548566117, ""direction"": ""decrease"", ""coupled_feature_updates"": {""graphic_area_frac"": 0.14488246548566117, ""background_area_frac"": 0.8234062436851931, ""text_share"": 0.17957198199360574, ""text_to_graphic_ratio"": 0.21887597455527927}, ""predicted_score"": 6.494204521179199, ""gain"": 0.8386087417602539}",graphic_area_frac,0.8386087417602539,decrease,"['text_area_frac', 'graphic_area_frac', 'word_count', 'mean_text_height_frac']",The model suggests decreasing graphic coverage as the most promising change for this poster.,Largest estimated gain among tested feature-group changes; not a causal diagnosis.
overall_rating-00189,4.959188461303711,"[{""feature"": ""word_count"", ""current_value"": 32.0, ""suggested_value"": 1.0, ""direction"": ""decrease"", ""coupled_feature_updates"": {""word_count"": 1.0, ""char_count"": 6.0, ""text_block_count"": 1.0, ""text_area_frac"": 0.002590069907732522, ""background_area_frac"": 0.28542759355980807, ""text_share"": 0.003624643051409661, ""text_to_graphic_ratio"": 0.0036378288825911625}, ""predicted_score"": 5.861186981201172, ""gain"": 0.9019985198974609}, {""feature"": ""text_area_frac"", ""current_value"": 0.0828822370474407, ""suggested_value"": 0.00529463026258678, ""direction"": ""decrease"", ""coupled_feature_updates"": {""text_area_frac"": 0.00529463026258678, ""background_area_frac"": 0.28272303320495373, ""text_share"": 0.007381570171205094, ""text_to_graphic_ratio"": 0.00743646294425367}, ""predicted_score"": 5.2048869132995605, ""gain"": 0.2456984519958496}, {""feature"": ""graphic_area_frac"", ""current_value"": 0.7119823365324595, ""suggested_value"": 0.14488246548566117, ""direction"": ""decrease"", ""coupled_feature_updates"": {""graphic_area_frac"": 0.14488246548566117, ""background_area_frac"": 0.7722352974668981, ""text_share"": 0.36389412461922244, ""text_to_graphic_ratio"": 0.5720653411688625}, ""predicted_score"": 5.184858798980713, ""gain"": 0.22567033767700195}]","{""feature"": ""word_count"", ""current_value"": 32.0, ""suggested_value"": 1.0, ""direction"": ""decrease"", ""coupled_feature_updates"": {""word_count"": 1.0, ""char_count"": 6.0, ""text_block_count"": 1.0, ""text_area_frac"": 0.002590069907732522, ""background_area_frac"": 0.28542759355980807, ""text_share"": 0.003624643051409661, ""text_to_graphic_ratio"": 0.0036378288825911625}, ""predicted_score"": 5.861186981201172, ""gain"": 0.9019985198974609}",word_count,0.9019985198974609,decrease,"['text_area_frac', 'graphic_area_frac', 'word_count', 'mean_text_height_frac']",The model suggests decreasing the amount of text as the most promising change for this poster.,Largest estimated gain among tested feature-group changes; not a causal diagnosis.
overall_rating-00190,6.014607906341553,"[{""feature"": ""word_count"", ""current_value"": 41.0, ""suggested_value"": 1.0, ""direction"": ""decrease"", ""coupled_feature_updates"": {""word_count"": 1.0, ""char_count"": 5.0, ""text_block_count"": 1.0, ""text_area_frac"": 0.0014761271105319953, ""background_area_frac"": 0.4586982223880849, ""text_share"": 0.0027269947589019386, ""text_to_graphic_ratio"": 0.0027344515940674317}, ""predicted_score"": 6.482611179351807, ""gain"": 0.4680032730102539}, {""feature"": ""mean_text_height_frac"", ""current_value"": 0.0142911585365853, ""suggested_value"": 0.014341517857142801, ""direction"": ""increase"", ""coupled_feature_updates"": {""text_area_frac"": 0.06073447675340013, ""background_area_frac"": 0.39943987274521675, ""text_share"": 0.10112971873611244, ""text_to_graphic_ratio"": 0.11250757850611717, ""mean_text_height_frac"": 0.014341517857142801, ""max_text_height_frac"": 0.0235200892857143, ""text_height_std_frac"": 0.0029658406874227597}, ""predicted_score"": 6.020642280578613, ""gain"": 0.006034374237060547}, {""feature"": ""text_area_frac"", ""current_value"": 0.0605212115318118, ""suggested_value"": 0.05912382630096081, ""direction"": ""decrease"", ""coupled_feature_updates"": {""text_area_frac"": 0.05912382630096081, ""background_area_frac"": 0.4010505231976561, ""text_share"": 0.09871254352973072, ""text_to_graphic_ratio"": 0.10952392915388026}, ""predicted_score"": 5.983948707580566, ""gain"": -0.030659198760986328}]","{""feature"": ""word_count"", ""current_value"": 41.0, ""suggested_value"": 1.0, ""direction"": ""decrease"", ""coupled_feature_updates"": {""word_count"": 1.0, ""char_count"": 5.0, ""text_block_count"": 1.0, ""text_area_frac"": 0.0014761271105319953, ""background_area_frac"": 0.4586982223880849, ""text_share"": 0.0027269947589019386, ""text_to_graphic_ratio"": 0.0027344515940674317}, ""predicted_score"": 6.482611179351807, ""gain"": 0.4680032730102539}",word_count,0.4680032730102539,decrease,"['text_area_frac', 'graphic_area_frac', 'word_count', 'mean_text_height_frac']",The model suggests decreasing the amount of text as the most promising change for this poster.,Largest estimated gain among tested feature-group changes; not a causal diagnosis.
overall_rating-00191,5.437763214111328,"[{""feature"": ""mean_text_height_frac"", ""current_value"": 0.0364583333333333, ""suggested_value"": 0.00997266006842618, ""direction"": ""decrease"", ""coupled_feature_updates"": {""text_area_frac"": 0.006081212025852472, ""background_area_frac"": 0.5572654100591956, ""text_share"": 0.013735570167818954, ""text_to_graphic_ratio"": 0.013926863579736062, ""mean_text_height_frac"": 0.00997266006842618, ""max_text_height_frac"": 0.010150743283933797, ""text_height_std_frac"": 0.0001259238493009116}, ""predicted_score"": 6.30638313293457, ""gain"": 0.8686199188232422}, {""feature"": ""graphic_area_frac"", ""current_value"": 0.436653377914952, ""suggested_value"": 0.14488246548566117, ""direction"": ""decrease"", ""coupled_feature_updates"": {""graphic_area_frac"": 0.14488246548566117, ""background_area_frac"": 0.8328856672303883, ""text_share"": 0.13303387516497486, ""text_to_graphic_ratio"": 0.1534476046457869}, ""predicted_score"": 6.226227283477783, ""gain"": 0.7884640693664551}, {""feature"": ""text_area_frac"", ""current_value"": 0.0222318672839506, ""suggested_value"": 0.0011603461371527204, ""direction"": ""decrease"", ""coupled_feature_updates"": {""text_area_frac"": 0.0011603461371527204, ""background_area_frac"": 0.5621862759478953, ""text_share"": 0.002650319241739042, ""text_to_graphic_ratio"": 0.0026573620996439965}, ""predicted_score"": 5.9908013343811035, ""gain"": 0.5530381202697754}]","{""feature"": ""mean_text_height_frac"", ""current_value"": 0.0364583333333333, ""suggested_value"": 0.00997266006842618, ""direction"": ""decrease"", ""coupled_feature_updates"": {""text_area_frac"": 0.006081212025852472, ""background_area_frac"": 0.5572654100591956, ""text_share"": 0.013735570167818954, ""text_to_graphic_ratio"": 0.013926863579736062, ""mean_text_height_frac"": 0.00997266006842618, ""max_text_height_frac"": 0.010150743283933797, ""text_height_std_frac"": 0.0001259238493009116}, ""predicted_score"": 6.30638313293457, ""gain"": 0.8686199188232422}",mean_text_height_frac,0.8686199188232422,decrease,"['text_area_frac', 'graphic_area_frac', 'word_count', 'mean_text_height_frac']",The model suggests decreasing text size as the most promising change for this poster.,Largest estimated gain among tested feature-group changes; not a causal diagnosis.
overall_rating-00192,5.248202323913574,"[{""feature"": ""word_count"", ""current_value"": 26.0, ""suggested_value"": 1.0, ""direction"": ""decrease"", ""coupled_feature_updates"": {""word_count"": 1.0, ""char_count"": 5.0, ""text_block_count"": 1.0, ""text_area_frac"": 0.0016298080674397386, ""background_area_frac"": 0.7166898216922357, ""text_share"": 0.00575273390167173, ""text_to_graphic_ratio"": 0.005786019331234249}, ""predicted_score"": 6.323538780212402, ""gain"": 1.0753364562988281}, {""feature"": ""graphic_area_frac"", ""current_value"": 0.2816803702403246, ""suggested_value"": 0.14488246548566117, ""direction"": ""decrease"", ""coupled_feature_updates"": {""graphic_area_frac"": 0.14488246548566117, ""background_area_frac"": 0.8127425247609056, ""text_share"": 0.2262927538637797, ""text_to_graphic_ratio"": 0.29247852465367524}, ""predicted_score"": 5.60805606842041, ""gain"": 0.35985374450683594}, {""feature"": ""text_area_frac"", ""current_value"": 0.0423750097534332, ""suggested_value"": 0.0011603461371527204, ""direction"": ""decrease"", ""coupled_feature_updates"": {""text_area_frac"": 0.0011603461371527204, ""background_area_frac"": 0.7171592836225227, ""text_share"": 0.004102472062770942, ""text_to_graphic_ratio"": 0.004119371669963136}, ""predicted_score"": 5.429225921630859, ""gain"": 0.18102359771728516}]","{""feature"": ""word_count"", ""current_value"": 26.0, ""suggested_value"": 1.0, ""direction"": ""decrease"", ""coupled_feature_updates"": {""word_count"": 1.0, ""char_count"": 5.0, ""text_block_count"": 1.0, ""text_area_frac"": 0.0016298080674397386, ""background_area_frac"": 0.7166898216922357, ""text_share"": 0.00575273390167173, ""text_to_graphic_ratio"": 0.005786019331234249}, ""predicted_score"": 6.323538780212402, ""gain"": 1.0753364562988281}",word_count,1.0753364562988281,decrease,"['text_area_frac', 'graphic_area_frac', 'word_count', 'mean_text_height_frac']",The model suggests decreasing the amount of text as the most promising change for this poster.,Largest estimated gain among tested feature-group changes; not a causal diagnosis.
overall_rating-00193,5.508904933929443,"[{""feature"": ""graphic_area_frac"", ""current_value"": 0.7907406160201149, ""suggested_value"": 0.14488246548566117, ""direction"": ""decrease"", ""coupled_feature_updates"": {""graphic_area_frac"": 0.14488246548566117, ""background_area_frac"": 0.8431841091371837, ""text_share"": 0.07609831702320621, ""text_to_graphic_ratio"": 0.08236625003000198}, ""predicted_score"": 6.03995418548584, ""gain"": 0.5310492515563965}, {""feature"": ""word_count"", ""current_value"": 8.0, ""suggested_value"": 3.0, ""direction"": ""decrease"", ""coupled_feature_updates"": {""word_count"": 3.0, ""char_count"": 14.0, ""text_block_count"": 1.0, ""text_area_frac"": 0.004475034516433163, ""background_area_frac"": 0.20478434946345192, ""text_share"": 0.00562744774126838, ""text_to_graphic_ratio"": 0.0056592951288584456}, ""predicted_score"": 5.691445827484131, ""gain"": 0.1825408935546875}, {""feature"": ""text_area_frac"", ""current_value"": 0.0119334253771551, ""suggested_value"": 0.00529463026258678, ""direction"": ""decrease"", ""coupled_feature_updates"": {""text_area_frac"": 0.00529463026258678, ""background_area_frac"": 0.20396475371729827, ""text_share"": 0.006651251043608262, ""text_to_graphic_ratio"": 0.006695786399888298}, ""predicted_score"": 5.672372817993164, ""gain"": 0.1634678840637207}]","{""feature"": ""graphic_area_frac"", ""current_value"": 0.7907406160201149, ""suggested_value"": 0.14488246548566117, ""direction"": ""decrease"", ""coupled_feature_updates"": {""graphic_area_frac"": 0.14488246548566117, ""background_area_frac"": 0.8431841091371837, ""text_share"": 0.07609831702320621, ""text_to_graphic_ratio"": 0.08236625003000198}, ""predicted_score"": 6.03995418548584, ""gain"": 0.5310492515563965}",graphic_area_frac,0.5310492515563965,decrease,"['text_area_frac', 'graphic_area_frac', 'word_count', 'mean_text_height_frac']",The model suggests decreasing graphic coverage as the most promising change for this poster.,Largest estimated gain among tested feature-group changes; not a causal diagnosis.
overall_rating-00194,4.406983852386475,"[{""feature"": ""graphic_area_frac"", ""current_value"": 0.9348261745541838, ""suggested_value"": 0.14488246548566117, ""direction"": ""decrease"", ""coupled_feature_updates"": {""graphic_area_frac"": 0.14488246548566117, ""background_area_frac"": 0.8231749654985638, ""text_share"": 0.18064506027575844, ""text_to_graphic_ratio"": 0.2204722904783555}, ""predicted_score"": 5.823180675506592, ""gain"": 1.4161968231201172}, {""feature"": ""mean_text_height_frac"", ""current_value"": 0.0289713541666666, ""suggested_value"": 0.00997266006842618, ""direction"": ""decrease"", ""coupled_feature_updates"": {""text_area_frac"": 0.010995426056855901, ""background_area_frac"": 0.0541783993889603, ""text_share"": 0.011625264267333716, ""text_to_graphic_ratio"": 0.011762000633004945, ""mean_text_height_frac"": 0.00997266006842618, ""max_text_height_frac"": 0.014118597400243838, ""text_height_std_frac"": 0.003923433032633396}, ""predicted_score"": 5.627350807189941, ""gain"": 1.2203669548034668}, {""feature"": ""word_count"", ""current_value"": 6.0, ""suggested_value"": 1.0, ""direction"": ""decrease"", ""coupled_feature_updates"": {""word_count"": 1.0, ""char_count"": 4.0, ""text_block_count"": 1.0, ""text_area_frac"": 0.005323761502629167, ""background_area_frac"": 0.05985006394318704, ""text_share"": 0.005662672833822811, ""text_to_graphic_ratio"": 0.0056949213100157955}, ""predicted_score"": 5.277328014373779, ""gain"": 0.8703441619873047}]","{""feature"": ""graphic_area_frac"", ""current_value"": 0.9348261745541838, ""suggested_value"": 0.14488246548566117, ""direction"": ""decrease"", ""coupled_feature_updates"": {""graphic_area_frac"": 0.14488246548566117, ""background_area_frac"": 0.8231749654985638, ""text_share"": 0.18064506027575844, ""text_to_graphic_ratio"": 0.2204722904783555}, ""predicted_score"": 5.823180675506592, ""gain"": 1.4161968231201172}",graphic_area_frac,1.4161968231201172,decrease,"['text_area_frac', 'graphic_area_frac', 'word_count', 'mean_text_height_frac']",The model suggests decreasing graphic coverage as the most promising change for this poster.,Largest estimated gain among tested feature-group changes; not a causal diagnosis.
overall_rating-00195,5.064558029174805,"[{""feature"": ""word_count"", ""current_value"": 24.0, ""suggested_value"": 2.0, ""direction"": ""decrease"", ""coupled_feature_updates"": {""word_count"": 2.0, ""char_count"": 9.0, ""text_block_count"": 1.0, ""text_area_frac"": 0.005996879489942525, ""background_area_frac"": 0.5964383530890804, ""text_share"": 0.014859884569918633, ""text_to_graphic_ratio"": 0.015084031537413611}, ""predicted_score"": 5.635763168334961, ""gain"": 0.5712051391601562}, {""feature"": ""text_area_frac"", ""current_value"": 0.0719625538793103, ""suggested_value"": 0.00529463026258678, ""direction"": ""decrease"", ""coupled_feature_updates"": {""text_area_frac"": 0.00529463026258678, ""background_area_frac"": 0.5971406023164362, ""text_share"": 0.013142625672953974, ""text_to_graphic_ratio"": 0.013317654622499165}, ""predicted_score"": 5.459048271179199, ""gain"": 0.39449024200439453}, {""feature"": ""graphic_area_frac"", ""current_value"": 0.397564767420977, ""suggested_value"": 0.14488246548566117, ""direction"": ""decrease"", ""coupled_feature_updates"": {""graphic_area_frac"": 0.14488246548566117, ""background_area_frac"": 0.7831549806350285, ""text_share"": 0.331861686701645, ""text_to_graphic_ratio"": 0.49669608836434626}, ""predicted_score"": 5.168328285217285, ""gain"": 0.10377025604248047}]","{""feature"": ""word_count"", ""current_value"": 24.0, ""suggested_value"": 2.0, ""direction"": ""decrease"", ""coupled_feature_updates"": {""word_count"": 2.0, ""char_count"": 9.0, ""text_block_count"": 1.0, ""text_area_frac"": 0.005996879489942525, ""background_area_frac"": 0.5964383530890804, ""text_share"": 0.014859884569918633, ""text_to_graphic_ratio"": 0.015084031537413611}, ""predicted_score"": 5.635763168334961, ""gain"": 0.5712051391601562}",word_count,0.5712051391601562,decrease,"['text_area_frac', 'graphic_area_frac', 'word_count', 'mean_text_height_frac']",The model suggests decreasing the amount of text as the most promising change for this poster.,Largest estimated gain among tested feature-group changes; not a causal diagnosis.
overall_rating-00196,4.56538200378418,"[{""feature"": ""word_count"", ""current_value"": 21.0, ""suggested_value"": 1.0, ""direction"": ""decrease"", ""coupled_feature_updates"": {""word_count"": 1.0, ""char_count"": 5.0, ""text_block_count"": 1.0, ""text_area_frac"": 0.004259699344895999, ""background_area_frac"": 0.5967233174474891, ""text_share"": 0.010562721647913132, ""text_to_graphic_ratio"": 0.010675483811874768}, ""predicted_score"": 5.415472030639648, ""gain"": 0.8500900268554688}, {""feature"": ""text_area_frac"", ""current_value"": 0.089453686242816, ""suggested_value"": 0.0011603461371527204, ""direction"": ""decrease"", ""coupled_feature_updates"": {""text_area_frac"": 0.0011603461371527204, ""background_area_frac"": 0.5998226706552323, ""text_share"": 0.002899579891376203, ""text_to_graphic_ratio"": 0.002908011904217555}, ""predicted_score"": 5.184669017791748, ""gain"": 0.6192870140075684}, {""feature"": ""mean_text_height_frac"", ""current_value"": 0.0259951636904761, ""suggested_value"": 0.0153718171296296, ""direction"": ""decrease"", ""coupled_feature_updates"": {""text_area_frac"": 0.052896982025914925, ""background_area_frac"": 0.5480860347664701, ""text_share"": 0.11705100106516962, ""text_to_graphic_ratio"": 0.13256824709737175, ""mean_text_height_frac"": 0.0153718171296296, ""max_text_height_frac"": 0.04446552468445644, ""text_height_std_frac"": 0.010956046162328578}, ""predicted_score"": 5.06388521194458, ""gain"": 0.4985032081604004}]","{""feature"": ""word_count"", ""current_value"": 21.0, ""suggested_value"": 1.0, ""direction"": ""decrease"", ""coupled_feature_updates"": {""word_count"": 1.0, ""char_count"": 5.0, ""text_block_count"": 1.0, ""text_area_frac"": 0.004259699344895999, ""background_area_frac"": 0.5967233174474891, ""text_share"": 0.010562721647913132, ""text_to_graphic_ratio"": 0.010675483811874768}, ""predicted_score"": 5.415472030639648, ""gain"": 0.8500900268554688}",word_count,0.8500900268554688,decrease,"['text_area_frac', 'graphic_area_frac', 'word_count', 'mean_text_height_frac']",The model suggests decreasing the amount of text as the most promising change for this poster.,Largest estimated gain among tested feature-group changes; not a causal diagnosis.
overall_rating-00197,4.035135746002197,"[{""feature"": ""text_area_frac"", ""current_value"": 0.0780811309814453, ""suggested_value"": 0.0011603461371527204, ""direction"": ""decrease"", ""coupled_feature_updates"": {""text_area_frac"": 0.0011603461371527204, ""background_area_frac"": 0.8897841347588433, ""text_share"": 0.010527941096445939, ""text_to_graphic_ratio"": 0.010639957946980411}, ""predicted_score"": 4.602170944213867, ""gain"": 0.5670351982116699}, {""feature"": ""mean_text_height_frac"", ""current_value"": 0.0315290178571428, ""suggested_value"": 0.00997266006842618, ""direction"": ""decrease"", ""coupled_feature_updates"": {""text_area_frac"": 0.024697140284051285, ""background_area_frac"": 0.8662473406119449, ""text_share"": 0.18464784473853135, ""text_to_graphic_ratio"": 0.22646391935925914, ""mean_text_height_frac"": 0.00997266006842618, ""max_text_height_frac"": 0.016988823567894187, ""text_height_std_frac"": 0.004128393074762286}, ""predicted_score"": 4.5292181968688965, ""gain"": 0.4940824508666992}, {""feature"": ""word_count"", ""current_value"": 14.0, ""suggested_value"": 1.0, ""direction"": ""decrease"", ""coupled_feature_updates"": {""word_count"": 1.0, ""char_count"": 4.0, ""text_block_count"": 1.0, ""text_area_frac"": 0.005577223641531807, ""background_area_frac"": 0.8853672572544643, ""text_share"": 0.04865297216094926, ""text_to_graphic_ratio"": 0.051141140653440276}, ""predicted_score"": 4.344629287719727, ""gain"": 0.3094935417175293}]","{""feature"": ""text_area_frac"", ""current_value"": 0.0780811309814453, ""suggested_value"": 0.0011603461371527204, ""direction"": ""decrease"", ""coupled_feature_updates"": {""text_area_frac"": 0.0011603461371527204, ""background_area_frac"": 0.8897841347588433, ""text_share"": 0.010527941096445939, ""text_to_graphic_ratio"": 0.010639957946980411}, ""predicted_score"": 4.602170944213867, ""gain"": 0.5670351982116699}",text_area_frac,0.5670351982116699,decrease,"['text_area_frac', 'graphic_area_frac', 'word_count', 'mean_text_height_frac']",The model suggests decreasing text coverage as the most promising change for this poster.,Largest estimated gain among tested feature-group changes; not a causal diagnosis.
overall_rating-00198,4.756651878356934,"[{""feature"": ""graphic_area_frac"", ""current_value"": 0.8175483791307471, ""suggested_value"": 0.14488246548566117, ""direction"": ""decrease"", ""coupled_feature_updates"": {""graphic_area_frac"": 0.14488246548566117, ""background_area_frac"": 0.7982145284978159, ""text_share"": 0.2819975372503813, ""text_to_graphic_ratio"": 0.39275288300608413}, ""predicted_score"": 5.578219413757324, ""gain"": 0.8215675354003906}, {""feature"": ""word_count"", ""current_value"": 16.0, ""suggested_value"": 2.0, ""direction"": ""decrease"", ""coupled_feature_updates"": {""word_count"": 2.0, ""char_count"": 12.0, ""text_block_count"": 1.0, ""text_area_frac"": 0.0071128757520653625, ""background_area_frac"": 0.1753387451171876, ""text_share"": 0.008625209090338712, ""text_to_graphic_ratio"": 0.008700250570648896}, ""predicted_score"": 5.189304351806641, ""gain"": 0.43265247344970703}, {""feature"": ""text_area_frac"", ""current_value"": 0.0569030060165229, ""suggested_value"": 0.00529463026258678, ""direction"": ""decrease"", ""coupled_feature_updates"": {""text_area_frac"": 0.00529463026258678, ""background_area_frac"": 0.17715699060666612, ""text_share"": 0.006434557020166469, ""text_to_graphic_ratio"": 0.006476228682902241}, ""predicted_score"": 5.1165690422058105, ""gain"": 0.35991716384887695}]","{""feature"": ""graphic_area_frac"", ""current_value"": 0.8175483791307471, ""suggested_value"": 0.14488246548566117, ""direction"": ""decrease"", ""coupled_feature_updates"": {""graphic_area_frac"": 0.14488246548566117, ""background_area_frac"": 0.7982145284978159, ""text_share"": 0.2819975372503813, ""text_to_graphic_ratio"": 0.39275288300608413}, ""predicted_score"": 5.578219413757324, ""gain"": 0.8215675354003906}",graphic_area_frac,0.8215675354003906,decrease,"['text_area_frac', 'graphic_area_frac', 'word_count', 'mean_text_height_frac']",The model suggests decreasing graphic coverage as the most promising change for this poster.,Largest estimated gain among tested feature-group changes; not a causal diagnosis.
overall_rating-00199,3.7688615322113037,"[{""feature"": ""mean_text_height_frac"", ""current_value"": 0.060546875, ""suggested_value"": 0.00997266006842618, ""direction"": ""decrease"", ""coupled_feature_updates"": {""text_area_frac"": 0.0133153107466033, ""background_area_frac"": 0.3998640868364045, ""text_share"": 0.022187158699455437, ""text_to_graphic_ratio"": 0.02269059861184202, ""mean_text_height_frac"": 0.00997266006842618, ""max_text_height_frac"": 0.013350496543215691, ""text_height_std_frac"": 0.004671559339397775}, ""predicted_score"": 4.7857770919799805, ""gain"": 1.0169155597686768}, {""feature"": ""text_area_frac"", ""current_value"": 0.080841064453125, ""suggested_value"": 0.0011603461371527204, ""direction"": ""decrease"", ""coupled_feature_updates"": {""text_area_frac"": 0.0011603461371527204, ""background_area_frac"": 0.41201905144585504, ""text_share"": 0.0019734417246103485, ""text_to_graphic_ratio"": 0.0019773438975617006}, ""predicted_score"": 4.452591419219971, ""gain"": 0.683729887008667}, {""feature"": ""word_count"", ""current_value"": 4.0, ""suggested_value"": 19.0, ""direction"": ""increase"", ""coupled_feature_updates"": {""word_count"": 19.0, ""char_count"": 214.0, ""text_block_count"": 19.0, ""text_area_frac"": 0.38399505615234375, ""background_area_frac"": 0.029184341430664062, ""text_share"": 0.39553858939422815, ""text_to_graphic_ratio"": 0.6543653282975204}, ""predicted_score"": 4.291375160217285, ""gain"": 0.5225136280059814}]","{""feature"": ""mean_text_height_frac"", ""current_value"": 0.060546875, ""suggested_value"": 0.00997266006842618, ""direction"": ""decrease"", ""coupled_feature_updates"": {""text_area_frac"": 0.0133153107466033, ""background_area_frac"": 0.3998640868364045, ""text_share"": 0.022187158699455437, ""text_to_graphic_ratio"": 0.02269059861184202, ""mean_text_height_frac"": 0.00997266006842618, ""max_text_height_frac"": 0.013350496543215691, ""text_height_std_frac"": 0.004671559339397775}, ""predicted_score"": 4.7857770919799805, ""gain"": 1.0169155597686768}",mean_text_height_frac,1.0169155597686768,decrease,"['text_area_frac', 'graphic_area_frac', 'word_count', 'mean_text_height_frac']",The model suggests decreasing text size as the most promising change for this poster.,Largest estimated gain among tested feature-group changes; not a causal diagnosis.
overall_rating-00200,4.139983654022217,"[{""feature"": ""word_count"", ""current_value"": 26.0, ""suggested_value"": 1.0, ""direction"": ""decrease"", ""coupled_feature_updates"": {""word_count"": 1.0, ""char_count"": 5.0, ""text_block_count"": 1.0, ""text_area_frac"": 0.004580893040355677, ""background_area_frac"": 0.2029887354651163, ""text_share"": 0.005747588828658494, ""text_to_graphic_ratio"": 0.0057808145739241265}, ""predicted_score"": 5.305755615234375, ""gain"": 1.1657719612121582}, {""feature"": ""mean_text_height_frac"", ""current_value"": 0.02734375, ""suggested_value"": 0.014341517857142801, ""direction"": ""decrease"", ""coupled_feature_updates"": {""text_area_frac"": 0.062468423052360236, ""background_area_frac"": 0.14510120545311178, ""text_share"": 0.07307113245547343, ""text_to_graphic_ratio"": 0.0788314346591038, ""mean_text_height_frac"": 0.014341517857142801, ""max_text_height_frac"": 0.028683035714285602, ""text_height_std_frac"": 0.006279537961373715}, ""predicted_score"": 5.009225368499756, ""gain"": 0.8692417144775391}, {""feature"": ""text_area_frac"", ""current_value"": 0.1191032190492476, ""suggested_value"": 0.00529463026258678, ""direction"": ""decrease"", ""coupled_feature_updates"": {""text_area_frac"": 0.00529463026258678, ""background_area_frac"": 0.2022749982428852, ""text_share"": 0.006637162243786423, ""text_to_graphic_ratio"": 0.006681508499732385}, ""predicted_score"": 4.882333278656006, ""gain"": 0.7423496246337891}]","{""feature"": ""word_count"", ""current_value"": 26.0, ""suggested_value"": 1.0, ""direction"": ""decrease"", ""coupled_feature_updates"": {""word_count"": 1.0, ""char_count"": 5.0, ""text_block_count"": 1.0, ""text_area_frac"": 0.004580893040355677, ""background_area_frac"": 0.2029887354651163, ""text_share"": 0.005747588828658494, ""text_to_graphic_ratio"": 0.0057808145739241265}, ""predicted_score"": 5.305755615234375, ""gain"": 1.1657719612121582}",word_count,1.1657719612121582,decrease,"['text_area_frac', 'graphic_area_frac', 'word_count', 'mean_text_height_frac']",The model suggests decreasing the amount of text as the most promising change for this poster.,Largest estimated gain among tested feature-group changes; not a causal diagnosis.
overall_rating-00201,4.692013740539551,"[{""feature"": ""graphic_area_frac"", ""current_value"": 0.701623675466954, ""suggested_value"": 0.14488246548566117, ""direction"": ""decrease"", ""coupled_feature_updates"": {""graphic_area_frac"": 0.14488246548566117, ""background_area_frac"": 0.799875807233448, ""text_share"": 0.27603722726982416, ""text_to_graphic_ratio"": 0.38128649381907437}, ""predicted_score"": 5.439980983734131, ""gain"": 0.7479672431945801}, {""feature"": ""word_count"", ""current_value"": 27.0, ""suggested_value"": 2.0, ""direction"": ""decrease"", ""coupled_feature_updates"": {""word_count"": 2.0, ""char_count"": 11.0, ""text_block_count"": 1.0, ""text_area_frac"": 0.004091979798584503, ""background_area_frac"": 0.2942843447344614, ""text_share"": 0.005798340688708145, ""text_to_graphic_ratio"": 0.0058321575249882405}, ""predicted_score"": 5.378449440002441, ""gain"": 0.6864356994628906}, {""feature"": ""mean_text_height_frac"", ""current_value"": 0.0153718171296296, ""suggested_value"": 0.02337646484375, ""direction"": ""increase"", ""coupled_feature_updates"": {""text_area_frac"": 0.08400804438407249, ""background_area_frac"": 0.21436828014897347, ""text_share"": 0.10693056588906862, ""text_to_graphic_ratio"": 0.1197337651528967, ""mean_text_height_frac"": 0.02337646484375, ""max_text_height_frac"": 0.06237390854779424, ""text_height_std_frac"": 0.010077195863865896}, ""predicted_score"": 5.0985941886901855, ""gain"": 0.40658044815063477}]","{""feature"": ""graphic_area_frac"", ""current_value"": 0.701623675466954, ""suggested_value"": 0.14488246548566117, ""direction"": ""decrease"", ""coupled_feature_updates"": {""graphic_area_frac"": 0.14488246548566117, ""background_area_frac"": 0.799875807233448, ""text_share"": 0.27603722726982416, ""text_to_graphic_ratio"": 0.38128649381907437}, ""predicted_score"": 5.439980983734131, ""gain"": 0.7479672431945801}",graphic_area_frac,0.7479672431945801,decrease,"['text_area_frac', 'graphic_area_frac', 'word_count', 'mean_text_height_frac']",The model suggests decreasing graphic coverage as the most promising change for this poster.,Largest estimated gain among tested feature-group changes; not a causal diagnosis.
overall_rating-00202,5.2512335777282715,"[{""feature"": ""word_count"", ""current_value"": 26.0, ""suggested_value"": 2.0, ""direction"": ""decrease"", ""coupled_feature_updates"": {""word_count"": 2.0, ""char_count"": 11.0, ""text_block_count"": 1.0, ""text_area_frac"": 0.0029243418683376544, ""background_area_frac"": 0.4407532388900893, ""text_share"": 0.005229072516278594, ""text_to_graphic_ratio"": 0.005256559446812104}, ""predicted_score"": 6.408234119415283, ""gain"": 1.1570005416870117}, {""feature"": ""graphic_area_frac"", ""current_value"": 0.556322419241573, ""suggested_value"": 0.14488246548566117, ""direction"": ""decrease"", ""coupled_feature_updates"": {""graphic_area_frac"": 0.14488246548566117, ""background_area_frac"": 0.8171010902259493, ""text_share"": 0.20785495296475082, ""text_to_graphic_ratio"": 0.262395067346172}, ""predicted_score"": 5.7474870681762695, ""gain"": 0.49625349044799805}, {""feature"": ""text_area_frac"", ""current_value"": 0.0380164442883895, ""suggested_value"": 0.0011603461371527204, ""direction"": ""decrease"", ""coupled_feature_updates"": {""text_area_frac"": 0.0011603461371527204, ""background_area_frac"": 0.44251723462127424, ""text_share"": 0.002081402707336503, ""text_to_graphic_ratio"": 0.002085743980504336}, ""predicted_score"": 5.522992134094238, ""gain"": 0.2717585563659668}]","{""feature"": ""word_count"", ""current_value"": 26.0, ""suggested_value"": 2.0, ""direction"": ""decrease"", ""coupled_feature_updates"": {""word_count"": 2.0, ""char_count"": 11.0, ""text_block_count"": 1.0, ""text_area_frac"": 0.0029243418683376544, ""background_area_frac"": 0.4407532388900893, ""text_share"": 0.005229072516278594, ""text_to_graphic_ratio"": 0.005256559446812104}, ""predicted_score"": 6.408234119415283, ""gain"": 1.1570005416870117}",word_count,1.1570005416870117,decrease,"['text_area_frac', 'graphic_area_frac', 'word_count', 'mean_text_height_frac']",The model suggests decreasing the amount of text as the most promising change for this poster.,Largest estimated gain among tested feature-group changes; not a causal diagnosis.
overall_rating-00203,5.383594036102295,"[{""feature"": ""word_count"", ""current_value"": 25.0, ""suggested_value"": 1.0, ""direction"": ""decrease"", ""coupled_feature_updates"": {""word_count"": 1.0, ""char_count"": 6.0, ""text_block_count"": 1.0, ""text_area_frac"": 0.003144426243279568, ""background_area_frac"": 0.42741200436827953, ""text_share"": 0.005491603504209706, ""text_to_graphic_ratio"": 0.005521927741947377}, ""predicted_score"": 6.02445650100708, ""gain"": 0.6408624649047852}, {""feature"": ""text_area_frac"", ""current_value"": 0.0786106560819892, ""suggested_value"": 0.0011603461371527204, ""direction"": ""decrease"", ""coupled_feature_updates"": {""text_area_frac"": 0.0011603461371527204, ""background_area_frac"": 0.42939608447440636, ""text_share"": 0.0020335404394901577, ""text_to_graphic_ratio"": 0.0020376841526174136}, ""predicted_score"": 5.5563178062438965, ""gain"": 0.17272377014160156}, {""feature"": ""mean_text_height_frac"", ""current_value"": 0.025859375, ""suggested_value"": 0.02085774739583332, ""direction"": ""decrease"", ""coupled_feature_updates"": {""text_area_frac"": 0.06340606480933351, ""background_area_frac"": 0.3671503658022256, ""text_share"": 0.10019135886790799, ""text_to_graphic_ratio"": 0.11134740686847872, ""mean_text_height_frac"": 0.02085774739583332, ""max_text_height_frac"": 0.04332236052759942, ""text_height_std_frac"": 0.008204336728700346}, ""predicted_score"": 5.538558006286621, ""gain"": 0.15496397018432617}]","{""feature"": ""word_count"", ""current_value"": 25.0, ""suggested_value"": 1.0, ""direction"": ""decrease"", ""coupled_feature_updates"": {""word_count"": 1.0, ""char_count"": 6.0, ""text_block_count"": 1.0, ""text_area_frac"": 0.003144426243279568, ""background_area_frac"": 0.42741200436827953, ""text_share"": 0.005491603504209706, ""text_to_graphic_ratio"": 0.005521927741947377}, ""predicted_score"": 6.02445650100708, ""gain"": 0.6408624649047852}",word_count,0.6408624649047852,decrease,"['text_area_frac', 'graphic_area_frac', 'word_count', 'mean_text_height_frac']",The model suggests decreasing the amount of text as the most promising change for this poster.,Largest estimated gain among tested feature-group changes; not a causal diagnosis.
overall_rating-00204,4.60666561126709,"[{""feature"": ""word_count"", ""current_value"": 19.0, ""suggested_value"": 3.0, ""direction"": ""decrease"", ""coupled_feature_updates"": {""word_count"": 3.0, ""char_count"": 16.0, ""text_block_count"": 1.0, ""text_area_frac"": 0.003526003041975663, ""background_area_frac"": 0.48455752978976163, ""text_share"": 0.006840730529126712, ""text_to_graphic_ratio"": 0.006887848444259355}, ""predicted_score"": 6.330602169036865, ""gain"": 1.7239365577697754}, {""feature"": ""graphic_area_frac"", ""current_value"": 0.5119164671682627, ""suggested_value"": 0.14488246548566117, ""direction"": ""decrease"", ""coupled_feature_updates"": {""graphic_area_frac"": 0.14488246548566117, ""background_area_frac"": 0.8327861819151596, ""text_share"": 0.1335496842004337, ""text_to_graphic_ratio"": 0.15413426686467666}, ""predicted_score"": 5.55922794342041, ""gain"": 0.9525623321533203}, {""feature"": ""text_area_frac"", ""current_value"": 0.0223313525991792, ""suggested_value"": 0.0011603461371527204, ""direction"": ""decrease"", ""coupled_feature_updates"": {""text_area_frac"": 0.0011603461371527204, ""background_area_frac"": 0.48692318669458456, ""text_share"": 0.0022615446792018834, ""text_to_graphic_ratio"": 0.0022666708566171684}, ""predicted_score"": 5.069030284881592, ""gain"": 0.46236467361450195}]","{""feature"": ""word_count"", ""current_value"": 19.0, ""suggested_value"": 3.0, ""direction"": ""decrease"", ""coupled_feature_updates"": {""word_count"": 3.0, ""char_count"": 16.0, ""text_block_count"": 1.0, ""text_area_frac"": 0.003526003041975663, ""background_area_frac"": 0.48455752978976163, ""text_share"": 0.006840730529126712, ""text_to_graphic_ratio"": 0.006887848444259355}, ""predicted_score"": 6.330602169036865, ""gain"": 1.7239365577697754}",word_count,1.7239365577697754,decrease,"['text_area_frac', 'graphic_area_frac', 'word_count', 'mean_text_height_frac']",The model suggests decreasing the amount of text as the most promising change for this poster.,Largest estimated gain among tested feature-group changes; not a causal diagnosis.
overall_rating-00205,4.184032917022705,"[{""feature"": ""word_count"", ""current_value"": 13.0, ""suggested_value"": 1.0, ""direction"": ""decrease"", ""coupled_feature_updates"": {""word_count"": 1.0, ""char_count"": 7.0, ""text_block_count"": 1.0, ""text_area_frac"": 0.006551646427387262, ""background_area_frac"": 0.2056865337989059, ""text_share"": 0.00824818753070038, ""text_to_graphic_ratio"": 0.00831678594079273}, ""predicted_score"": 5.162354469299316, ""gain"": 0.9783215522766113}, {""feature"": ""text_area_frac"", ""current_value"": 0.0851714035560344, ""suggested_value"": 0.00529463026258678, ""direction"": ""decrease"", ""coupled_feature_updates"": {""text_area_frac"": 0.00529463026258678, ""background_area_frac"": 0.20694354996370634, ""text_share"": 0.006676233781774898, ""text_to_graphic_ratio"": 0.006721105453051432}, ""predicted_score"": 5.026744365692139, ""gain"": 0.8427114486694336}, {""feature"": ""graphic_area_frac"", ""current_value"": 0.7877618197737069, ""suggested_value"": 0.14488246548566117, ""direction"": ""decrease"", ""coupled_feature_updates"": {""graphic_area_frac"": 0.14488246548566117, ""background_area_frac"": 0.7699461309583044, ""text_share"": 0.37022373894784494, ""text_to_graphic_ratio"": 0.5878655037414704}, ""predicted_score"": 4.944421291351318, ""gain"": 0.7603883743286133}]","{""feature"": ""word_count"", ""current_value"": 13.0, ""suggested_value"": 1.0, ""direction"": ""decrease"", ""coupled_feature_updates"": {""word_count"": 1.0, ""char_count"": 7.0, ""text_block_count"": 1.0, ""text_area_frac"": 0.006551646427387262, ""background_area_frac"": 0.2056865337989059, ""text_share"": 0.00824818753070038, ""text_to_graphic_ratio"": 0.00831678594079273}, ""predicted_score"": 5.162354469299316, ""gain"": 0.9783215522766113}",word_count,0.9783215522766113,decrease,"['text_area_frac', 'graphic_area_frac', 'word_count', 'mean_text_height_frac']",The model suggests decreasing the amount of text as the most promising change for this poster.,Largest estimated gain among tested feature-group changes; not a causal diagnosis.
overall_rating-00206,4.066310405731201,"[{""feature"": ""text_area_frac"", ""current_value"": 0.0682859420776367, ""suggested_value"": 0.0011603461371527204, ""direction"": ""decrease"", ""coupled_feature_updates"": {""text_area_frac"": 0.0011603461371527204, ""background_area_frac"": 0.31953553093804254, ""text_share"": 0.0017052266354954514, ""text_to_graphic_ratio"": 0.0017081394002979788}, ""predicted_score"": 4.804181098937988, ""gain"": 0.7378706932067871}, {""feature"": ""word_count"", ""current_value"": 38.0, ""suggested_value"": 2.0, ""direction"": ""decrease"", ""coupled_feature_updates"": {""word_count"": 2.0, ""char_count"": 12.0, ""text_block_count"": 1.0, ""text_area_frac"": 0.003593996951454563, ""background_area_frac"": 0.31710188012374074, ""text_share"": 0.005262859637255691, ""text_to_graphic_ratio"": 0.005290703869101055}, ""predicted_score"": 4.7493133544921875, ""gain"": 0.6830029487609863}, {""feature"": ""graphic_area_frac"", ""current_value"": 0.6793041229248047, ""suggested_value"": 0.8306117266073996, ""direction"": ""increase"", ""coupled_feature_updates"": {""graphic_area_frac"": 0.8306117266073996, ""background_area_frac"": 0.10110233131496371, ""text_share"": 0.07596631347095342, ""text_to_graphic_ratio"": 0.08221162775602496}, ""predicted_score"": 4.385116100311279, ""gain"": 0.3188056945800781}]","{""feature"": ""text_area_frac"", ""current_value"": 0.0682859420776367, ""suggested_value"": 0.0011603461371527204, ""direction"": ""decrease"", ""coupled_feature_updates"": {""text_area_frac"": 0.0011603461371527204, ""background_area_frac"": 0.31953553093804254, ""text_share"": 0.0017052266354954514, ""text_to_graphic_ratio"": 0.0017081394002979788}, ""predicted_score"": 4.804181098937988, ""gain"": 0.7378706932067871}",text_area_frac,0.7378706932067871,decrease,"['text_area_frac', 'graphic_area_frac', 'word_count', 'mean_text_height_frac']",The model suggests decreasing text coverage as the most promising change for this poster.,Largest estimated gain among tested feature-group changes; not a causal diagnosis.
overall_rating-00207,3.999513626098633,"[{""feature"": ""graphic_area_frac"", ""current_value"": 0.4854904700969827, ""suggested_value"": 0.14488246548566117, ""direction"": ""decrease"", ""coupled_feature_updates"": {""graphic_area_frac"": 0.14488246548566117, ""background_area_frac"": 0.8138689937456607, ""text_share"": 0.22161026042224213, ""text_to_graphic_ratio"": 0.28470347070923097}, ""predicted_score"": 6.189547538757324, ""gain"": 2.1900339126586914}, {""feature"": ""mean_text_height_frac"", ""current_value"": 0.02333984375, ""suggested_value"": 0.00997266006842618, ""direction"": ""decrease"", ""coupled_feature_updates"": {""text_area_frac"": 0.017624697054994014, ""background_area_frac"": 0.49688483284802326, ""text_share"": 0.03503113840666644, ""text_to_graphic_ratio"": 0.03630286924370166, ""mean_text_height_frac"": 0.00997266006842618, ""max_text_height_frac"": 0.01710791057763487, ""text_height_std_frac"": 0.0039780585102367275}, ""predicted_score"": 5.333146572113037, ""gain"": 1.3336329460144043}, {""feature"": ""word_count"", ""current_value"": 10.0, ""suggested_value"": 1.0, ""direction"": ""decrease"", ""coupled_feature_updates"": {""word_count"": 1.0, ""char_count"": 5.0, ""text_block_count"": 1.0, ""text_area_frac"": 0.004124854076867811, ""background_area_frac"": 0.5103846758261494, ""text_share"": 0.008424683365104756, ""text_to_graphic_ratio"": 0.00849626167954197}, ""predicted_score"": 5.298384189605713, ""gain"": 1.29887056350708}]","{""feature"": ""graphic_area_frac"", ""current_value"": 0.4854904700969827, ""suggested_value"": 0.14488246548566117, ""direction"": ""decrease"", ""coupled_feature_updates"": {""graphic_area_frac"": 0.14488246548566117, ""background_area_frac"": 0.8138689937456607, ""text_share"": 0.22161026042224213, ""text_to_graphic_ratio"": 0.28470347070923097}, ""predicted_score"": 6.189547538757324, ""gain"": 2.1900339126586914}",graphic_area_frac,2.1900339126586914,decrease,"['text_area_frac', 'graphic_area_frac', 'word_count', 'mean_text_height_frac']",The model suggests decreasing graphic coverage as the most promising change for this poster.,Largest estimated gain among tested feature-group changes; not a causal diagnosis.
overall_rating-00208,5.287808895111084,"[{""feature"": ""graphic_area_frac"", ""current_value"": 0.2808075398643695, ""suggested_value"": 0.14488246548566117, ""direction"": ""decrease"", ""coupled_feature_updates"": {""graphic_area_frac"": 0.14488246548566117, ""background_area_frac"": 0.8391245336895589, ""text_share"": 0.09941230438405275, ""text_to_graphic_ratio"": 0.11038603443950096}, ""predicted_score"": 6.1754889488220215, ""gain"": 0.8876800537109375}, {""feature"": ""text_area_frac"", ""current_value"": 0.01599300082478, ""suggested_value"": 0.0011603461371527204, ""direction"": ""decrease"", ""coupled_feature_updates"": {""text_area_frac"": 0.0011603461371527204, ""background_area_frac"": 0.7180321139984778, ""text_share"": 0.004115171247361326, ""text_to_graphic_ratio"": 0.0041321758586438575}, ""predicted_score"": 5.607399940490723, ""gain"": 0.31959104537963867}, {""feature"": ""word_count"", ""current_value"": 3.0, ""suggested_value"": 1.0, ""direction"": ""decrease"", ""coupled_feature_updates"": {""word_count"": 1.0, ""char_count"": 5.0, ""text_block_count"": 1.0, ""text_area_frac"": 0.005331000274926667, ""background_area_frac"": 0.7138614598607038, ""text_share"": 0.018630836210779097, ""text_to_graphic_ratio"": 0.01898453395340292}, ""predicted_score"": 5.49790096282959, ""gain"": 0.21009206771850586}]","{""feature"": ""graphic_area_frac"", ""current_value"": 0.2808075398643695, ""suggested_value"": 0.14488246548566117, ""direction"": ""decrease"", ""coupled_feature_updates"": {""graphic_area_frac"": 0.14488246548566117, ""background_area_frac"": 0.8391245336895589, ""text_share"": 0.09941230438405275, ""text_to_graphic_ratio"": 0.11038603443950096}, ""predicted_score"": 6.1754889488220215, ""gain"": 0.8876800537109375}",graphic_area_frac,0.8876800537109375,decrease,"['text_area_frac', 'graphic_area_frac', 'word_count', 'mean_text_height_frac']",The model suggests decreasing graphic coverage as the most promising change for this poster.,Largest estimated gain among tested feature-group changes; not a causal diagnosis.
overall_rating-00209,3.8280391693115234,"[{""feature"": ""text_area_frac"", ""current_value"": 0.1501312255859375, ""suggested_value"": 0.0011603461371527204, ""direction"": ""decrease"", ""coupled_feature_updates"": {""text_area_frac"": 0.0011603461371527204, ""background_area_frac"": 0.5920708550347222, ""text_share"": 0.002844479614839698, ""text_to_graphic_ratio"": 0.0028525937596384082}, ""predicted_score"": 4.49618673324585, ""gain"": 0.6681475639343262}, {""feature"": ""word_count"", ""current_value"": 19.0, ""suggested_value"": 1.0, ""direction"": ""decrease"", ""coupled_feature_updates"": {""word_count"": 1.0, ""char_count"": 4.0, ""text_block_count"": 1.0, ""text_area_frac"": 0.007901643451891448, ""background_area_frac"": 0.5853295577199835, ""text_share"": 0.01905523675245623, ""text_to_graphic_ratio"": 0.019425392199833368}, ""predicted_score"": 4.19343900680542, ""gain"": 0.3653998374938965}, {""feature"": ""graphic_area_frac"", ""current_value"": 0.406768798828125, ""suggested_value"": 0.8306117266073996, ""direction"": ""increase"", ""coupled_feature_updates"": {""graphic_area_frac"": 0.8306117266073996, ""background_area_frac"": 0.01925704780666293, ""text_share"": 0.153079076683838, ""text_to_graphic_ratio"": 0.18074777995146118}, ""predicted_score"": 4.05750036239624, ""gain"": 0.2294611930847168}]","{""feature"": ""text_area_frac"", ""current_value"": 0.1501312255859375, ""suggested_value"": 0.0011603461371527204, ""direction"": ""decrease"", ""coupled_feature_updates"": {""text_area_frac"": 0.0011603461371527204, ""background_area_frac"": 0.5920708550347222, ""text_share"": 0.002844479614839698, ""text_to_graphic_ratio"": 0.0028525937596384082}, ""predicted_score"": 4.49618673324585, ""gain"": 0.6681475639343262}",text_area_frac,0.6681475639343262,decrease,"['text_area_frac', 'graphic_area_frac', 'word_count', 'mean_text_height_frac']",The model suggests decreasing text coverage as the most promising change for this poster.,Largest estimated gain among tested feature-group changes; not a causal diagnosis.
overall_rating-00210,4.0030131340026855,"[{""feature"": ""graphic_area_frac"", ""current_value"": 0.6610366257694938, ""suggested_value"": 0.14488246548566117, ""direction"": ""decrease"", ""coupled_feature_updates"": {""graphic_area_frac"": 0.14488246548566117, ""background_area_frac"": 0.8180188469288395, ""text_share"": 0.20386005341439134, ""text_to_graphic_ratio"": 0.25606057614453637}, ""predicted_score"": 5.47423791885376, ""gain"": 1.4712247848510742}, {""feature"": ""mean_text_height_frac"", ""current_value"": 0.0339626736111111, ""suggested_value"": 0.00997266006842618, ""direction"": ""decrease"", ""coupled_feature_updates"": {""text_area_frac"": 0.010893506339085392, ""background_area_frac"": 0.3280698678914208, ""text_share"": 0.016212260499317923, ""text_to_graphic_ratio"": 0.016479429300009774, ""mean_text_height_frac"": 0.00997266006842618, ""max_text_height_frac"": 0.03785150211274858, ""text_height_std_frac"": 0.009904684468927897}, ""predicted_score"": 5.32034969329834, ""gain"": 1.3173365592956543}, {""feature"": ""word_count"", ""current_value"": 9.0, ""suggested_value"": 1.0, ""direction"": ""decrease"", ""coupled_feature_updates"": {""word_count"": 1.0, ""char_count"": 4.0, ""text_block_count"": 1.0, ""text_area_frac"": 0.004122076398388811, ""background_area_frac"": 0.33484129783211736, ""text_share"": 0.0061971321805670675, ""text_to_graphic_ratio"": 0.006235776109365226}, ""predicted_score"": 4.998948574066162, ""gain"": 0.9959354400634766}]","{""feature"": ""graphic_area_frac"", ""current_value"": 0.6610366257694938, ""suggested_value"": 0.14488246548566117, ""direction"": ""decrease"", ""coupled_feature_updates"": {""graphic_area_frac"": 0.14488246548566117, ""background_area_frac"": 0.8180188469288395, ""text_share"": 0.20386005341439134, ""text_to_graphic_ratio"": 0.25606057614453637}, ""predicted_score"": 5.47423791885376, ""gain"": 1.4712247848510742}",graphic_area_frac,1.4712247848510742,decrease,"['text_area_frac', 'graphic_area_frac', 'word_count', 'mean_text_height_frac']",The model suggests decreasing graphic coverage as the most promising change for this poster.,Largest estimated gain among tested feature-group changes; not a causal diagnosis.
overall_rating-00211,3.9359304904937744,"[{""feature"": ""mean_text_height_frac"", ""current_value"": 0.06953125, ""suggested_value"": 0.00997266006842618, ""direction"": ""decrease"", ""coupled_feature_updates"": {""text_area_frac"": 0.017296837672285296, ""background_area_frac"": 0.21857039257737276, ""text_share"": 0.022134863470729103, ""text_to_graphic_ratio"": 0.022635906163187496, ""mean_text_height_frac"": 0.00997266006842618, ""max_text_height_frac"": 0.020729686659088125, ""text_height_std_frac"": 0.008783075432224105}, ""predicted_score"": 5.311180114746094, ""gain"": 1.3752496242523193}, {""feature"": ""graphic_area_frac"", ""current_value"": 0.764132769750342, ""suggested_value"": 0.14488246548566117, ""direction"": ""decrease"", ""coupled_feature_updates"": {""graphic_area_frac"": 0.14488246548566117, ""background_area_frac"": 0.7345207492886207, ""text_share"": 0.45426068102334355, ""text_to_graphic_ratio"": 0.8323766773395598}, ""predicted_score"": 5.010242938995361, ""gain"": 1.074312448501587}, {""feature"": ""text_area_frac"", ""current_value"": 0.1205967852257181, ""suggested_value"": 0.0011603461371527204, ""direction"": ""decrease"", ""coupled_feature_updates"": {""text_area_frac"": 0.0011603461371527204, ""background_area_frac"": 0.2347068841125053, ""text_share"": 0.0015162113875898267, ""text_to_graphic_ratio"": 0.001518513775468404}, ""predicted_score"": 4.7798590660095215, ""gain"": 0.8439285755157471}]","{""feature"": ""mean_text_height_frac"", ""current_value"": 0.06953125, ""suggested_value"": 0.00997266006842618, ""direction"": ""decrease"", ""coupled_feature_updates"": {""text_area_frac"": 0.017296837672285296, ""background_area_frac"": 0.21857039257737276, ""text_share"": 0.022134863470729103, ""text_to_graphic_ratio"": 0.022635906163187496, ""mean_text_height_frac"": 0.00997266006842618, ""max_text_height_frac"": 0.020729686659088125, ""text_height_std_frac"": 0.008783075432224105}, ""predicted_score"": 5.311180114746094, ""gain"": 1.3752496242523193}",mean_text_height_frac,1.3752496242523193,decrease,"['text_area_frac', 'graphic_area_frac', 'word_count', 'mean_text_height_frac']",The model suggests decreasing text size as the most promising change for this poster.,Largest estimated gain among tested feature-group changes; not a causal diagnosis.
overall_rating-00212,4.465477466583252,"[{""feature"": ""word_count"", ""current_value"": 23.0, ""suggested_value"": 3.0, ""direction"": ""decrease"", ""coupled_feature_updates"": {""word_count"": 3.0, ""char_count"": 16.0, ""text_block_count"": 1.0, ""text_area_frac"": 0.002930907259263665, ""background_area_frac"": 0.26950731948492235, ""text_share"": 0.00401223357528655, ""text_to_graphic_ratio"": 0.004028396442748711}, ""predicted_score"": 6.157694339752197, ""gain"": 1.6922168731689453}, {""feature"": ""graphic_area_frac"", ""current_value"": 0.727561773255814, ""suggested_value"": 0.14488246548566117, ""direction"": ""decrease"", ""coupled_feature_updates"": {""graphic_area_frac"": 0.14488246548566117, ""background_area_frac"": 0.8326472455266507, ""text_share"": 0.13426901193470625, ""text_to_graphic_ratio"": 0.15509322617036742}, ""predicted_score"": 5.578488826751709, ""gain"": 1.113011360168457}, {""feature"": ""mean_text_height_frac"", ""current_value"": 0.0098505434782608, ""suggested_value"": 0.02085774739583332, ""direction"": ""increase"", ""coupled_feature_updates"": {""text_area_frac"": 0.04757906126204146, ""background_area_frac"": 0.22485916548214457, ""text_share"": 0.06138118280355603, ""text_to_graphic_ratio"": 0.06539521867555904, ""mean_text_height_frac"": 0.02085774739583332, ""max_text_height_frac"": 0.03928808453439321, ""text_height_std_frac"": 0.005813951878628065}, ""predicted_score"": 5.064544677734375, ""gain"": 0.599067211151123}]","{""feature"": ""word_count"", ""current_value"": 23.0, ""suggested_value"": 3.0, ""direction"": ""decrease"", ""coupled_feature_updates"": {""word_count"": 3.0, ""char_count"": 16.0, ""text_block_count"": 1.0, ""text_area_frac"": 0.002930907259263665, ""background_area_frac"": 0.26950731948492235, ""text_share"": 0.00401223357528655, ""text_to_graphic_ratio"": 0.004028396442748711}, ""predicted_score"": 6.157694339752197, ""gain"": 1.6922168731689453}",word_count,1.6922168731689453,decrease,"['text_area_frac', 'graphic_area_frac', 'word_count', 'mean_text_height_frac']",The model suggests decreasing the amount of text as the most promising change for this poster.,Largest estimated gain among tested feature-group changes; not a causal diagnosis.
overall_rating-00213,5.280019283294678,"[{""feature"": ""word_count"", ""current_value"": 22.0, ""suggested_value"": 2.0, ""direction"": ""decrease"", ""coupled_feature_updates"": {""word_count"": 2.0, ""char_count"": 8.0, ""text_block_count"": 1.0, ""text_area_frac"": 0.002006600391134282, ""background_area_frac"": 0.38453007863428945, ""text_share"": 0.0032602736892189494, ""text_to_graphic_ratio"": 0.003270937841803653}, ""predicted_score"": 6.577610015869141, ""gain"": 1.297590732574463}, {""feature"": ""graphic_area_frac"", ""current_value"": 0.6134633209745762, ""suggested_value"": 0.14488246548566117, ""direction"": ""decrease"", ""coupled_feature_updates"": {""graphic_area_frac"": 0.14488246548566117, ""background_area_frac"": 0.8330449302118617, ""text_share"": 0.13220685260104215, ""text_to_graphic_ratio"": 0.15234834821789803}, ""predicted_score"": 5.995570659637451, ""gain"": 0.7155513763427734}, {""feature"": ""text_area_frac"", ""current_value"": 0.0220726043024771, ""suggested_value"": 0.00529463026258678, ""direction"": ""decrease"", ""coupled_feature_updates"": {""text_area_frac"": 0.00529463026258678, ""background_area_frac"": 0.38124204876283696, ""text_share"": 0.008556868242259414, ""text_to_graphic_ratio"": 0.008630720177655423}, ""predicted_score"": 5.615814685821533, ""gain"": 0.33579540252685547}]","{""feature"": ""word_count"", ""current_value"": 22.0, ""suggested_value"": 2.0, ""direction"": ""decrease"", ""coupled_feature_updates"": {""word_count"": 2.0, ""char_count"": 8.0, ""text_block_count"": 1.0, ""text_area_frac"": 0.002006600391134282, ""background_area_frac"": 0.38453007863428945, ""text_share"": 0.0032602736892189494, ""text_to_graphic_ratio"": 0.003270937841803653}, ""predicted_score"": 6.577610015869141, ""gain"": 1.297590732574463}",word_count,1.297590732574463,decrease,"['text_area_frac', 'graphic_area_frac', 'word_count', 'mean_text_height_frac']",The model suggests decreasing the amount of text as the most promising change for this poster.,Largest estimated gain among tested feature-group changes; not a causal diagnosis.
overall_rating-00214,5.0304718017578125,"[{""feature"": ""text_area_frac"", ""current_value"": 0.0840811893857758, ""suggested_value"": 0.00529463026258678, ""direction"": ""decrease"", ""coupled_feature_updates"": {""text_area_frac"": 0.00529463026258678, ""background_area_frac"": 0.33371848036959706, ""text_share"": 0.007946536271220304, ""text_to_graphic_ratio"": 0.008010189532882706}, ""predicted_score"": 5.172267436981201, ""gain"": 0.14179563522338867}, {""feature"": ""word_count"", ""current_value"": 17.0, ""suggested_value"": 31.0, ""direction"": ""increase"", ""coupled_feature_updates"": {""word_count"": 31.0, ""char_count"": 170.0, ""text_block_count"": 13.0, ""text_area_frac"": 0.15332452182112058, ""background_area_frac"": 0.18568858881106332, ""text_share"": 0.18828733051555652, ""text_to_graphic_ratio"": 0.2319630302618617}, ""predicted_score"": 5.078444004058838, ""gain"": 0.04797220230102539}, {""feature"": ""graphic_area_frac"", ""current_value"": 0.6609868893678161, ""suggested_value"": 0.6731167127402558, ""direction"": ""increase"", ""coupled_feature_updates"": {""graphic_area_frac"": 0.6731167127402558, ""background_area_frac"": 0.24280209787396845, ""text_share"": 0.11104255459463877, ""text_to_graphic_ratio"": 0.12491323985031003}, ""predicted_score"": 5.021236419677734, ""gain"": -0.009235382080078125}]","{""feature"": ""text_area_frac"", ""current_value"": 0.0840811893857758, ""suggested_value"": 0.00529463026258678, ""direction"": ""decrease"", ""coupled_feature_updates"": {""text_area_frac"": 0.00529463026258678, ""background_area_frac"": 0.33371848036959706, ""text_share"": 0.007946536271220304, ""text_to_graphic_ratio"": 0.008010189532882706}, ""predicted_score"": 5.172267436981201, ""gain"": 0.14179563522338867}",text_area_frac,0.14179563522338867,decrease,"['text_area_frac', 'graphic_area_frac', 'word_count', 'mean_text_height_frac']",The model suggests decreasing text coverage as the most promising change for this poster.,Largest estimated gain among tested feature-group changes; not a causal diagnosis.
overall_rating-00215,4.747445583343506,"[{""feature"": ""word_count"", ""current_value"": 27.0, ""suggested_value"": 1.0, ""direction"": ""decrease"", ""coupled_feature_updates"": {""word_count"": 1.0, ""char_count"": 6.0, ""text_block_count"": 1.0, ""text_area_frac"": 0.0036039064162941663, ""background_area_frac"": 0.5139419471217805, ""text_share"": 0.007414559629150132, ""text_to_graphic_ratio"": 0.007469945989112941}, ""predicted_score"": 5.32114839553833, ""gain"": 0.5737028121948242}, {""feature"": ""text_area_frac"", ""current_value"": 0.0973054732399425, ""suggested_value"": 0.00529463026258678, ""direction"": ""decrease"", ""coupled_feature_updates"": {""text_area_frac"": 0.00529463026258678, ""background_area_frac"": 0.5122512232754879, ""text_share"": 0.010855240474702958, ""text_to_graphic_ratio"": 0.01097436989901511}, ""predicted_score"": 5.240962982177734, ""gain"": 0.4935173988342285}, {""feature"": ""mean_text_height_frac"", ""current_value"": 0.0234736689814814, ""suggested_value"": 0.07097372555865916, ""direction"": ""increase"", ""coupled_feature_updates"": {""text_area_frac"": 0.2942076059151829, ""background_area_frac"": 0.22333824762289178, ""text_share"": 0.3788104731753681, ""text_to_graphic_ratio"": 0.609814648858866, ""mean_text_height_frac"": 0.07097372555865916, ""max_text_height_frac"": 0.22735651068790896, ""text_height_std_frac"": 0.03943040733376274}, ""predicted_score"": 5.166684150695801, ""gain"": 0.4192385673522949}]","{""feature"": ""word_count"", ""current_value"": 27.0, ""suggested_value"": 1.0, ""direction"": ""decrease"", ""coupled_feature_updates"": {""word_count"": 1.0, ""char_count"": 6.0, ""text_block_count"": 1.0, ""text_area_frac"": 0.0036039064162941663, ""background_area_frac"": 0.5139419471217805, ""text_share"": 0.007414559629150132, ""text_to_graphic_ratio"": 0.007469945989112941}, ""predicted_score"": 5.32114839553833, ""gain"": 0.5737028121948242}",word_count,0.5737028121948242,decrease,"['text_area_frac', 'graphic_area_frac', 'word_count', 'mean_text_height_frac']",The model suggests decreasing the amount of text as the most promising change for this poster.,Largest estimated gain among tested feature-group changes; not a causal diagnosis.
overall_rating-00216,5.144676685333252,"[{""feature"": ""word_count"", ""current_value"": 24.0, ""suggested_value"": 1.0, ""direction"": ""decrease"", ""coupled_feature_updates"": {""word_count"": 1.0, ""char_count"": 5.0, ""text_block_count"": 1.0, ""text_area_frac"": 0.0025256567146438418, ""background_area_frac"": 0.24306833101011405, ""text_share"": 0.0033367037185989233, ""text_to_graphic_ratio"": 0.0033478745841733376}, ""predicted_score"": 5.6972455978393555, ""gain"": 0.5525689125061035}, {""feature"": ""text_area_frac"", ""current_value"": 0.0606157611514522, ""suggested_value"": 0.00529463026258678, ""direction"": ""decrease"", ""coupled_feature_updates"": {""text_area_frac"": 0.00529463026258678, ""background_area_frac"": 0.24029935746217113, ""text_share"": 0.006969363939063849, ""text_to_graphic_ratio"": 0.00701827686475947}, ""predicted_score"": 5.450695037841797, ""gain"": 0.3060183525085449}, {""feature"": ""mean_text_height_frac"", ""current_value"": 0.0219319661458333, ""suggested_value"": 0.0182004182235054, ""direction"": ""decrease"", ""coupled_feature_updates"": {""text_area_frac"": 0.05030247614631379, ""background_area_frac"": 0.19529151157844415, ""text_share"": 0.06251018458247237, ""text_to_graphic_ratio"": 0.06667825458416565, ""mean_text_height_frac"": 0.0182004182235054, ""max_text_height_frac"": 0.0518661268855368, ""text_height_std_frac"": 0.011035098030947913}, ""predicted_score"": 5.410958290100098, ""gain"": 0.2662816047668457}]","{""feature"": ""word_count"", ""current_value"": 24.0, ""suggested_value"": 1.0, ""direction"": ""decrease"", ""coupled_feature_updates"": {""word_count"": 1.0, ""char_count"": 5.0, ""text_block_count"": 1.0, ""text_area_frac"": 0.0025256567146438418, ""background_area_frac"": 0.24306833101011405, ""text_share"": 0.0033367037185989233, ""text_to_graphic_ratio"": 0.0033478745841733376}, ""predicted_score"": 5.6972455978393555, ""gain"": 0.5525689125061035}",word_count,0.5525689125061035,decrease,"['text_area_frac', 'graphic_area_frac', 'word_count', 'mean_text_height_frac']",The model suggests decreasing the amount of text as the most promising change for this poster.,Largest estimated gain among tested feature-group changes; not a causal diagnosis.
overall_rating-00217,4.515797138214111,"[{""feature"": ""text_area_frac"", ""current_value"": 0.0403566360473632, ""suggested_value"": 0.0011603461371527204, ""direction"": ""decrease"", ""coupled_feature_updates"": {""text_area_frac"": 0.0011603461371527204, ""background_area_frac"": 0.14344624413384333, ""text_share"": 0.0013546682029073184, ""text_to_graphic_ratio"": 0.0013565058182063014}, ""predicted_score"": 4.762248992919922, ""gain"": 0.24645185470581055}, {""feature"": ""mean_text_height_frac"", ""current_value"": 0.029296875, ""suggested_value"": 0.00997266006842618, ""direction"": ""decrease"", ""coupled_feature_updates"": {""text_area_frac"": 0.013737404170429353, ""background_area_frac"": 0.13086918610056675, ""text_share"": 0.015805910860294158, ""text_to_graphic_ratio"": 0.016059749834618765, ""mean_text_height_frac"": 0.00997266006842618, ""max_text_height_frac"": 0.0242668061665037, ""text_height_std_frac"": 0.007176004781338809}, ""predicted_score"": 4.632213592529297, ""gain"": 0.11641645431518555}, {""feature"": ""word_count"", ""current_value"": 5.0, ""suggested_value"": 1.0, ""direction"": ""decrease"", ""coupled_feature_updates"": {""word_count"": 1.0, ""char_count"": 8.0, ""text_block_count"": 1.0, ""text_area_frac"": 0.00807132720947264, ""background_area_frac"": 0.13653526306152342, ""text_share"": 0.009347604904041075, ""text_to_graphic_ratio"": 0.009435807100769817}, ""predicted_score"": 4.588369369506836, ""gain"": 0.07257223129272461}]","{""feature"": ""text_area_frac"", ""current_value"": 0.0403566360473632, ""suggested_value"": 0.0011603461371527204, ""direction"": ""decrease"", ""coupled_feature_updates"": {""text_area_frac"": 0.0011603461371527204, ""background_area_frac"": 0.14344624413384333, ""text_share"": 0.0013546682029073184, ""text_to_graphic_ratio"": 0.0013565058182063014}, ""predicted_score"": 4.762248992919922, ""gain"": 0.24645185470581055}",text_area_frac,0.24645185470581055,decrease,"['text_area_frac', 'graphic_area_frac', 'word_count', 'mean_text_height_frac']",The model suggests decreasing text coverage as the most promising change for this poster.,Largest estimated gain among tested feature-group changes; not a causal diagnosis.
overall_rating-00218,3.7838268280029297,"[{""feature"": ""text_area_frac"", ""current_value"": 0.0936822891235351, ""suggested_value"": 0.0011603461371527204, ""direction"": ""decrease"", ""coupled_feature_updates"": {""text_area_frac"": 0.0011603461371527204, ""background_area_frac"": 0.5842087639702691, ""text_share"": 0.002790694070977847, ""text_to_graphic_ratio"": 0.00279850383904909}, ""predicted_score"": 4.560414791107178, ""gain"": 0.776587963104248}, {""feature"": ""word_count"", ""current_value"": 11.0, ""suggested_value"": 1.0, ""direction"": ""decrease"", ""coupled_feature_updates"": {""word_count"": 1.0, ""char_count"": 5.0, ""text_block_count"": 1.0, ""text_area_frac"": 0.008516571738503191, ""background_area_frac"": 0.5768525383689187, ""text_share"": 0.020126722976606948, ""text_to_graphic_ratio"": 0.020540128451861487}, ""predicted_score"": 4.2829389572143555, ""gain"": 0.4991121292114258}, {""feature"": ""graphic_area_frac"", ""current_value"": 0.4146308898925781, ""suggested_value"": 0.8306117266073996, ""direction"": ""increase"", ""coupled_feature_updates"": {""graphic_area_frac"": 0.8306117266073996, ""background_area_frac"": 0.07570598426906527, ""text_share"": 0.10135550758645867, ""text_to_graphic_ratio"": 0.11278710150912108}, ""predicted_score"": 4.26786994934082, ""gain"": 0.4840431213378906}]","{""feature"": ""text_area_frac"", ""current_value"": 0.0936822891235351, ""suggested_value"": 0.0011603461371527204, ""direction"": ""decrease"", ""coupled_feature_updates"": {""text_area_frac"": 0.0011603461371527204, ""background_area_frac"": 0.5842087639702691, ""text_share"": 0.002790694070977847, ""text_to_graphic_ratio"": 0.00279850383904909}, ""predicted_score"": 4.560414791107178, ""gain"": 0.776587963104248}",text_area_frac,0.776587963104248,decrease,"['text_area_frac', 'graphic_area_frac', 'word_count', 'mean_text_height_frac']",The model suggests decreasing text coverage as the most promising change for this poster.,Largest estimated gain among tested feature-group changes; not a causal diagnosis.
